id	custom_label_3	custom_label_4	excluded_destination	custom_label_1	custom_label_2	custom_label_0
000001162	dup:Гарбуз					
000002843	dup:Гарбуз		Shopping_ads	season_off		
000003204	dup:Гарбуз					
000003378			Shopping_ads	ne_v_nayavnosti		
000003379						prybutok
000004675	dup:Гарбуз					prybutok
000004676	dup:Гарбуз					prybutok
000004677	dup:Гарбуз					prybutok
000004678	dup:Гарбуз		Shopping_ads	ne_v_nayavnosti		prybutok
000004679	dup:Гарбуз					prybutok
000004680	dup:Гарбуз					prybutok
000004681	dup:Гарбуз					prybutok
00000969	dup:Гарбуз					
000023774	dup:Гарбуз		Shopping_ads	season_off		
0001	dup:Гарбуз					stop
0003						prybutok
0010						prybutok
0011			Shopping_ads	ne_v_nayavnosti		
0013					bez_foto	
0015			Shopping_ads	ne_v_nayavnosti		stop
0016			Shopping_ads	ne_v_nayavnosti		
0020						stop
0022						prybutok
0026			Shopping_ads	ne_v_nayavnosti		
0028	dup:Гарбуз					
0029	dup:Гарбуз					
0031						prybutok
0033						stop
0034						prybutok
0035			Shopping_ads	season_off		
0036	dup:Гарбуз		Shopping_ads	season_off		
0037	dup:Гарбуз		Shopping_ads	season_off		
0038	dup:Гарбуз		Shopping_ads	season_off		
0039	dup:Тиква		Shopping_ads	ne_v_nayavnosti		
0040			Shopping_ads	ne_v_nayavnosti		
0041			Shopping_ads	season_off		prybutok
0042			Shopping_ads	season_off		
0043			Shopping_ads	season_off		
0044			Shopping_ads	season_off		
0045			Shopping_ads	season_off		prybutok
0046			Shopping_ads	season_off		
0047			Shopping_ads	season_off		
0048	dup:Гарбуз		Shopping_ads	season_off		
0049						prybutok
0050	dup:Гарбуз		Shopping_ads	season_off		
0051			Shopping_ads	ne_v_nayavnosti		
0053	dup:Гарбуз					prybutok
0054	dup:Гарбуз					
0066						prybutok
0067	dup:Гарбуз					prybutok
0068						prybutok
0069						prybutok
0073	dup:Гарбуз					
0074						prybutok
0075	dup:Гарбуз					
0079						prybutok
0081						prybutok
0082						stop
0083	dup:Гарбуз					
0087			Shopping_ads	ne_v_nayavnosti		
0088			Shopping_ads	ne_v_nayavnosti		
0090			Shopping_ads	ne_v_nayavnosti		
0092	dup:Гарбуз					prybutok
0093	dup:Едім		Shopping_ads	ne_v_nayavnosti		
0094	dup:Гарбуз					prybutok
0096			Shopping_ads	season_off		prybutok
0097			Shopping_ads	season_off		prybutok
0099	dup:Гарбуз		Shopping_ads	season_off		prybutok
01-17-005	dup:Гарбуз					
01-21-002	dup:Гарбуз					
0100	dup:Гарбуз		Shopping_ads	season_off		
0101	dup:Гарбуз		Shopping_ads	season_off		
0101913	dup:Гарбуз		Shopping_ads	season_off		
0102	dup:Гарбуз		Shopping_ads	season_off		
0102635	dup:Гарбуз		Shopping_ads	season_off		
0102727	dup:Гарбуз		Shopping_ads	season_off		
0103	dup:Гарбуз		Shopping_ads	season_off		
0103411	dup:Гарбуз		Shopping_ads	season_off		
0104	dup:Гарбуз		Shopping_ads	season_off		
0104153	dup:Гарбуз		Shopping_ads	season_off		
0104175	dup:Гарбуз		Shopping_ads	season_off		
0104182	dup:Гарбуз		Shopping_ads	season_off		
0104192	dup:Гарбуз		Shopping_ads	season_off		
0104203	dup:Гарбуз		Shopping_ads	season_off		
0104225	dup:Гарбуз		Shopping_ads	season_off		
0104238	dup:Гарбуз		Shopping_ads	season_off		
0104286	dup:Гарбуз		Shopping_ads	season_off		
0104342	dup:Гарбуз		Shopping_ads	season_off		
0104353	dup:Гарбуз		Shopping_ads	season_off		
0104354	dup:Гарбуз		Shopping_ads	season_off		
0104356	dup:Гарбуз		Shopping_ads	season_off		
0104378	dup:Гарбуз		Shopping_ads	season_off		
0104473	dup:Гарбуз		Shopping_ads	season_off		
0104479	dup:Гарбуз		Shopping_ads	season_off		
0104489	dup:Гарбуз		Shopping_ads	season_off		
0104493	dup:Гарбуз		Shopping_ads	season_off		
0104547	dup:Гарбуз		Shopping_ads	season_off		prybutok
0104672	dup:Гарбуз		Shopping_ads	season_off		
0104695	dup:Гарбуз		Shopping_ads	season_off		
0104715	dup:Гарбуз		Shopping_ads	season_off		
0104720	dup:Гарбуз		Shopping_ads	season_off		
0104773	dup:Гарбуз		Shopping_ads	season_off		
0104827	dup:Гарбуз		Shopping_ads	season_off		
0104848	dup:Гарбуз		Shopping_ads	season_off		
0104860	dup:Гарбуз		Shopping_ads	season_off		
0104921	dup:Гарбуз		Shopping_ads	season_off		
0104964	dup:Гарбуз		Shopping_ads	season_off		
0105			Shopping_ads	ne_v_nayavnosti		
0105005	dup:Гарбуз		Shopping_ads	season_off		
0105023	dup:Гарбуз		Shopping_ads	season_off		
0105066	dup:Гарбуз		Shopping_ads	season_off		
0105080	dup:Гарбуз		Shopping_ads	season_off		
0105238	dup:Гарбуз		Shopping_ads	season_off		
0105260			Shopping_ads	season_off		
0105272	dup:Гарбуз		Shopping_ads	season_off		
0105289	dup:Гарбуз		Shopping_ads	season_off		
0105331	dup:Гарбуз		Shopping_ads	season_off		
0105338	dup:Гарбуз		Shopping_ads	season_off		
0105389	dup:Гарбуз		Shopping_ads	season_off		
0105394	dup:Гарбуз		Shopping_ads	season_off		
0105424			Shopping_ads	season_off		
0105431	dup:Гарбуз		Shopping_ads	season_off		
0105480	dup:Гарбуз		Shopping_ads	season_off		
0105485	dup:Гарбуз		Shopping_ads	season_off		
0105582	dup:Гарбуз		Shopping_ads	season_off		
0105630	dup:Гарбуз		Shopping_ads	season_off		
0105633	dup:Гарбуз					prybutok
0106			Shopping_ads	season_off		
0106477	dup:Гарбуз		Shopping_ads	season_off		
0107397	dup:Гарбуз		Shopping_ads	season_off		
0107471	dup:Гарбуз		Shopping_ads	season_off		
0107562	dup:Гарбуз		Shopping_ads	season_off		
0107844	dup:Гарбуз		Shopping_ads	season_off		
0107894	dup:Гарбуз		Shopping_ads	season_off		
0108	dup:Гарбуз		Shopping_ads	ne_v_nayavnosti		
0108048	dup:Гарбуз		Shopping_ads	season_off		
0108060	dup:Гарбуз		Shopping_ads	season_off		
0108155	dup:Гарбуз		Shopping_ads	season_off		
0108208	dup:Гарбуз		Shopping_ads	season_off		
0108209	dup:Гарбуз		Shopping_ads	season_off		
0108273	dup:Гарбуз		Shopping_ads	season_off		
0108763	dup:Гарбуз		Shopping_ads	season_off		
0108782	dup:Гарбуз		Shopping_ads	season_off		prybutok
0108783	dup:Гарбуз		Shopping_ads	season_off		prybutok
0108938	dup:Гарбуз					
0108951	dup:Гарбуз		Shopping_ads	season_off		
0109						prybutok
0109082	dup:Гарбуз		Shopping_ads	season_off		
0110	dup:Гарбуз					
0111	dup:Гарбуз					
0112			Shopping_ads	ne_v_nayavnosti		
0115			Shopping_ads	ne_v_nayavnosti		
0116	dup:Гарбуз					prybutok
0117	dup:Гарбуз		Shopping_ads	ne_v_nayavnosti		
0118			Shopping_ads	ne_v_nayavnosti		
0120			Shopping_ads	ne_v_nayavnosti		prybutok
0121			Shopping_ads	ne_v_nayavnosti		
0122	dup:Гарбуз		Shopping_ads	ne_v_nayavnosti		
0123			Shopping_ads	ne_v_nayavnosti		
0124			Shopping_ads	ne_v_nayavnosti		
0125			Shopping_ads	ne_v_nayavnosti		
0126			Shopping_ads	season_off		
0127	dup:Гарбуз					
0129			Shopping_ads	ne_v_nayavnosti		
0130			Shopping_ads	ne_v_nayavnosti		
0131			Shopping_ads	ne_v_nayavnosti		
0132			Shopping_ads	ne_v_nayavnosti		
0133			Shopping_ads	ne_v_nayavnosti		
0134			Shopping_ads	ne_v_nayavnosti		
0139			Shopping_ads	ne_v_nayavnosti		
0145			Shopping_ads	ne_v_nayavnosti		
0146			Shopping_ads	ne_v_nayavnosti		
0147			Shopping_ads	ne_v_nayavnosti		
0149			Shopping_ads	ne_v_nayavnosti		
0150			Shopping_ads	ne_v_nayavnosti	bez_foto	
0151			Shopping_ads	ne_v_nayavnosti		
0152			Shopping_ads	ne_v_nayavnosti		
0153			Shopping_ads	ne_v_nayavnosti		
0154			Shopping_ads	ne_v_nayavnosti		
0176			Shopping_ads	ne_v_nayavnosti		prybutok
0177	dup:Гарбуз					prybutok
0178						prybutok
0179			Shopping_ads	ne_v_nayavnosti		prybutok
0183			Shopping_ads	season_off		
0184			Shopping_ads	season_off		
0185			Shopping_ads	season_off		prybutok
0186			Shopping_ads	season_off		prybutok
0187			Shopping_ads	ne_v_nayavnosti		
0188			Shopping_ads	season_off		
0189			Shopping_ads	season_off		
0191			Shopping_ads	season_off		
0192			Shopping_ads	season_off		
0193			Shopping_ads	ne_v_nayavnosti		prybutok
0194			Shopping_ads	ne_v_nayavnosti		
0195			Shopping_ads	season_off		
0196			Shopping_ads	season_off		
0197			Shopping_ads	season_off		
0198			Shopping_ads	season_off		
0199			Shopping_ads	season_off		
02-004						prybutok
02-020	dup:Гарбуз					prybutok
02-021	dup:Гарбуз					prybutok
0200			Shopping_ads	season_off		
0201			Shopping_ads	season_off		
0208						prybutok
0210						prybutok
0212						prybutok
0213						prybutok
0220	dup:Гарбуз					prybutok
0221	dup:Гарбуз					
0222	dup:Гарбуз					
0223	dup:Гарбуз					
0225	dup:Гарбуз					prybutok
0226	dup:Гарбуз					
0227	dup:Гарбуз					
0228	dup:Гарбуз					prybutok
0229	dup:Гарбуз					
0230	dup:Гарбуз					
0231	dup:Гарбуз					
0232	dup:Гарбуз					
0233	dup:Гарбуз					
0235	dup:Гарбуз					
0236	dup:Гарбуз					
0237	dup:Гарбуз					
0240	dup:Гарбуз					
0241						prybutok
0242	dup:Гарбуз					prybutok
0243	dup:Гарбуз					
0244						prybutok
0247						prybutok
0248		ads_zero				
0249	dup:Гарбуз					cina
0250	dup:Гарбуз					prybutok
0252			Shopping_ads	ne_v_nayavnosti		
0253	dup:Гарбуз					
0254	dup:Гарбуз					
0257	dup:Гарбуз					
0258	dup:Гарбуз					
0259	dup:Гарбуз					
0260	dup:Гарбуз					
0261	dup:Гарбуз					
0264	dup:Гарбуз					
0265	dup:Гарбуз					
0267	dup:Гарбуз					
0268	dup:Гарбуз					
0270	dup:Гарбуз					
0271	dup:Гарбуз					
0272	dup:Гарбуз					prybutok
0273						prybutok
0274	dup:Гарбуз					
0277	dup:Гарбуз					prybutok
0278						prybutok
0280	dup:Гарбуз					
0281	dup:Гарбуз					prybutok
0282	dup:Гарбуз					
0283						prybutok
0286			Shopping_ads	ne_v_nayavnosti		prybutok
0287						prybutok
0288			Shopping_ads	season_off		prybutok
0291	dup:Гарбуз					
0292	dup:Гарбуз					prybutok
0294						prybutok
0295			Shopping_ads	season_off		prybutok
0296			Shopping_ads	ne_v_nayavnosti		
0297			Shopping_ads	ne_v_nayavnosti		stop
0298			Shopping_ads	ne_v_nayavnosti		
0299	dup:Гарбуз		Shopping_ads	ne_v_nayavnosti		
03-009	dup:Гарбуз					
03-010	dup:Гарбуз					
03-012	dup:Гарбуз					
0300			Shopping_ads	ne_v_nayavnosti		
0301			Shopping_ads	ne_v_nayavnosti		
0302			Shopping_ads	ne_v_nayavnosti		
0306	dup:Гарбуз		Shopping_ads	ne_v_nayavnosti		
0307	dup:Гарбуз					
0308			Shopping_ads	ne_v_nayavnosti		
0312						stop
0313		ads_zero				stop
0314	dup:Едім		Shopping_ads	ne_v_nayavnosti		
0317	dup:Гарбуз					
0318	dup:Гарбуз					
0331			Shopping_ads	ne_v_nayavnosti		
0332	dup:Гарбуз					stop
0333			Shopping_ads	ne_v_nayavnosti		
0334			Shopping_ads	ne_v_nayavnosti		
0335			Shopping_ads	ne_v_nayavnosti		
0336						prybutok
0337			Shopping_ads	ne_v_nayavnosti		
0338			Shopping_ads	ne_v_nayavnosti		
0339			Shopping_ads	ne_v_nayavnosti		
0340	dup:Гарбуз					
0341	dup:Гарбуз		Shopping_ads	ne_v_nayavnosti		
0342		ads_zero				
0345	dup:Гарбуз					
0346	dup:Гарбуз		Shopping_ads	ne_v_nayavnosti	bez_foto	
0356						prybutok
0357						prybutok
0358						prybutok
0359			Shopping_ads	season_off		
0360			Shopping_ads	ne_v_nayavnosti		
0361			Shopping_ads	ne_v_nayavnosti		
0362			Shopping_ads	ne_v_nayavnosti		
0363						prybutok
0365						prybutok
0367						prybutok
0368						prybutok
0369	dup:Гарбуз		Shopping_ads	season_off		
0370	dup:Гарбуз		Shopping_ads	season_off		
0371			Shopping_ads	season_off		
0372			Shopping_ads	ne_v_nayavnosti		
0373			Shopping_ads	season_off		prybutok
0374	dup:Гарбуз		Shopping_ads	season_off		
0377						prybutok
0378						prybutok
0380						prybutok
0396			Shopping_ads	ne_v_nayavnosti		prybutok
0397			Shopping_ads	ne_v_nayavnosti		
0398			Shopping_ads	season_off		
0399			Shopping_ads	season_off		prybutok
04-005	dup:Гарбуз					
04-006	dup:Гарбуз					prybutok
0400			Shopping_ads	season_off		
0401			Shopping_ads	ne_v_nayavnosti		
0402			Shopping_ads	season_off		prybutok
0403			Shopping_ads	season_off		
0404			Shopping_ads	ne_v_nayavnosti		
0405			Shopping_ads	ne_v_nayavnosti		cina
0406			Shopping_ads	season_off		
0410			Shopping_ads	season_off		
0411			Shopping_ads	season_off		
0412			Shopping_ads	season_off		
0413			Shopping_ads	season_off		
0414			Shopping_ads	season_off		
0415			Shopping_ads	season_off		
0416			Shopping_ads	season_off		
0417			Shopping_ads	season_off		
0418			Shopping_ads	season_off		
0419			Shopping_ads	season_off		
0420			Shopping_ads	season_off		
0421	dup:Гарбуз		Shopping_ads	season_off		
0422			Shopping_ads	ne_v_nayavnosti		prybutok
0423			Shopping_ads	season_off		prybutok
0424			Shopping_ads	season_off		
0425			Shopping_ads	season_off		prybutok
0428	dup:Гарбуз					
0429	dup:Гарбуз					
0430	dup:Гарбуз					
0431	dup:Гарбуз					
0432	dup:Гарбуз					
0435			Shopping_ads	ne_v_nayavnosti		
0437	dup:Гарбуз					
0438			Shopping_ads	season_off		
0439			Shopping_ads	season_off		
0440			Shopping_ads	season_off		
0441			Shopping_ads	season_off		
0442			Shopping_ads	ne_v_nayavnosti		
0443			Shopping_ads	season_off		
0444			Shopping_ads	season_off		
0445			Shopping_ads	ne_v_nayavnosti		
0446			Shopping_ads	season_off		
0447			Shopping_ads	season_off		
0448			Shopping_ads	season_off		
0449			Shopping_ads	season_off		
0450			Shopping_ads	season_off		
0452			Shopping_ads	season_off		
0454	dup:Гарбуз		Shopping_ads	season_off		
0455	dup:Гарбуз		Shopping_ads	season_off		
0456	dup:Гарбуз		Shopping_ads	season_off		
0457			Shopping_ads	season_off		prybutok
0458		ads_zero				prybutok
0459	dup:Гарбуз		Shopping_ads	season_off		prybutok
0460	dup:Гарбуз		Shopping_ads	season_off		prybutok
0462			Shopping_ads	season_off		
0463			Shopping_ads	season_off		
0464			Shopping_ads	ne_v_nayavnosti		
0465			Shopping_ads	ne_v_nayavnosti		
0470						prybutok
0471	dup:Гарбуз					prybutok
0472	dup:Гарбуз					
0473	dup:Гарбуз					
0474	dup:Гарбуз					
0475	dup:Гарбуз					prybutok
0476	dup:Гарбуз		Shopping_ads	season_off		
0477	dup:Гарбуз		Shopping_ads	season_off		
0478	dup:Гарбуз		Shopping_ads	season_off		
0479	dup:Гарбуз		Shopping_ads	ne_v_nayavnosti		
0480			Shopping_ads	ne_v_nayavnosti		
0481			Shopping_ads	season_off		
0482			Shopping_ads	season_off		
0483			Shopping_ads	season_off		
0484			Shopping_ads	season_off		
0485	dup:Гарбуз		Shopping_ads	season_off		
0486	dup:Гарбуз		Shopping_ads	season_off		
0488			Shopping_ads	ne_v_nayavnosti		
0489	dup:Гарбуз		Shopping_ads	ne_v_nayavnosti		
0490			Shopping_ads	ne_v_nayavnosti		
0492	dup:Гарбуз					prybutok
0494	dup:Гарбуз					
0495			Shopping_ads	ne_v_nayavnosti		
0496			Shopping_ads	ne_v_nayavnosti		
0497	dup:Гарбуз					
0498	dup:Гарбуз					prybutok
05-003	dup:Гарбуз					
05-007	dup:Гарбуз					
0500	dup:Гарбуз		Shopping_ads	ne_v_nayavnosti		
0502	dup:Гарбуз		Shopping_ads	ne_v_nayavnosti		
0503	dup:Тиква		Shopping_ads	ne_v_nayavnosti		
0504			Shopping_ads	ne_v_nayavnosti		
0505	dup:Гарбуз					
0507	dup:Гарбуз					
0508	dup:Гарбуз					
0509	dup:Гарбуз		Shopping_ads	ne_v_nayavnosti		
0510	dup:Гарбуз					
0511	dup:Гарбуз					prybutok
0512	dup:Гарбуз					
0513	dup:Тиква		Shopping_ads	ne_v_nayavnosti		
0514	dup:Гарбуз					
0515	dup:Гарбуз					
0516	dup:Гарбуз					
0517	dup:Гарбуз		Shopping_ads	ne_v_nayavnosti		
0518	dup:Тиква		Shopping_ads	ne_v_nayavnosti		
0519			Shopping_ads	ne_v_nayavnosti		
0520	dup:Гарбуз					
0521	dup:Гарбуз					
0522	dup:Гарбуз					
0523						prybutok
0525	dup:Гарбуз		Shopping_ads	ne_v_nayavnosti		
0526	dup:Гарбуз		Shopping_ads	ne_v_nayavnosti		
0527	dup:Гарбуз					
0528	dup:Гарбуз					prybutok
0529	dup:Гарбуз					
0530	dup:Гарбуз					prybutok
0531	dup:Гарбуз					
0532	dup:Гарбуз		Shopping_ads	ne_v_nayavnosti		
0533	dup:Гарбуз					
0537	dup:Гарбуз					
0538		ads_zero				stop
0539	dup:Гарбуз					
0540	dup:Гарбуз					
0541	dup:Гарбуз					
0543		ads_zero				stop
0546	dup:Гарбуз					
0547	dup:Гарбуз					
0548	dup:Гарбуз					
0549	dup:Едім		Shopping_ads	ne_v_nayavnosti		
0550	dup:Гарбуз					
0552	dup:Гарбуз					
0553	dup:Гарбуз					
0554	dup:Гарбуз					
0555	dup:Гарбуз					
0556	dup:Гарбуз					
0557	dup:Гарбуз					
0558	dup:Гарбуз					prybutok
0559	dup:Тиква		Shopping_ads	ne_v_nayavnosti		
0560	dup:Гарбуз					
0561	dup:Гарбуз		Shopping_ads	ne_v_nayavnosti		
0562	dup:Гарбуз					
0563	dup:Гарбуз					prybutok
0564			Shopping_ads	ne_v_nayavnosti		
0565	dup:Тиква		Shopping_ads	ne_v_nayavnosti		
0567	dup:Гарбуз					
0568	dup:Гарбуз					
0570	dup:Гарбуз					prybutok
0571			Shopping_ads	ne_v_nayavnosti		
0572	dup:Гарбуз					
0573			Shopping_ads	ne_v_nayavnosti		
0574	dup:Гарбуз					
0575	dup:Гарбуз					
0576	dup:Гарбуз					
0577	dup:Гарбуз					
0578	dup:Гарбуз					prybutok
0579	dup:Гарбуз					
0580	dup:Гарбуз					
0581	dup:Гарбуз					
0582	dup:Гарбуз					
0587	dup:Гарбуз					
0588	dup:Гарбуз					
0589	dup:Гарбуз					
0591	dup:Гарбуз					
0592	dup:Гарбуз					
0593	dup:Гарбуз					
0594	dup:Едім		Shopping_ads	ne_v_nayavnosti		
0595	dup:Гарбуз					
0596	dup:Едім		Shopping_ads	ne_v_nayavnosti		
0597	dup:Гарбуз					
0599	dup:Гарбуз					
0600	dup:Гарбуз					prybutok
0601	dup:Гарбуз	ads_zero				prybutok
0602	dup:Гарбуз					
0603	dup:Гарбуз					
0604	dup:Тиква		Shopping_ads	ne_v_nayavnosti		
0605	dup:Гарбуз					
0606	dup:Гарбуз					
0607	dup:Гарбуз					
0608	dup:Гарбуз					prybutok
0610	dup:Гарбуз					
0611	dup:Гарбуз					prybutok
0612	dup:Гарбуз					
0613			Shopping_ads	ne_v_nayavnosti		
0614	dup:Гарбуз		Shopping_ads	ne_v_nayavnosti		
0616	dup:Гарбуз					
0617	dup:Гарбуз					
0618	dup:Гарбуз		Shopping_ads	season_off		prybutok
0619			Shopping_ads	ne_v_nayavnosti		prybutok
0620			Shopping_ads	ne_v_nayavnosti		
0622			Shopping_ads	ne_v_nayavnosti		
0623	dup:Гарбуз					
0624			Shopping_ads	ne_v_nayavnosti		
0625	dup:Гарбуз					
0626	dup:Гарбуз					
0627	dup:Гарбуз					
0628	dup:Гарбуз					
0629	dup:Гарбуз					
0630	dup:Гарбуз					
0631			Shopping_ads	ne_v_nayavnosti		
0632	dup:Гарбуз					stop
0633	dup:Гарбуз		Shopping_ads	ne_v_nayavnosti		stop
0634			Shopping_ads	ne_v_nayavnosti		
0635			Shopping_ads	ne_v_nayavnosti		stop
0636	dup:Гарбуз		Shopping_ads	ne_v_nayavnosti		stop
0637			Shopping_ads	ne_v_nayavnosti		
0638			Shopping_ads	ne_v_nayavnosti		
0639			Shopping_ads	ne_v_nayavnosti		
0640			Shopping_ads	ne_v_nayavnosti		
0641	dup:Гарбуз					
0642	dup:Гарбуз					
0643	dup:Гарбуз					
0644	dup:Гарбуз					
0645	dup:Гарбуз					
0646	dup:Гарбуз					
0647	dup:Гарбуз					
0648	dup:Гарбуз					
0649	dup:Гарбуз					prybutok
0650	dup:Гарбуз					prybutok
0651	dup:Гарбуз		Shopping_ads	ne_v_nayavnosti		
0652	dup:Гарбуз					
0653			Shopping_ads	ne_v_nayavnosti		
0654			Shopping_ads	ne_v_nayavnosti		
0655			Shopping_ads	ne_v_nayavnosti		
0656	dup:Гарбуз		Shopping_ads	ne_v_nayavnosti		
0657			Shopping_ads	ne_v_nayavnosti		
0658	dup:Гарбуз		Shopping_ads	ne_v_nayavnosti		
0659			Shopping_ads	ne_v_nayavnosti		
0660	dup:Гарбуз		Shopping_ads	ne_v_nayavnosti		
0661	dup:Гарбуз		Shopping_ads	ne_v_nayavnosti		prybutok
0663	dup:Гарбуз					
0664	dup:Гарбуз					
0665	dup:Гарбуз					
0666	dup:Гарбуз		Shopping_ads	ne_v_nayavnosti		
0667	dup:Гарбуз		Shopping_ads	ne_v_nayavnosti		
0672						prybutok
0673			Shopping_ads	ne_v_nayavnosti		
0675	dup:Гарбуз		Shopping_ads	season_off		
0676	dup:Гарбуз					
0677	dup:Гарбуз					
0678	dup:Гарбуз		Shopping_ads	season_off		
0679	dup:Гарбуз		Shopping_ads	season_off		
0680	dup:Гарбуз					
0681	dup:Гарбуз					
0682	dup:Гарбуз					
0683	dup:Гарбуз					
0684	dup:Гарбуз					
0685	dup:Гарбуз					
0686	dup:Гарбуз					prybutok
0687	dup:Гарбуз					
0688	dup:Гарбуз					
0689	dup:Гарбуз					
0690	dup:Гарбуз					
0691	dup:Гарбуз					
0692	dup:Гарбуз					
0693	dup:Гарбуз					
0694	dup:Гарбуз					
0695	dup:Гарбуз					
0696	dup:Гарбуз					
0697	dup:Гарбуз					
0698	dup:Гарбуз					
0699	dup:Гарбуз					
0700	dup:Гарбуз					
0701	dup:Гарбуз					
0702	dup:Гарбуз					
0703	dup:Гарбуз					
0704	dup:Гарбуз					
0705	dup:Гарбуз					
0706	dup:Гарбуз					
0707	dup:Гарбуз					
0708	dup:Гарбуз					
0709	dup:Гарбуз					
0710	dup:Гарбуз		Shopping_ads	ne_v_nayavnosti		
0711	dup:Гарбуз					
0712	dup:Гарбуз					
0713	dup:Гарбуз					
0714	dup:Гарбуз					
0715	dup:Гарбуз					
0716	dup:Гарбуз					
0717			Shopping_ads	ne_v_nayavnosti		
0718	dup:Гарбуз					
0719	dup:Гарбуз					prybutok
0720			Shopping_ads	ne_v_nayavnosti		
0721	dup:Гарбуз					
0722	dup:Гарбуз					
0723	dup:Гарбуз		Shopping_ads	season_off		
0724	dup:Гарбуз		Shopping_ads	season_off		
0725	dup:Гарбуз		Shopping_ads	season_off		
0726	dup:Гарбуз		Shopping_ads	season_off		
0727	dup:Гарбуз		Shopping_ads	season_off		
0728	dup:Гарбуз		Shopping_ads	season_off		
0729	dup:Гарбуз		Shopping_ads	season_off		
0732	dup:Гарбуз		Shopping_ads	season_off		
0733	dup:Гарбуз		Shopping_ads	season_off		
0734	dup:Гарбуз		Shopping_ads	season_off		
0735	dup:Гарбуз		Shopping_ads	season_off		
0736			Shopping_ads	ne_v_nayavnosti		
0737	dup:Гарбуз		Shopping_ads	season_off		
0738	dup:Гарбуз		Shopping_ads	season_off		
0739	dup:Гарбуз		Shopping_ads	season_off		
0740	dup:Гарбуз		Shopping_ads	season_off		
0741	dup:Гарбуз		Shopping_ads	season_off		
0743	dup:Гарбуз		Shopping_ads	season_off		
0744	dup:Гарбуз		Shopping_ads	ne_v_nayavnosti		
0745	dup:Гарбуз		Shopping_ads	season_off		
0746			Shopping_ads	ne_v_nayavnosti		
0747			Shopping_ads	ne_v_nayavnosti		
0748	dup:Гарбуз		Shopping_ads	season_off		
0749	dup:Гарбуз		Shopping_ads	season_off		
0750	dup:Гарбуз		Shopping_ads	season_off		
0751	dup:Гарбуз		Shopping_ads	season_off		
0752	dup:Гарбуз		Shopping_ads	season_off		prybutok
0753	dup:Гарбуз		Shopping_ads	season_off		
0754	dup:Гарбуз		Shopping_ads	season_off		
0755	dup:Гарбуз		Shopping_ads	season_off		
0756	dup:Гарбуз		Shopping_ads	season_off		
0757	dup:Гарбуз		Shopping_ads	season_off		
0758	dup:Гарбуз		Shopping_ads	season_off		
0759	dup:Гарбуз		Shopping_ads	season_off		
0760	dup:Гарбуз		Shopping_ads	season_off		
0761	dup:Гарбуз		Shopping_ads	season_off		
0762			Shopping_ads	ne_v_nayavnosti		
0763	dup:Гарбуз		Shopping_ads	season_off		
0764	dup:Гарбуз		Shopping_ads	season_off		
0766	dup:Гарбуз					
0767	dup:Тиква		Shopping_ads	ne_v_nayavnosti		
0768	dup:Гарбуз		Shopping_ads	season_off		
0769	dup:Гарбуз		Shopping_ads	season_off		prybutok
0770	dup:Гарбуз		Shopping_ads	season_off		prybutok
0773	dup:Гарбуз		Shopping_ads	season_off		prybutok
0774	dup:Гарбуз		Shopping_ads	ne_v_nayavnosti		
0775	dup:Гарбуз		Shopping_ads	season_off		
0776			Shopping_ads	ne_v_nayavnosti		
0778	dup:Гарбуз		Shopping_ads	season_off		
0779	dup:Гарбуз		Shopping_ads	ne_v_nayavnosti		
0780	dup:Гарбуз		Shopping_ads	season_off		
0781	dup:Гарбуз		Shopping_ads	season_off		
0782	dup:Гарбуз		Shopping_ads	season_off		prybutok
0783	dup:Гарбуз		Shopping_ads	season_off		
0784	dup:Гарбуз		Shopping_ads	season_off		
0786	dup:Гарбуз		Shopping_ads	season_off		prybutok
0787	dup:Гарбуз		Shopping_ads	season_off		
0788	dup:Гарбуз		Shopping_ads	season_off		
0789	dup:Гарбуз		Shopping_ads	season_off		
0790	dup:Гарбуз		Shopping_ads	season_off		
0791	dup:Гарбуз		Shopping_ads	season_off		
0792	dup:Гарбуз		Shopping_ads	season_off		
0793	dup:Гарбуз		Shopping_ads	season_off		
0794	dup:Гарбуз		Shopping_ads	season_off		
0795	dup:Гарбуз		Shopping_ads	ne_v_nayavnosti		
0796	dup:Гарбуз		Shopping_ads	season_off		prybutok
0797	dup:Тиква		Shopping_ads	ne_v_nayavnosti		
0798	dup:Гарбуз		Shopping_ads	season_off		prybutok
0799	dup:Гарбуз		Shopping_ads	season_off		
0800	dup:Гарбуз		Shopping_ads	season_off		
0801	dup:Гарбуз		Shopping_ads	season_off		
0802	dup:Гарбуз		Shopping_ads	season_off		
0803	dup:Гарбуз		Shopping_ads	season_off		
0804			Shopping_ads	ne_v_nayavnosti		
0805			Shopping_ads	ne_v_nayavnosti		
0806	dup:Гарбуз		Shopping_ads	season_off		
0807	dup:Гарбуз		Shopping_ads	season_off		
0810	dup:Гарбуз		Shopping_ads	season_off		
0811	dup:Гарбуз		Shopping_ads	season_off		
0812	dup:Гарбуз		Shopping_ads	season_off		
0813			Shopping_ads	season_off		
0814	dup:Гарбуз		Shopping_ads	ne_v_nayavnosti		
0815	dup:Гарбуз		Shopping_ads	season_off		
0816	dup:Гарбуз		Shopping_ads	season_off		
0817	dup:Гарбуз		Shopping_ads	season_off		
0818	dup:Гарбуз		Shopping_ads	season_off		
0819	dup:Гарбуз		Shopping_ads	season_off		
0820	dup:Гарбуз		Shopping_ads	season_off		
0821	dup:Гарбуз					prybutok
0822	dup:Гарбуз					stop
0823	dup:Гарбуз					
0825	dup:Гарбуз					
0826	dup:Гарбуз					
0827	dup:Гарбуз		Shopping_ads	season_off		
0828	dup:Гарбуз		Shopping_ads	season_off		
0829	dup:Гарбуз		Shopping_ads	season_off		prybutok
0830	dup:Гарбуз		Shopping_ads	season_off		
0831	dup:Гарбуз		Shopping_ads	season_off		
0832	dup:Гарбуз		Shopping_ads	season_off		
0833	dup:Гарбуз		Shopping_ads	season_off		
0834	dup:Гарбуз		Shopping_ads	season_off		stop
0835	dup:Гарбуз		Shopping_ads	season_off		
0836	dup:Гарбуз		Shopping_ads	season_off		stop
0837	dup:Гарбуз		Shopping_ads	ne_v_nayavnosti		
0838	dup:Гарбуз		Shopping_ads	season_off		
0839	dup:Гарбуз		Shopping_ads	ne_v_nayavnosti		
0840	dup:Гарбуз		Shopping_ads	season_off		
0841	dup:Гарбуз		Shopping_ads	season_off		stop
0842	dup:Гарбуз		Shopping_ads	season_off		
0843	dup:Гарбуз		Shopping_ads	season_off		
0844	dup:Гарбуз		Shopping_ads	season_off		
0845	dup:Гарбуз		Shopping_ads	season_off		
0846	dup:Гарбуз		Shopping_ads	ne_v_nayavnosti		
0847	dup:Гарбуз		Shopping_ads	season_off		
0848	dup:Гарбуз		Shopping_ads	season_off		
0849	dup:Гарбуз		Shopping_ads	season_off		
0850			Shopping_ads	ne_v_nayavnosti		
0851			Shopping_ads	ne_v_nayavnosti		
0852	dup:Гарбуз		Shopping_ads	ne_v_nayavnosti		
0853	dup:Гарбуз		Shopping_ads	ne_v_nayavnosti		
0854	dup:Гарбуз		Shopping_ads	season_off		
0855	dup:Гарбуз		Shopping_ads	season_off		
0856	dup:Гарбуз		Shopping_ads	season_off		
0857	dup:Гарбуз		Shopping_ads	season_off		
0858	dup:Гарбуз		Shopping_ads	season_off		
0859	dup:Гарбуз		Shopping_ads	season_off		prybutok
0860	dup:Гарбуз		Shopping_ads	season_off		
0861			Shopping_ads	ne_v_nayavnosti		
0862	dup:Гарбуз		Shopping_ads	season_off		
0863	dup:Гарбуз		Shopping_ads	season_off		
0864	dup:Гарбуз		Shopping_ads	season_off		prybutok
0865			Shopping_ads	season_off		
0866			Shopping_ads	season_off		
0867	dup:Гарбуз					prybutok
0868	dup:Гарбуз					
0869	dup:Гарбуз		Shopping_ads	season_off		
0870	dup:Гарбуз		Shopping_ads	season_off		
0871	dup:Гарбуз		Shopping_ads	season_off		
0872	dup:Гарбуз		Shopping_ads	season_off		prybutok
0873	dup:Гарбуз		Shopping_ads	season_off		prybutok
0874	dup:Гарбуз		Shopping_ads	season_off		
0875	dup:Гарбуз		Shopping_ads	season_off		
0876	dup:Гарбуз		Shopping_ads	season_off		prybutok
0877	dup:Гарбуз		Shopping_ads	season_off		
0878	dup:Гарбуз					
0880	dup:Гарбуз		Shopping_ads	season_off		
0881	dup:Гарбуз		Shopping_ads	season_off		stop
0882			Shopping_ads	ne_v_nayavnosti		
0883	dup:Гарбуз		Shopping_ads	season_off		
0884	dup:Гарбуз					
0885	dup:Гарбуз					
0886			Shopping_ads	ne_v_nayavnosti		
0887			Shopping_ads	ne_v_nayavnosti		
0888			Shopping_ads	ne_v_nayavnosti		
0890	dup:Гарбуз		Shopping_ads	season_off		
0891	dup:Гарбуз		Shopping_ads	season_off		stop
0892	dup:Гарбуз		Shopping_ads	season_off		prybutok
0893	dup:Гарбуз		Shopping_ads	season_off		
0894	dup:Гарбуз		Shopping_ads	season_off		
0895	dup:Гарбуз		Shopping_ads	season_off		
0896	dup:Гарбуз		Shopping_ads	season_off		
0897	dup:Гарбуз		Shopping_ads	season_off		
0898	dup:Гарбуз		Shopping_ads	season_off		
0899	dup:Гарбуз		Shopping_ads	ne_v_nayavnosti		
0900	dup:Гарбуз		Shopping_ads	season_off		
0901			Shopping_ads	ne_v_nayavnosti		
0902	dup:Гарбуз		Shopping_ads	season_off		
0903	dup:Гарбуз		Shopping_ads	season_off		prybutok
0904	dup:Гарбуз		Shopping_ads	season_off		
0905	dup:Гарбуз		Shopping_ads	season_off		
0906	dup:Гарбуз		Shopping_ads	season_off		
0908	dup:Гарбуз		Shopping_ads	season_off		
0909	dup:Гарбуз		Shopping_ads	ne_v_nayavnosti		
0910	dup:Гарбуз		Shopping_ads	season_off		
0911	dup:Гарбуз		Shopping_ads	season_off		
0912	dup:Гарбуз		Shopping_ads	season_off		
0913	dup:Гарбуз		Shopping_ads	season_off		
0914	dup:Гарбуз		Shopping_ads	ne_v_nayavnosti		
0915	dup:Гарбуз		Shopping_ads	season_off		
0916	dup:Гарбуз		Shopping_ads	season_off		
0917	dup:Гарбуз		Shopping_ads	season_off		
0920	dup:Гарбуз		Shopping_ads	season_off		
0921	dup:Гарбуз		Shopping_ads	season_off		
0922	dup:Гарбуз		Shopping_ads	season_off		
0923	dup:Гарбуз		Shopping_ads	season_off		prybutok
0925	dup:Гарбуз		Shopping_ads	season_off		
0926	dup:Гарбуз		Shopping_ads	season_off		
0927	dup:Гарбуз		Shopping_ads	season_off		
0928	dup:Гарбуз		Shopping_ads	season_off		
0929	dup:Гарбуз		Shopping_ads	season_off		
0930	dup:Гарбуз		Shopping_ads	season_off		
0931	dup:Гарбуз		Shopping_ads	season_off		
0932	dup:Гарбуз		Shopping_ads	season_off		
0933	dup:Гарбуз		Shopping_ads	season_off		prybutok
0934	dup:Гарбуз		Shopping_ads	season_off		
0935	dup:Гарбуз		Shopping_ads	season_off		
0937	dup:Гарбуз		Shopping_ads	season_off		
0938	dup:Гарбуз		Shopping_ads	season_off		
0939			Shopping_ads	ne_v_nayavnosti		
0940	dup:Гарбуз		Shopping_ads	season_off		
0941	dup:Гарбуз		Shopping_ads	ne_v_nayavnosti		
0942	dup:Гарбуз		Shopping_ads	season_off		
0943	dup:Гарбуз		Shopping_ads	season_off		
0944	dup:Гарбуз		Shopping_ads	season_off		
0945	dup:Гарбуз		Shopping_ads	season_off		
0946			Shopping_ads	ne_v_nayavnosti		
0947	dup:Гарбуз		Shopping_ads	ne_v_nayavnosti		
0948	dup:Гарбуз		Shopping_ads	season_off		
0949	dup:Гарбуз		Shopping_ads	season_off		
0950	dup:Гарбуз		Shopping_ads	season_off		
0951	dup:Гарбуз		Shopping_ads	season_off		
0952	dup:Тиква		Shopping_ads	ne_v_nayavnosti		
0954	dup:Гарбуз		Shopping_ads	season_off		
0956	dup:Тиква		Shopping_ads	ne_v_nayavnosti		
0957	dup:Гарбуз		Shopping_ads	season_off		
0958	dup:Гарбуз		Shopping_ads	season_off		
0959	dup:Гарбуз		Shopping_ads	season_off		
0960			Shopping_ads	season_off		
0961	dup:Гарбуз		Shopping_ads	season_off		
0962			Shopping_ads	ne_v_nayavnosti		
0963	dup:Гарбуз		Shopping_ads	season_off		
0965	dup:Гарбуз					
0967	dup:Гарбуз					
0968	dup:Гарбуз		Shopping_ads	ne_v_nayavnosti		
0969	dup:Гарбуз		Shopping_ads	season_off		prybutok
0970	dup:Гарбуз		Shopping_ads	season_off		
0971	dup:Гарбуз		Shopping_ads	season_off		
0972	dup:Гарбуз		Shopping_ads	season_off		
0973	dup:Гарбуз		Shopping_ads	season_off		
0974	dup:Гарбуз		Shopping_ads	season_off		stop
0975	dup:Гарбуз		Shopping_ads	season_off		
0976	dup:Гарбуз		Shopping_ads	season_off		
0977	dup:Гарбуз		Shopping_ads	season_off		stop
0978	dup:Гарбуз		Shopping_ads	season_off		
0979			Shopping_ads	ne_v_nayavnosti		
0980	dup:Гарбуз		Shopping_ads	season_off		stop
0981	dup:Гарбуз		Shopping_ads	season_off		
0982	dup:Гарбуз		Shopping_ads	season_off		
0983	dup:Гарбуз		Shopping_ads	season_off		
0984	dup:Гарбуз		Shopping_ads	season_off		
0985	dup:Гарбуз		Shopping_ads	season_off		
0986	dup:Гарбуз		Shopping_ads	season_off		
0987	dup:Гарбуз	ads_zero	Shopping_ads	season_off		stop
0988			Shopping_ads	ne_v_nayavnosti		
0989	dup:Гарбуз		Shopping_ads	season_off		
0990	dup:Гарбуз		Shopping_ads	season_off		
0991			Shopping_ads	ne_v_nayavnosti		prybutok
0992	dup:Гарбуз		Shopping_ads	season_off		
0993	dup:Гарбуз		Shopping_ads	season_off		
0994	dup:Гарбуз		Shopping_ads	ne_v_nayavnosti		
0995	dup:Гарбуз		Shopping_ads	season_off		
0999			Shopping_ads	ne_v_nayavnosti		
1-012-003	dup:Гарбуз					prybutok
1-026-001	dup:Гарбуз					
10-002	dup:Гарбуз					
10-004	dup:Гарбуз					
10-006	dup:Гарбуз					
100-088	dup:Гарбуз					
100-093	dup:Гарбуз					
100-102	dup:Гарбуз					
100-184	dup:Гарбуз					
100-187	dup:Гарбуз					
100-219	dup:Едім		Shopping_ads	ne_v_nayavnosti		
100-220	dup:Гарбуз					
100-432	dup:Гарбуз					prybutok
1000			Shopping_ads	ne_v_nayavnosti		
1000-041	dup:Гарбуз					
1000-045	dup:Гарбуз					
1000-047	dup:Гарбуз					
1000-048	dup:Гарбуз					
1000-102	dup:Гарбуз					
1000008652	dup:Гарбуз					
1000010186	dup:Гарбуз					
1001			Shopping_ads	ne_v_nayavnosti		
1002			Shopping_ads	ne_v_nayavnosti		
1003			Shopping_ads	ne_v_nayavnosti		
1004			Shopping_ads	ne_v_nayavnosti		
1006			Shopping_ads	ne_v_nayavnosti		
1007			Shopping_ads	ne_v_nayavnosti		
1007144608	dup:Гарбуз	ads_low				cina
1008			Shopping_ads	ne_v_nayavnosti		
1009	dup:Тиква		Shopping_ads	ne_v_nayavnosti		
101-007	dup:Гарбуз					
101-008	dup:Гарбуз					
101-009	dup:Гарбуз					prybutok
101-014	dup:Гарбуз		Shopping_ads	ne_v_prajsi		
101-015	dup:Гарбуз					
101-018	dup:Гарбуз					
101-022	dup:Гарбуз					prybutok
101-023	dup:Гарбуз					
101-036	dup:Гарбуз					
101-056	dup:Гарбуз					
101-057	dup:Гарбуз					
101-069	dup:Гарбуз					
101-070	dup:Гарбуз					
101-076	dup:Гарбуз					
101-097	dup:Гарбуз					
101-112	dup:Гарбуз					
101-119	dup:Гарбуз					
101-120	dup:Гарбуз					
101-148	dup:Гарбуз					prybutok
101-158	dup:Гарбуз					prybutok
101-168	dup:Гарбуз					
101-169	dup:Гарбуз					
101-170	dup:Гарбуз					
101-171	dup:Гарбуз		Shopping_ads	ne_v_prajsi		
101-175	dup:Гарбуз					
101-179	dup:Гарбуз					
101-190	dup:Гарбуз					
101-191	dup:Гарбуз					
1010			Shopping_ads	ne_v_nayavnosti		prybutok
1011			Shopping_ads	ne_v_nayavnosti		
101293	dup:Гарбуз					prybutok
1013	dup:Гарбуз		Shopping_ads	season_off		
101372б	dup:Гарбуз					
101373б	dup:Гарбуз					
101375б	dup:Гарбуз					
101377б	dup:Гарбуз					
101380б	dup:Гарбуз					
101383	dup:Гарбуз					
101384б	dup:Гарбуз					prybutok
101387б	dup:Гарбуз					
1014	dup:Гарбуз		Shopping_ads	season_off		
1015	dup:Гарбуз		Shopping_ads	season_off		
1016	dup:Тиква		Shopping_ads	ne_v_nayavnosti		
1020	dup:Гарбуз		Shopping_ads	season_off		
1021	dup:Гарбуз		Shopping_ads	season_off		
1022			Shopping_ads	season_off		
1023			Shopping_ads	ne_v_nayavnosti		
1024	dup:Гарбуз		Shopping_ads	season_off		
1025	dup:Гарбуз		Shopping_ads	season_off		
1026	dup:Гарбуз		Shopping_ads	season_off		
1027	dup:Гарбуз		Shopping_ads	season_off		
1028	dup:Гарбуз		Shopping_ads	season_off		
1029	dup:Гарбуз		Shopping_ads	season_off		
1030	dup:Гарбуз		Shopping_ads	season_off		
1030327919	dup:Гарбуз					prybutok
1030328538	dup:Гарбуз					
1031	dup:Гарбуз		Shopping_ads	season_off		
1032			Shopping_ads	ne_v_nayavnosti		
1032379638	dup:Гарбуз					
1032395676	dup:Гарбуз					prybutok
1032531069	dup:Гарбуз					stop
1033	dup:Гарбуз		Shopping_ads	season_off		
1033466498	dup:Гарбуз					prybutok
1033466987	dup:Гарбуз					
1034	dup:Гарбуз		Shopping_ads	season_off		
1035	dup:Гарбуз		Shopping_ads	season_off		
1036	dup:Гарбуз		Shopping_ads	season_off		
1037	dup:Гарбуз		Shopping_ads	season_off		
1038	dup:Гарбуз		Shopping_ads	season_off		
1039	dup:Гарбуз		Shopping_ads	season_off		
1040	dup:Гарбуз		Shopping_ads	season_off		
1041	dup:Гарбуз		Shopping_ads	season_off		
1042	dup:Гарбуз		Shopping_ads	season_off		
1043	dup:Гарбуз		Shopping_ads	season_off		
1044	dup:Гарбуз		Shopping_ads	season_off		
1045	dup:Гарбуз		Shopping_ads	season_off		
1046	dup:Тиква		Shopping_ads	ne_v_nayavnosti		
1047	dup:Гарбуз		Shopping_ads	season_off		
1048	dup:Гарбуз		Shopping_ads	season_off		
1049			Shopping_ads	season_off		
1050	dup:Гарбуз		Shopping_ads	season_off		
1051	dup:Гарбуз		Shopping_ads	season_off		
1052	dup:Гарбуз		Shopping_ads	season_off		
1053	dup:Гарбуз		Shopping_ads	season_off		
1054			Shopping_ads	ne_v_nayavnosti		
1055	dup:Гарбуз		Shopping_ads	season_off		
1056	dup:Тиква		Shopping_ads	ne_v_nayavnosti		
1057			Shopping_ads	season_off		
1058	dup:Гарбуз		Shopping_ads	season_off		
1059	dup:Тиква		Shopping_ads	ne_v_nayavnosti		
1060	dup:Гарбуз		Shopping_ads	season_off		
1061	dup:Гарбуз		Shopping_ads	season_off		
1062	dup:Тиква		Shopping_ads	ne_v_nayavnosti		
1063			Shopping_ads	season_off		
1064	dup:Гарбуз		Shopping_ads	season_off		
1065	dup:Гарбуз		Shopping_ads	season_off		prybutok
1066	dup:Гарбуз		Shopping_ads	season_off		prybutok
1067	dup:Гарбуз		Shopping_ads	season_off		
1068	dup:Тиква		Shopping_ads	ne_v_nayavnosti		
1069	dup:Гарбуз		Shopping_ads	season_off		
1070	dup:Гарбуз		Shopping_ads	season_off		prybutok
1071	dup:Гарбуз		Shopping_ads	season_off		
1072	dup:Гарбуз		Shopping_ads	season_off		
1073	dup:Гарбуз		Shopping_ads	season_off		
1074	dup:Гарбуз		Shopping_ads	season_off		
1075	dup:Гарбуз		Shopping_ads	season_off		prybutok
1076	dup:Тиква		Shopping_ads	ne_v_nayavnosti		
1077	dup:Гарбуз		Shopping_ads	season_off		
1078			Shopping_ads	ne_v_nayavnosti		
1079			Shopping_ads	season_off		
1080	dup:Гарбуз		Shopping_ads	season_off		
1081	dup:Гарбуз		Shopping_ads	season_off		
1082			Shopping_ads	season_off		
1083	dup:Гарбуз		Shopping_ads	season_off		
1084	dup:Гарбуз		Shopping_ads	season_off		
1085	dup:Гарбуз		Shopping_ads	season_off		
1086	dup:Гарбуз		Shopping_ads	season_off		
1087	dup:Гарбуз		Shopping_ads	season_off		
1088	dup:Гарбуз		Shopping_ads	season_off		
1089	dup:Гарбуз		Shopping_ads	season_off		
1090	dup:Тиква		Shopping_ads	ne_v_nayavnosti		
1091	dup:Гарбуз		Shopping_ads	season_off		
1092	dup:Гарбуз		Shopping_ads	season_off		
1093			Shopping_ads	season_off		
1094	dup:Гарбуз		Shopping_ads	season_off		
1095	dup:Гарбуз		Shopping_ads	season_off		
1096	dup:Гарбуз		Shopping_ads	season_off		
1097	dup:Тиква		Shopping_ads	ne_v_nayavnosti		
1098	dup:Гарбуз		Shopping_ads	season_off		
1099	dup:Тиква		Shopping_ads	ne_v_nayavnosti		
1100	dup:Гарбуз		Shopping_ads	season_off		
1101	dup:Тиква		Shopping_ads	ne_v_nayavnosti		
1102	dup:Гарбуз		Shopping_ads	season_off		
1103	dup:Гарбуз		Shopping_ads	season_off		
1104	dup:Гарбуз		Shopping_ads	season_off		
1105	dup:Гарбуз		Shopping_ads	season_off		
1106			Shopping_ads	ne_v_nayavnosti		
1107	dup:Гарбуз		Shopping_ads	season_off		
1108			Shopping_ads	ne_v_nayavnosti		
1109	dup:Тиква		Shopping_ads	ne_v_nayavnosti		
111-072	dup:Гарбуз					
1110	dup:Тиква		Shopping_ads	ne_v_nayavnosti		
1110561242	dup:Гарбуз		Shopping_ads	season_off		
1111	dup:Тиква		Shopping_ads	ne_v_nayavnosti		
1112	dup:Тиква		Shopping_ads	ne_v_nayavnosti		
1113	dup:Гарбуз		Shopping_ads	ne_v_nayavnosti		
1114	dup:Гарбуз		Shopping_ads	season_off		
1115			Shopping_ads	season_off		
1116	dup:Тиква		Shopping_ads	ne_v_nayavnosti		
1117			Shopping_ads	ne_v_nayavnosti		
1118	dup:Тиква		Shopping_ads	ne_v_nayavnosti		
1119			Shopping_ads	ne_v_nayavnosti		
1120	dup:Гарбуз		Shopping_ads	season_off		
1121	dup:Гарбуз		Shopping_ads	season_off		
1122			Shopping_ads	season_off		
1123			Shopping_ads	ne_v_nayavnosti		
1124			Shopping_ads	season_off		
1125			Shopping_ads	season_off		
1126	dup:Гарбуз		Shopping_ads	season_off		
1127	dup:Тиква		Shopping_ads	ne_v_nayavnosti		
1128			Shopping_ads	ne_v_nayavnosti		
1129	dup:Гарбуз		Shopping_ads	season_off		
1130	dup:Гарбуз		Shopping_ads	season_off		
1131			Shopping_ads	ne_v_nayavnosti		
1132	dup:Гарбуз		Shopping_ads	season_off		
1133	dup:Гарбуз		Shopping_ads	season_off		
1134	dup:Гарбуз		Shopping_ads	season_off		
1135	dup:Гарбуз		Shopping_ads	season_off		
1136	dup:Гарбуз		Shopping_ads	season_off		
1137	dup:Гарбуз		Shopping_ads	season_off		
1138	dup:Гарбуз		Shopping_ads	season_off		
1139	dup:Гарбуз		Shopping_ads	season_off		
1140	dup:Гарбуз		Shopping_ads	season_off		
114071	dup:Гарбуз					
114073	dup:Гарбуз					
114075	dup:Гарбуз					
114076	dup:Гарбуз					
114077	dup:Гарбуз					
114078	dup:Гарбуз					
114079	dup:Гарбуз					
1141	dup:Гарбуз		Shopping_ads	season_off		
1142	dup:Гарбуз		Shopping_ads	season_off		
1143	dup:Гарбуз		Shopping_ads	season_off		
1144	dup:Гарбуз		Shopping_ads	season_off		
1145	dup:Гарбуз		Shopping_ads	season_off		
1146	dup:Тиква		Shopping_ads	ne_v_nayavnosti		
1147	dup:Гарбуз		Shopping_ads	season_off		
1148	dup:Гарбуз		Shopping_ads	season_off		
1149	dup:Гарбуз		Shopping_ads	season_off		
1150	dup:Гарбуз		Shopping_ads	season_off		
1151	dup:Гарбуз		Shopping_ads	season_off		
1152	dup:Гарбуз		Shopping_ads	season_off		
1153	dup:Гарбуз		Shopping_ads	season_off		
1154	dup:Тиква		Shopping_ads	ne_v_nayavnosti		
1155	dup:Гарбуз		Shopping_ads	season_off		prybutok
1156	dup:Гарбуз		Shopping_ads	season_off		prybutok
1157	dup:Гарбуз		Shopping_ads	season_off		
1158	dup:Гарбуз		Shopping_ads	season_off		
1159			Shopping_ads	ne_v_nayavnosti		
1160	dup:Гарбуз		Shopping_ads	season_off		
1161	dup:Гарбуз		Shopping_ads	season_off		
1162	dup:Гарбуз		Shopping_ads	season_off		
1163	dup:Гарбуз		Shopping_ads	season_off		
1164	dup:Гарбуз		Shopping_ads	season_off		
1165	dup:Гарбуз		Shopping_ads	season_off		
1166			Shopping_ads	season_off		
1167			Shopping_ads	season_off		
1168	dup:Гарбуз		Shopping_ads	season_off		
1169	dup:Гарбуз		Shopping_ads	season_off		
1170	dup:Гарбуз		Shopping_ads	season_off		
1171	dup:Гарбуз		Shopping_ads	season_off		
1172	dup:Гарбуз		Shopping_ads	season_off		
1173	dup:Гарбуз		Shopping_ads	season_off		
1174	dup:Гарбуз		Shopping_ads	season_off		
1175	dup:Гарбуз		Shopping_ads	season_off		
1176	dup:Гарбуз		Shopping_ads	season_off		prybutok
1177	dup:Гарбуз		Shopping_ads	season_off		prybutok
1178	dup:Гарбуз		Shopping_ads	season_off		prybutok
1179	dup:Гарбуз		Shopping_ads	season_off		prybutok
1180	dup:Гарбуз		Shopping_ads	season_off		prybutok
1181	dup:Гарбуз		Shopping_ads	season_off		
1182	dup:Гарбуз		Shopping_ads	season_off		prybutok
1183	dup:Гарбуз		Shopping_ads	season_off		
1184	dup:Гарбуз		Shopping_ads	season_off		
1185	dup:Гарбуз		Shopping_ads	season_off		
1186	dup:Гарбуз		Shopping_ads	season_off		
1187	dup:Гарбуз		Shopping_ads	season_off		
1188	dup:Гарбуз		Shopping_ads	season_off		
1189			Shopping_ads	ne_v_nayavnosti		
1190	dup:Гарбуз		Shopping_ads	season_off		
119032	dup:Гарбуз					
119093						prybutok
119098	dup:Гарбуз					prybutok
1191	dup:Гарбуз		Shopping_ads	season_off		
1192	dup:Гарбуз		Shopping_ads	season_off		
1193	dup:Гарбуз		Shopping_ads	season_off		
1194	dup:Гарбуз		Shopping_ads	season_off		
1195	dup:Гарбуз		Shopping_ads	season_off		
1196	dup:Гарбуз		Shopping_ads	season_off		
1197	dup:Гарбуз		Shopping_ads	season_off		
1198	dup:Гарбуз		Shopping_ads	season_off		
1199	dup:Тиква		Shopping_ads	ne_v_nayavnosti		
12-005	dup:Гарбуз					
1200			Shopping_ads	season_off		
1201	dup:Тиква		Shopping_ads	ne_v_nayavnosti		
1202	dup:Гарбуз		Shopping_ads	season_off		
1203	dup:Тиква		Shopping_ads	ne_v_nayavnosti		
1204	dup:Гарбуз		Shopping_ads	season_off		
1205	dup:Тиква		Shopping_ads	ne_v_nayavnosti		
1206			Shopping_ads	ne_v_nayavnosti		
1207			Shopping_ads	ne_v_nayavnosti		
1208	dup:Тиква		Shopping_ads	ne_v_nayavnosti		
1209	dup:Тиква		Shopping_ads	ne_v_nayavnosti		
121	dup:Гарбуз					
1210			Shopping_ads	ne_v_nayavnosti		
1211			Shopping_ads	season_off		
1212			Shopping_ads	ne_v_nayavnosti		
1213			Shopping_ads	season_off		
1214			Shopping_ads	season_off		
1215	dup:Тиква		Shopping_ads	ne_v_nayavnosti		
1216			Shopping_ads	ne_v_nayavnosti		
1217			Shopping_ads	ne_v_nayavnosti		
1218			Shopping_ads	ne_v_nayavnosti		
1219	dup:Гарбуз		Shopping_ads	season_off		
1220	dup:Тиква		Shopping_ads	ne_v_nayavnosti		
1221	dup:Гарбуз		Shopping_ads	season_off		
1222	dup:Гарбуз		Shopping_ads	season_off		
1223	dup:Тиква		Shopping_ads	ne_v_nayavnosti		
1224	dup:Гарбуз		Shopping_ads	ne_v_nayavnosti		
1225			Shopping_ads	ne_v_nayavnosti		
1226			Shopping_ads	ne_v_nayavnosti		
1227	dup:Тиква		Shopping_ads	ne_v_nayavnosti		
1228			Shopping_ads	ne_v_nayavnosti		
1229			Shopping_ads	season_off		
1230	dup:Тиква		Shopping_ads	ne_v_nayavnosti		
1231			Shopping_ads	ne_v_nayavnosti		
1232			Shopping_ads	ne_v_nayavnosti		
1233	dup:Гарбуз		Shopping_ads	ne_v_nayavnosti		
1233737797	dup:Гарбуз		Shopping_ads	season_off		prybutok
1234			Shopping_ads	ne_v_nayavnosti		
1235			Shopping_ads	ne_v_nayavnosti		
1236			Shopping_ads	ne_v_nayavnosti		
1237			Shopping_ads	ne_v_nayavnosti		
1238			Shopping_ads	ne_v_nayavnosti		
1239			Shopping_ads	ne_v_nayavnosti		
1240			Shopping_ads	season_off		
1241			Shopping_ads	season_off		
1242			Shopping_ads	season_off		
1243			Shopping_ads	ne_v_nayavnosti		
1244			Shopping_ads	ne_v_nayavnosti		
1245			Shopping_ads	ne_v_nayavnosti		
1246	dup:Гарбуз		Shopping_ads	season_off		
1247	dup:Гарбуз		Shopping_ads	ne_v_nayavnosti		
1248			Shopping_ads	season_off		
1249			Shopping_ads	season_off		
1250	dup:Гарбуз		Shopping_ads	ne_v_nayavnosti		
1251	dup:Тиква		Shopping_ads	ne_v_nayavnosti		
1252			Shopping_ads	season_off		
1253			Shopping_ads	ne_v_nayavnosti		
1254			Shopping_ads	season_off		
1255			Shopping_ads	season_off		
1256			Shopping_ads	season_off		
1257			Shopping_ads	ne_v_nayavnosti		
1258			Shopping_ads	ne_v_nayavnosti		
1259	dup:Гарбуз		Shopping_ads	season_off		
1260	dup:Гарбуз		Shopping_ads	season_off		
1261	dup:Гарбуз		Shopping_ads	season_off		
1262	dup:Гарбуз		Shopping_ads	season_off		
1263			Shopping_ads	ne_v_nayavnosti		
1264	dup:Гарбуз		Shopping_ads	season_off		
1265	dup:Гарбуз		Shopping_ads	season_off		
1266	dup:Гарбуз		Shopping_ads	ne_v_nayavnosti		
1267			Shopping_ads	season_off		
1268			Shopping_ads	season_off		
1269	dup:Гарбуз		Shopping_ads	season_off		
1270			Shopping_ads	ne_v_nayavnosti		
1271	dup:Гарбуз		Shopping_ads	season_off		
1272	dup:Гарбуз		Shopping_ads	ne_v_nayavnosti		
1273	dup:Гарбуз		Shopping_ads	season_off		
1274	dup:Гарбуз		Shopping_ads	season_off		
1275	dup:Гарбуз		Shopping_ads	season_off		
1276	dup:Гарбуз		Shopping_ads	season_off		
1277	dup:Гарбуз		Shopping_ads	season_off		
1278	dup:Гарбуз		Shopping_ads	season_off		
1279	dup:Гарбуз		Shopping_ads	season_off		
1280	dup:Гарбуз		Shopping_ads	season_off		
1281	dup:Гарбуз		Shopping_ads	season_off		
1282	dup:Гарбуз		Shopping_ads	season_off		
1283	dup:Гарбуз		Shopping_ads	season_off		
1284	dup:Гарбуз		Shopping_ads	season_off		
1285	dup:Тиква		Shopping_ads	ne_v_nayavnosti		
1286	dup:Гарбуз		Shopping_ads	season_off		
1287	dup:Тиква		Shopping_ads	ne_v_nayavnosti		
1288	dup:Гарбуз		Shopping_ads	season_off		
1289	dup:Гарбуз		Shopping_ads	season_off		
1290	dup:Гарбуз		Shopping_ads	season_off		
1291	dup:Гарбуз		Shopping_ads	season_off		
1292	dup:Гарбуз		Shopping_ads	season_off		
1293	dup:Гарбуз		Shopping_ads	season_off		
1294	dup:Гарбуз		Shopping_ads	season_off		
1295	dup:Гарбуз		Shopping_ads	season_off		
1296			Shopping_ads	ne_v_nayavnosti		
1297	dup:Гарбуз		Shopping_ads	season_off		
1298	dup:Гарбуз		Shopping_ads	season_off		
1299	dup:Гарбуз		Shopping_ads	season_off		
13-08-007	dup:Гарбуз					
1300	dup:Гарбуз		Shopping_ads	season_off		
1301	dup:Гарбуз		Shopping_ads	season_off		
1302	dup:Гарбуз		Shopping_ads	season_off		
1303	dup:Тиква		Shopping_ads	ne_v_nayavnosti		
1304	dup:Гарбуз		Shopping_ads	season_off		
1305	dup:Тиква		Shopping_ads	ne_v_nayavnosti		
1306	dup:Тиква		Shopping_ads	ne_v_nayavnosti		
1307	dup:Гарбуз		Shopping_ads	season_off		
1308	dup:Тиква		Shopping_ads	ne_v_nayavnosti		
1309	dup:Гарбуз		Shopping_ads	season_off		
1310	dup:Гарбуз		Shopping_ads	season_off		
1311	dup:Гарбуз		Shopping_ads	season_off		
1312	dup:Гарбуз		Shopping_ads	season_off		
1313	dup:Гарбуз		Shopping_ads	season_off		
1314	dup:Гарбуз		Shopping_ads	season_off		
1315			Shopping_ads	season_off		
1316	dup:Гарбуз		Shopping_ads	season_off		
1317	dup:Гарбуз		Shopping_ads	season_off		
1318	dup:Гарбуз		Shopping_ads	season_off		
1319	dup:Гарбуз		Shopping_ads	season_off		
1320	dup:Гарбуз		Shopping_ads	season_off		
1321	dup:Тиква		Shopping_ads	ne_v_nayavnosti		
1322			Shopping_ads	ne_v_nayavnosti		
1323			Shopping_ads	season_off		
1324	dup:Гарбуз		Shopping_ads	season_off		
1325	dup:Гарбуз		Shopping_ads	season_off		
1326	dup:Гарбуз		Shopping_ads	season_off		
1327	dup:Гарбуз		Shopping_ads	season_off		
1328	dup:Тиква		Shopping_ads	ne_v_nayavnosti		
1329	dup:Гарбуз		Shopping_ads	season_off		
1330			Shopping_ads	season_off		
1331	dup:Гарбуз		Shopping_ads	season_off		prybutok
1332	dup:Гарбуз		Shopping_ads	season_off		
1333	dup:Гарбуз		Shopping_ads	ne_v_nayavnosti		
1334	dup:Тиква		Shopping_ads	ne_v_nayavnosti		
1335	dup:Гарбуз		Shopping_ads	season_off		
1336	dup:Гарбуз		Shopping_ads	season_off		
1337	dup:Гарбуз		Shopping_ads	season_off		
1338	dup:Гарбуз		Shopping_ads	season_off		
1339	dup:Гарбуз		Shopping_ads	season_off		
1340	dup:Гарбуз		Shopping_ads	season_off		
1341	dup:Гарбуз		Shopping_ads	season_off		
1342	dup:Гарбуз		Shopping_ads	season_off		
1343	dup:Тиква		Shopping_ads	ne_v_nayavnosti		
1344			Shopping_ads	ne_v_nayavnosti		
1345	dup:Гарбуз		Shopping_ads	season_off		
1346	dup:Гарбуз		Shopping_ads	season_off		
1347	dup:Гарбуз		Shopping_ads	season_off		
1348	dup:Гарбуз		Shopping_ads	season_off		
1349	dup:Гарбуз		Shopping_ads	season_off		
1350			Shopping_ads	ne_v_nayavnosti		
1351	dup:Гарбуз		Shopping_ads	season_off		
1351748669	dup:Гарбуз		Shopping_ads	season_off		
1351754274	dup:Гарбуз		Shopping_ads	season_off		
1352	dup:Гарбуз		Shopping_ads	season_off		
1353	dup:Гарбуз		Shopping_ads	season_off		
1354	dup:Тиква		Shopping_ads	ne_v_nayavnosti		
1354988311	dup:Гарбуз		Shopping_ads	season_off		prybutok
1355			Shopping_ads	ne_v_nayavnosti		
1356	dup:Гарбуз		Shopping_ads	season_off		
1357	dup:Гарбуз		Shopping_ads	season_off		
1358	dup:Гарбуз		Shopping_ads	season_off		
1359	dup:Гарбуз		Shopping_ads	season_off		
1360			Shopping_ads	season_off		
1361	dup:Гарбуз					
1366	dup:Тиква		Shopping_ads	ne_v_nayavnosti		
1367	dup:Гарбуз		Shopping_ads	season_off		
1368	dup:Гарбуз		Shopping_ads	season_off		
1369	dup:Тиква		Shopping_ads	ne_v_nayavnosti		
1370	dup:Тиква		Shopping_ads	ne_v_nayavnosti		
1371	dup:Гарбуз		Shopping_ads	season_off		
1372	dup:Гарбуз		Shopping_ads	season_off		
1373	dup:Тиква		Shopping_ads	ne_v_nayavnosti		
1374	dup:Гарбуз		Shopping_ads	season_off		
1375			Shopping_ads	season_off		
1376			Shopping_ads	season_off		
1377			Shopping_ads	ne_v_nayavnosti		
1378			Shopping_ads	season_off		
1379			Shopping_ads	ne_v_nayavnosti		
1380	dup:Гарбуз		Shopping_ads	season_off		
1381			Shopping_ads	season_off		
1382	dup:Гарбуз		Shopping_ads	season_off		
1383	dup:Гарбуз		Shopping_ads	season_off		
1384	dup:Гарбуз		Shopping_ads	season_off		
1385	dup:Тиква		Shopping_ads	ne_v_nayavnosti		
1386	dup:Гарбуз		Shopping_ads	ne_v_nayavnosti		
1387			Shopping_ads	season_off		
1388	dup:Гарбуз		Shopping_ads	season_off		
1389			Shopping_ads	season_off		
1390			Shopping_ads	ne_v_nayavnosti		
1393			Shopping_ads	ne_v_nayavnosti		
1396	dup:Гарбуз		Shopping_ads	season_off		
1397	dup:Гарбуз		Shopping_ads	season_off		
140-80	dup:Гарбуз					
1400	dup:Гарбуз		Shopping_ads	season_off		
1401	dup:Гарбуз		Shopping_ads	season_off		
1402	dup:Гарбуз		Shopping_ads	season_off		
1405	dup:Гарбуз		Shopping_ads	season_off		
1406	dup:Гарбуз		Shopping_ads	season_off		
1407	dup:Гарбуз		Shopping_ads	season_off		
1408			Shopping_ads	season_off		
1409	dup:Гарбуз		Shopping_ads	season_off		
1410	dup:Гарбуз		Shopping_ads	season_off		
1411	dup:Гарбуз		Shopping_ads	season_off		
1412			Shopping_ads	season_off		
1413	dup:Тиква		Shopping_ads	ne_v_nayavnosti		
1416	dup:Гарбуз		Shopping_ads	season_off		
1417	dup:Гарбуз		Shopping_ads	season_off		
1418	dup:Гарбуз		Shopping_ads	season_off		
1419	dup:Гарбуз		Shopping_ads	season_off		
1420			Shopping_ads	season_off		
1421	dup:Гарбуз		Shopping_ads	season_off		
1422	dup:Гарбуз		Shopping_ads	season_off		
1423	dup:Гарбуз		Shopping_ads	season_off		
1424	dup:Гарбуз		Shopping_ads	season_off		prybutok
1425	dup:Гарбуз		Shopping_ads	season_off		
1428	dup:Гарбуз		Shopping_ads	season_off		
1429	dup:Гарбуз		Shopping_ads	season_off		
1430			Shopping_ads	season_off		
1431	dup:Гарбуз		Shopping_ads	season_off		
1432			Shopping_ads	season_off		
1435	dup:Гарбуз		Shopping_ads	season_off		
1436	dup:Гарбуз		Shopping_ads	season_off		
1437	dup:Тиква		Shopping_ads	ne_v_nayavnosti		
1438			Shopping_ads	season_off		
1439			Shopping_ads	season_off		
1440	dup:Гарбуз		Shopping_ads	season_off		
1441	dup:Гарбуз		Shopping_ads	season_off		
1442	dup:Тиква		Shopping_ads	ne_v_nayavnosti		
1443	dup:Гарбуз		Shopping_ads	season_off		
1444	dup:Тиква		Shopping_ads	ne_v_nayavnosti		
1445	dup:Гарбуз		Shopping_ads	season_off		
1446	dup:Гарбуз		Shopping_ads	season_off		
1447	dup:Тиква		Shopping_ads	ne_v_nayavnosti		prybutok
1448	dup:Гарбуз		Shopping_ads	season_off		prybutok
1449	dup:Гарбуз		Shopping_ads	season_off		
1450	dup:Гарбуз		Shopping_ads	season_off		
1451	dup:Гарбуз		Shopping_ads	season_off		
1452	dup:Гарбуз		Shopping_ads	season_off		
1453	dup:Гарбуз		Shopping_ads	season_off		
1454	dup:Гарбуз		Shopping_ads	season_off		prybutok
1455	dup:Гарбуз		Shopping_ads	season_off		
1456	dup:Гарбуз		Shopping_ads	ne_v_nayavnosti		
1457			Shopping_ads	ne_v_nayavnosti		
1458	dup:Гарбуз		Shopping_ads	season_off		
1459	dup:Гарбуз		Shopping_ads	season_off		
1460	dup:Гарбуз		Shopping_ads	season_off		
1463	dup:Гарбуз		Shopping_ads	season_off		
1464	dup:Гарбуз		Shopping_ads	season_off		
1465	dup:Гарбуз		Shopping_ads	season_off		
1466	dup:Гарбуз		Shopping_ads	ne_v_nayavnosti		
1467			Shopping_ads	season_off		
1468	dup:Тиква		Shopping_ads	ne_v_nayavnosti		
1469	dup:Тиква		Shopping_ads	ne_v_nayavnosti		
1470	dup:Тиква		Shopping_ads	ne_v_nayavnosti		
1471			Shopping_ads	ne_v_nayavnosti		
1472			Shopping_ads	ne_v_nayavnosti		
1473	dup:Тиква		Shopping_ads	ne_v_nayavnosti		
1474	dup:Тиква		Shopping_ads	ne_v_nayavnosti		
1475			Shopping_ads	ne_v_nayavnosti		
1476			Shopping_ads	ne_v_nayavnosti		
1477			Shopping_ads	ne_v_nayavnosti		
1478	dup:Гарбуз		Shopping_ads	season_off		
1479	dup:Гарбуз		Shopping_ads	ne_v_nayavnosti		
1480	dup:Тиква		Shopping_ads	ne_v_nayavnosti		
1481			Shopping_ads	ne_v_nayavnosti		
1482	dup:Тиква		Shopping_ads	ne_v_nayavnosti		
1483			Shopping_ads	ne_v_nayavnosti		
1484	dup:Гарбуз		Shopping_ads	ne_v_nayavnosti		
1485			Shopping_ads	ne_v_nayavnosti		
1486			Shopping_ads	season_off		
1487	dup:Тиква		Shopping_ads	ne_v_nayavnosti		
1488			Shopping_ads	season_off		
1489			Shopping_ads	season_off		
1490	dup:Гарбуз		Shopping_ads	season_off		
1493	dup:Тиква		Shopping_ads	ne_v_nayavnosti		
1494			Shopping_ads	ne_v_nayavnosti		
1495			Shopping_ads	ne_v_nayavnosti		
1496			Shopping_ads	ne_v_nayavnosti		
1497			Shopping_ads	season_off		
1498	dup:Тиква		Shopping_ads	ne_v_nayavnosti		
1499			Shopping_ads	ne_v_nayavnosti		
15-151-003	dup:Гарбуз					
15-186-003	dup:Гарбуз					
15-53-003	dup:Гарбуз					
15-68-005	dup:Гарбуз					
1500	dup:Гарбуз					
1501	dup:Гарбуз		Shopping_ads	season_off		
1502			Shopping_ads	ne_v_nayavnosti		
1503			Shopping_ads	ne_v_nayavnosti		
1504			Shopping_ads	ne_v_nayavnosti		
1505			Shopping_ads	ne_v_nayavnosti		
1506			Shopping_ads	ne_v_nayavnosti		
1507			Shopping_ads	season_off		
1508	dup:Гарбуз		Shopping_ads	season_off		
1509			Shopping_ads	ne_v_nayavnosti		
1510			Shopping_ads	ne_v_nayavnosti		
1511	dup:Тиква		Shopping_ads	ne_v_nayavnosti		
1512	dup:Тиква		Shopping_ads	ne_v_nayavnosti		
1513			Shopping_ads	ne_v_nayavnosti		
1514			Shopping_ads	ne_v_nayavnosti		
1515	dup:Гарбуз		Shopping_ads	season_off		
1516	dup:Тиква		Shopping_ads	ne_v_nayavnosti		
1517	dup:Тиква		Shopping_ads	ne_v_nayavnosti		
1518	dup:Гарбуз		Shopping_ads	season_off		
1519	dup:Гарбуз		Shopping_ads	season_off		
1520			Shopping_ads	season_off		
1524	dup:Гарбуз		Shopping_ads	season_off		
1530	dup:Тиква		Shopping_ads	ne_v_nayavnosti		
1531			Shopping_ads	season_off		
1532	dup:Гарбуз		Shopping_ads	season_off		
1533	dup:Гарбуз		Shopping_ads	season_off		
1534	dup:Гарбуз		Shopping_ads	season_off		
1535	dup:Гарбуз		Shopping_ads	season_off		
1538			Shopping_ads	ne_v_nayavnosti		
1539	dup:Гарбуз		Shopping_ads	season_off		
1540	dup:Гарбуз		Shopping_ads	season_off		
1543401837	dup:Гарбуз					
1544			Shopping_ads	season_off		
1545			Shopping_ads	ne_v_nayavnosti		
1546	dup:Гарбуз		Shopping_ads	season_off		
1547	dup:Гарбуз		Shopping_ads	season_off		
1548	dup:Гарбуз		Shopping_ads	season_off		
1549	dup:Гарбуз		Shopping_ads	season_off		
1550			Shopping_ads	season_off		
1551	dup:Гарбуз		Shopping_ads	season_off		
1552	dup:Гарбуз		Shopping_ads	season_off		
1553			Shopping_ads	ne_v_nayavnosti		
1554	dup:Гарбуз		Shopping_ads	season_off		
1555	dup:Тиква		Shopping_ads	ne_v_nayavnosti		
1556	dup:Гарбуз		Shopping_ads	season_off		
1557	dup:Гарбуз		Shopping_ads	season_off		
1560	dup:Тиква		Shopping_ads	ne_v_nayavnosti		
1561	dup:Гарбуз		Shopping_ads	season_off		
1564	dup:Гарбуз		Shopping_ads	season_off		
1565	dup:Тиква		Shopping_ads	ne_v_nayavnosti		
1566	dup:Гарбуз		Shopping_ads	season_off		
1569	dup:Гарбуз		Shopping_ads	season_off		
1570			Shopping_ads	ne_v_nayavnosti		
1575	dup:Гарбуз		Shopping_ads	season_off		
1580	dup:Гарбуз		Shopping_ads	season_off		
1583	dup:Гарбуз		Shopping_ads	season_off		
1584	dup:Гарбуз		Shopping_ads	season_off		prybutok
1585	dup:Гарбуз		Shopping_ads	season_off		
1586	dup:Гарбуз		Shopping_ads	season_off		
1587	dup:Гарбуз		Shopping_ads	season_off		
1588	dup:Гарбуз		Shopping_ads	season_off		
1589	dup:Гарбуз		Shopping_ads	season_off		
1592			Shopping_ads	ne_v_nayavnosti		
1595	dup:Гарбуз		Shopping_ads	season_off		
1596	dup:Гарбуз		Shopping_ads	season_off		
1597	dup:Гарбуз		Shopping_ads	season_off		
1598	dup:Гарбуз		Shopping_ads	season_off		
1599	dup:Гарбуз		Shopping_ads	season_off		
1602	dup:Гарбуз		Shopping_ads	season_off		
1603	dup:Гарбуз		Shopping_ads	season_off		
1604	dup:Гарбуз		Shopping_ads	season_off		
1605	dup:Гарбуз		Shopping_ads	season_off		
1606	dup:Гарбуз		Shopping_ads	season_off		
1609	dup:Гарбуз		Shopping_ads	season_off		
1612	dup:Гарбуз		Shopping_ads	ne_v_nayavnosti		
1615	dup:Гарбуз		Shopping_ads	season_off		
1616	dup:Тиква		Shopping_ads	ne_v_nayavnosti		
1617	dup:Гарбуз		Shopping_ads	season_off		
1618	dup:Гарбуз		Shopping_ads	season_off		
1619	dup:Гарбуз		Shopping_ads	season_off		
1620	dup:Гарбуз		Shopping_ads	season_off		
1621	dup:Гарбуз		Shopping_ads	season_off		
1622			Shopping_ads	season_off		
1623			Shopping_ads	ne_v_nayavnosti		
1624	dup:Тиква		Shopping_ads	ne_v_nayavnosti		
1625	dup:Гарбуз		Shopping_ads	season_off		
1626	dup:Гарбуз		Shopping_ads	season_off		
1627	dup:Гарбуз		Shopping_ads	ne_v_nayavnosti		
1628	dup:Гарбуз		Shopping_ads	season_off		
1629	dup:Гарбуз		Shopping_ads	season_off		
1630	dup:Гарбуз		Shopping_ads	season_off		
1630623883	dup:Гарбуз					
1631	dup:Тиква		Shopping_ads	ne_v_nayavnosti		
1632			Shopping_ads	season_off		
1633	dup:Гарбуз		Shopping_ads	season_off		
1634			Shopping_ads	season_off		
1635	dup:Гарбуз		Shopping_ads	season_off		
1636	dup:Гарбуз		Shopping_ads	season_off		
1637	dup:Гарбуз		Shopping_ads	season_off		
1638			Shopping_ads	season_off		
1638464211	dup:Гарбуз					cina
1639			Shopping_ads	season_off		
1645	dup:Гарбуз		Shopping_ads	ne_v_nayavnosti		
1646			Shopping_ads	season_off		
1647	dup:Гарбуз		Shopping_ads	season_off		
1648	dup:Гарбуз		Shopping_ads	season_off		
1649	dup:Гарбуз		Shopping_ads	season_off		
1650	dup:Гарбуз		Shopping_ads	season_off		
1651	dup:Гарбуз		Shopping_ads	season_off		
1652	dup:Тиква		Shopping_ads	ne_v_nayavnosti		
1653	dup:Гарбуз		Shopping_ads	season_off		
1654	dup:Гарбуз		Shopping_ads	season_off		
1657	dup:Гарбуз		Shopping_ads	season_off		
1658	dup:Гарбуз		Shopping_ads	season_off		
1659	dup:Гарбуз		Shopping_ads	season_off		
1660	dup:Тиква		Shopping_ads	ne_v_nayavnosti		
1661	dup:Гарбуз		Shopping_ads	season_off		
1662	dup:Гарбуз		Shopping_ads	season_off		
1663	dup:Гарбуз		Shopping_ads	season_off		
1666	dup:Гарбуз		Shopping_ads	season_off		
1667	dup:Гарбуз		Shopping_ads	season_off		
1668	dup:Гарбуз		Shopping_ads	season_off		
1669	dup:Гарбуз		Shopping_ads	season_off		
1672	dup:Тиква		Shopping_ads	ne_v_nayavnosti		
1673	dup:Гарбуз		Shopping_ads	season_off		
1674	dup:Гарбуз		Shopping_ads	season_off		
1675			Shopping_ads	season_off		
1680			Shopping_ads	season_off		
1681	dup:Гарбуз		Shopping_ads	season_off		
1682	dup:Гарбуз		Shopping_ads	season_off		
1683	dup:Тиква		Shopping_ads	ne_v_nayavnosti		
1684	dup:Гарбуз		Shopping_ads	season_off		
1685	dup:Гарбуз		Shopping_ads	season_off		
1686			Shopping_ads	ne_v_nayavnosti		
1687	dup:Тиква		Shopping_ads	ne_v_nayavnosti		
169/168	dup:Гарбуз					
1690	dup:Гарбуз		Shopping_ads	season_off		prybutok
1693	dup:Гарбуз		Shopping_ads	season_off		
1694	dup:Гарбуз		Shopping_ads	season_off		
1697	dup:Гарбуз		Shopping_ads	season_off		
1703	dup:Гарбуз		Shopping_ads	season_off		
1704	dup:Тиква		Shopping_ads	ne_v_nayavnosti		
1705	dup:Гарбуз		Shopping_ads	season_off		
1706			Shopping_ads	season_off		
1707	dup:Тиква		Shopping_ads	ne_v_nayavnosti		
1708			Shopping_ads	season_off		
1709	dup:Гарбуз		Shopping_ads	season_off		
1716	dup:Гарбуз		Shopping_ads	season_off		
1717	dup:Тиква		Shopping_ads	ne_v_nayavnosti		
1718	dup:Гарбуз		Shopping_ads	season_off		
1719			Shopping_ads	ne_v_nayavnosti		
1720	dup:Тиква		Shopping_ads	ne_v_nayavnosti		
1721	dup:Тиква		Shopping_ads	ne_v_nayavnosti		
1722			Shopping_ads	ne_v_nayavnosti		
1723			Shopping_ads	season_off		
1724			Shopping_ads	season_off		
1725			Shopping_ads	ne_v_nayavnosti		
1726			Shopping_ads	season_off		
1727	dup:Гарбуз		Shopping_ads	season_off		
1728			Shopping_ads	ne_v_nayavnosti		
1729			Shopping_ads	ne_v_nayavnosti		
1730	dup:Гарбуз		Shopping_ads	season_off		
1731	dup:Гарбуз		Shopping_ads	ne_v_nayavnosti		
1732	dup:Гарбуз		Shopping_ads	season_off		
1733			Shopping_ads	season_off		
1734			Shopping_ads	ne_v_nayavnosti		
1735			Shopping_ads	season_off		
1736			Shopping_ads	ne_v_nayavnosti		
1737			Shopping_ads	ne_v_nayavnosti		
1738			Shopping_ads	season_off		
1739	dup:Гарбуз		Shopping_ads	season_off		
1740	dup:Тиква		Shopping_ads	ne_v_nayavnosti		
1741	dup:Тиква		Shopping_ads	ne_v_nayavnosti		
1742	dup:Гарбуз		Shopping_ads	season_off		
1743			Shopping_ads	ne_v_nayavnosti		
1744	dup:Тиква		Shopping_ads	ne_v_nayavnosti		
1745	dup:Тиква		Shopping_ads	ne_v_nayavnosti		
1746			Shopping_ads	season_off		
1747			Shopping_ads	ne_v_nayavnosti		
1748	dup:Гарбуз		Shopping_ads	season_off		
1749			Shopping_ads	ne_v_nayavnosti		
1750			Shopping_ads	ne_v_nayavnosti		
1751	dup:Тиква		Shopping_ads	ne_v_nayavnosti		
1752			Shopping_ads	ne_v_nayavnosti		
1753			Shopping_ads	season_off		
1754			Shopping_ads	season_off		
1755	dup:Тиква		Shopping_ads	ne_v_nayavnosti		
1756	dup:Тиква		Shopping_ads	ne_v_nayavnosti		
1757	dup:Тиква		Shopping_ads	ne_v_nayavnosti		
1758			Shopping_ads	season_off		
1759			Shopping_ads	ne_v_nayavnosti		
1760			Shopping_ads	ne_v_nayavnosti		
1761	dup:Тиква		Shopping_ads	ne_v_nayavnosti		
1762			Shopping_ads	ne_v_nayavnosti		
1763			Shopping_ads	ne_v_nayavnosti		
1764			Shopping_ads	ne_v_nayavnosti		
1765			Shopping_ads	season_off		
1766	dup:Гарбуз		Shopping_ads	season_off		
1767	dup:Гарбуз		Shopping_ads	season_off		
1768			Shopping_ads	ne_v_nayavnosti		
1769	dup:Гарбуз		Shopping_ads	season_off		
1770			Shopping_ads	season_off		
1771	dup:Гарбуз		Shopping_ads	season_off		
1772	dup:Гарбуз		Shopping_ads	season_off		
1773	dup:Гарбуз		Shopping_ads	season_off		
1774	dup:Гарбуз		Shopping_ads	season_off		
1775			Shopping_ads	ne_v_nayavnosti		
1776	dup:Тиква		Shopping_ads	ne_v_nayavnosti		
1777	dup:Гарбуз		Shopping_ads	season_off		
1781			Shopping_ads	season_off		
1782	dup:Гарбуз		Shopping_ads	season_off		
1783	dup:Гарбуз		Shopping_ads	season_off		
1784	dup:Тиква		Shopping_ads	ne_v_nayavnosti		
1785	dup:Гарбуз		Shopping_ads	season_off		
1786	dup:Гарбуз		Shopping_ads	season_off		
1789	dup:Гарбуз		Shopping_ads	season_off		
1790	dup:Гарбуз		Shopping_ads	season_off		
1791	dup:Гарбуз		Shopping_ads	season_off		
1792	dup:Тиква		Shopping_ads	ne_v_nayavnosti		
1793	dup:Гарбуз		Shopping_ads	season_off		
1794	dup:Гарбуз		Shopping_ads	season_off		
1795	dup:Гарбуз		Shopping_ads	season_off		
1796	dup:Гарбуз		Shopping_ads	season_off		
1797	dup:Гарбуз		Shopping_ads	season_off		
1798	dup:Гарбуз		Shopping_ads	season_off		
1801	dup:Гарбуз		Shopping_ads	season_off		
1802	dup:Гарбуз		Shopping_ads	season_off		
1803	dup:Гарбуз		Shopping_ads	season_off		
1804			Shopping_ads	season_off		
1805	dup:Гарбуз		Shopping_ads	season_off		
1806	dup:Гарбуз		Shopping_ads	season_off		
1807	dup:Гарбуз		Shopping_ads	season_off		
1808	dup:Гарбуз		Shopping_ads	season_off		
1809	dup:Гарбуз		Shopping_ads	season_off		
1810	dup:Тиква		Shopping_ads	ne_v_nayavnosti		
1811	dup:Гарбуз		Shopping_ads	season_off		
1812	dup:Гарбуз		Shopping_ads	season_off		
1815	dup:Тиква		Shopping_ads	ne_v_nayavnosti		
1816			Shopping_ads	season_off		
1819	dup:Тиква		Shopping_ads	ne_v_nayavnosti		
1822	dup:Гарбуз		Shopping_ads	season_off		
1823	dup:Гарбуз		Shopping_ads	season_off		
1824	dup:Гарбуз		Shopping_ads	season_off		
1825	dup:Гарбуз		Shopping_ads	season_off		
1826	dup:Гарбуз		Shopping_ads	season_off		
1827	dup:Гарбуз		Shopping_ads	season_off		
1828	dup:Гарбуз		Shopping_ads	season_off		
1829	dup:Гарбуз		Shopping_ads	season_off		
1830	dup:Гарбуз		Shopping_ads	season_off		
1833	dup:Гарбуз		Shopping_ads	season_off		
1834	dup:Гарбуз		Shopping_ads	season_off		
1835	dup:Гарбуз		Shopping_ads	season_off		
1836	dup:Гарбуз		Shopping_ads	season_off		
1837	dup:Гарбуз		Shopping_ads	season_off		
1838	dup:Гарбуз		Shopping_ads	season_off		
1839	dup:Гарбуз		Shopping_ads	season_off		
1842	dup:Гарбуз		Shopping_ads	season_off		
1843	dup:Гарбуз		Shopping_ads	season_off		
1844	dup:Гарбуз		Shopping_ads	season_off		
1845	dup:Гарбуз		Shopping_ads	season_off		
1846	dup:Гарбуз		Shopping_ads	season_off		
1847	dup:Гарбуз		Shopping_ads	season_off		
1848	dup:Гарбуз		Shopping_ads	season_off		
1849	dup:Гарбуз		Shopping_ads	season_off		
1852	dup:Гарбуз		Shopping_ads	season_off		
1853	dup:Гарбуз		Shopping_ads	season_off		
1854	dup:Гарбуз		Shopping_ads	season_off		
1855	dup:Тиква		Shopping_ads	ne_v_nayavnosti		
1856	dup:Тиква		Shopping_ads	ne_v_nayavnosti		
1857	dup:Гарбуз		Shopping_ads	season_off		
1858	dup:Гарбуз		Shopping_ads	season_off		
1865	dup:Тиква		Shopping_ads	ne_v_nayavnosti		
1866	dup:Гарбуз		Shopping_ads	season_off		
1867	dup:Тиква		Shopping_ads	ne_v_nayavnosti		
1870	dup:Гарбуз		Shopping_ads	season_off		
1871	dup:Гарбуз		Shopping_ads	season_off		
1872			Shopping_ads	season_off		
1873	dup:Гарбуз		Shopping_ads	season_off		
1874	dup:Гарбуз		Shopping_ads	season_off		
1875			Shopping_ads	season_off		
1876			Shopping_ads	season_off		
1877	dup:Гарбуз		Shopping_ads	season_off		
1878	dup:Гарбуз		Shopping_ads	season_off		
1879	dup:Гарбуз		Shopping_ads	season_off		
1880			Shopping_ads	ne_v_nayavnosti		
1881	dup:Гарбуз		Shopping_ads	season_off		
1882	dup:Гарбуз		Shopping_ads	season_off		
1883	dup:Гарбуз		Shopping_ads	season_off		
1884	dup:Гарбуз		Shopping_ads	season_off		
1885	dup:Гарбуз		Shopping_ads	ne_v_nayavnosti		
1886	dup:Тиква		Shopping_ads	ne_v_nayavnosti		
1887	dup:Гарбуз		Shopping_ads	season_off		
1888	dup:Гарбуз		Shopping_ads	season_off		
1889			Shopping_ads	season_off		
1890	dup:Гарбуз		Shopping_ads	ne_v_nayavnosti		
1893	dup:Гарбуз		Shopping_ads	season_off		
1896	dup:Гарбуз		Shopping_ads	season_off		
1897	dup:Гарбуз		Shopping_ads	season_off		
1898	dup:Гарбуз		Shopping_ads	season_off		
1899	dup:Гарбуз		Shopping_ads	season_off		
19-04-003	dup:Гарбуз					
1900	dup:Гарбуз		Shopping_ads	season_off		
1901	dup:Гарбуз		Shopping_ads	season_off		
1902	dup:Гарбуз		Shopping_ads	season_off		
1903	dup:Гарбуз		Shopping_ads	season_off		
1906	dup:Гарбуз		Shopping_ads	season_off		
1907			Shopping_ads	ne_v_nayavnosti		
1908	dup:Гарбуз		Shopping_ads	season_off		
1909	dup:Тиква		Shopping_ads	ne_v_nayavnosti		
1910			Shopping_ads	season_off		
1911	dup:Гарбуз		Shopping_ads	season_off		
1912	dup:Гарбуз		Shopping_ads	season_off		
1913	dup:Гарбуз		Shopping_ads	season_off		
1916			Shopping_ads	season_off		
1919	dup:Гарбуз		Shopping_ads	season_off		
1920	dup:Гарбуз		Shopping_ads	season_off		
1921	dup:Гарбуз		Shopping_ads	season_off		
1922	dup:Гарбуз		Shopping_ads	season_off		
1923	dup:Гарбуз		Shopping_ads	season_off		
1924	dup:Тиква		Shopping_ads	ne_v_nayavnosti		
1925	dup:Гарбуз		Shopping_ads	season_off		
1926	dup:Гарбуз		Shopping_ads	season_off		
1927	dup:Гарбуз		Shopping_ads	season_off		prybutok
1928	dup:Гарбуз		Shopping_ads	season_off		prybutok
1929	dup:Гарбуз		Shopping_ads	season_off		
1930	dup:Гарбуз		Shopping_ads	season_off		
1931			Shopping_ads	season_off		
1932	dup:Гарбуз		Shopping_ads	season_off		
1933	dup:Гарбуз		Shopping_ads	season_off		
1934	dup:Гарбуз		Shopping_ads	season_off		
1935	dup:Гарбуз		Shopping_ads	season_off		
1936	dup:Гарбуз		Shopping_ads	season_off		
1937	dup:Гарбуз		Shopping_ads	season_off		
1938	dup:Гарбуз		Shopping_ads	season_off		
1939	dup:Гарбуз		Shopping_ads	season_off		
1940	dup:Гарбуз		Shopping_ads	season_off		
1941	dup:Гарбуз		Shopping_ads	season_off		
1942	dup:Гарбуз		Shopping_ads	season_off		
1943	dup:Гарбуз		Shopping_ads	season_off		
1944	dup:Гарбуз		Shopping_ads	season_off		
1945	dup:Гарбуз		Shopping_ads	season_off		
1946	dup:Тиква		Shopping_ads	ne_v_nayavnosti		
1947	dup:Гарбуз		Shopping_ads	season_off		
1948	dup:Гарбуз		Shopping_ads	season_off		
1949	dup:Гарбуз		Shopping_ads	season_off		
1950	dup:Гарбуз		Shopping_ads	season_off		
1953			Shopping_ads	season_off		
1954	dup:Гарбуз		Shopping_ads	season_off		
1955	dup:Тиква		Shopping_ads	ne_v_nayavnosti		
1956	dup:Гарбуз		Shopping_ads	season_off		
1957	dup:Тиква		Shopping_ads	ne_v_nayavnosti		
1958	dup:Гарбуз		Shopping_ads	season_off		
1959			Shopping_ads	season_off		
1960	dup:Тиква		Shopping_ads	ne_v_nayavnosti		
1961	dup:Гарбуз		Shopping_ads	season_off		
1964			Shopping_ads	ne_v_nayavnosti		
1967	dup:Гарбуз		Shopping_ads	season_off		
1968	dup:Тиква		Shopping_ads	ne_v_nayavnosti		
1969	dup:Гарбуз		Shopping_ads	season_off		
1970	dup:Гарбуз		Shopping_ads	season_off		
1971	dup:Гарбуз		Shopping_ads	season_off		
1972	dup:Тиква		Shopping_ads	ne_v_nayavnosti		
1973	dup:Тиква		Shopping_ads	ne_v_nayavnosti		
1974	dup:Тиква		Shopping_ads	ne_v_nayavnosti		
1975			Shopping_ads	ne_v_nayavnosti		
1976			Shopping_ads	season_off		
1977	dup:Гарбуз		Shopping_ads	season_off		
1978			Shopping_ads	ne_v_nayavnosti		
1979	dup:Гарбуз		Shopping_ads	season_off		
1980			Shopping_ads	ne_v_nayavnosti		
1981			Shopping_ads	ne_v_nayavnosti		
1982			Shopping_ads	ne_v_nayavnosti		
1983			Shopping_ads	ne_v_nayavnosti		
1984	dup:Тиква		Shopping_ads	ne_v_nayavnosti		
1985	dup:Гарбуз		Shopping_ads	season_off		
1986			Shopping_ads	season_off		
1987	dup:Тиква		Shopping_ads	ne_v_nayavnosti		
1988	dup:Гарбуз		Shopping_ads	ne_v_nayavnosti		
1989	dup:Тиква		Shopping_ads	ne_v_nayavnosti		
1990	dup:Тиква		Shopping_ads	ne_v_nayavnosti		
1991			Shopping_ads	ne_v_nayavnosti		
1992			Shopping_ads	ne_v_nayavnosti		
1993	dup:Гарбуз		Shopping_ads	ne_v_nayavnosti		
1994			Shopping_ads	ne_v_nayavnosti		
1995			Shopping_ads	ne_v_nayavnosti		
1996	dup:Тиква		Shopping_ads	ne_v_nayavnosti		
1997			Shopping_ads	ne_v_nayavnosti		
1998	dup:Тиква		Shopping_ads	ne_v_nayavnosti		
1999	dup:Тиква		Shopping_ads	ne_v_nayavnosti		
200-D5	dup:Гарбуз					
2000			Shopping_ads	ne_v_nayavnosti		
2001	dup:Гарбуз		Shopping_ads	season_off		
2002	dup:Гарбуз		Shopping_ads	season_off		
2003	dup:Тиква		Shopping_ads	ne_v_nayavnosti		
2004			Shopping_ads	season_off		
2005			Shopping_ads	ne_v_nayavnosti		
2006			Shopping_ads	ne_v_nayavnosti		
2007	dup:Гарбуз		Shopping_ads	season_off		
2008	dup:Гарбуз		Shopping_ads	season_off		
2009	dup:Гарбуз		Shopping_ads	season_off		
2014			Shopping_ads	ne_v_nayavnosti		
2015	dup:Гарбуз		Shopping_ads	season_off		
2016	dup:Гарбуз		Shopping_ads	season_off		
2017	dup:Гарбуз		Shopping_ads	season_off		
2018	dup:Гарбуз		Shopping_ads	season_off		
2019	dup:Гарбуз		Shopping_ads	season_off		
2020	dup:Гарбуз		Shopping_ads	season_off		
2021	dup:Тиква		Shopping_ads	ne_v_nayavnosti		
2022	dup:Гарбуз		Shopping_ads	season_off		
2023	dup:Гарбуз		Shopping_ads	season_off		
2024	dup:Гарбуз		Shopping_ads	season_off		
2025	dup:Гарбуз		Shopping_ads	season_off		
2026	dup:Гарбуз		Shopping_ads	season_off		
2027	dup:Тиква		Shopping_ads	ne_v_nayavnosti		
2028	dup:Гарбуз		Shopping_ads	season_off		
2029	dup:Гарбуз		Shopping_ads	season_off		
2030	dup:Гарбуз		Shopping_ads	season_off		
2031			Shopping_ads	ne_v_nayavnosti		
2034	dup:Гарбуз		Shopping_ads	season_off		
2035			Shopping_ads	season_off		
2036			Shopping_ads	ne_v_nayavnosti		
2037			Shopping_ads	ne_v_nayavnosti		
2038			Shopping_ads	ne_v_nayavnosti		
2039			Shopping_ads	season_off		
2040	dup:Тиква		Shopping_ads	ne_v_nayavnosti		
2041			Shopping_ads	ne_v_nayavnosti		
2044			Shopping_ads	season_off		
2045			Shopping_ads	ne_v_nayavnosti		
2048	dup:Гарбуз					
2049	dup:Гарбуз		Shopping_ads	ne_v_nayavnosti		
2050	dup:Гарбуз		Shopping_ads	ne_v_nayavnosti		
2051	dup:Гарбуз					
2052	dup:Гарбуз					
2053	dup:Гарбуз					
2054	dup:Гарбуз					
2055	dup:Гарбуз					
2056	dup:Гарбуз					
2057	dup:Гарбуз					
2058	dup:Гарбуз					
2060	dup:Гарбуз					
2061	dup:Гарбуз					
2062	dup:Гарбуз					
2063	dup:Гарбуз					
2064	dup:Гарбуз					
2065	dup:Гарбуз					
2066	dup:Гарбуз					
2067	dup:Гарбуз					
2068	dup:Гарбуз					
2069	dup:Гарбуз					
2070	dup:Гарбуз					
2072	dup:Гарбуз					
2073	dup:Гарбуз					
2074	dup:Гарбуз					
2075	dup:Гарбуз					
2076	dup:Гарбуз					prybutok
2078			Shopping_ads	ne_v_nayavnosti		
2079	dup:Гарбуз					
2080	dup:Гарбуз					prybutok
2083	dup:Гарбуз					
2084	dup:Гарбуз					
2085	dup:Гарбуз					
2086	dup:Гарбуз					
2087	dup:Гарбуз					
2088	dup:Гарбуз					prybutok
2089	dup:Гарбуз					prybutok
2090	dup:Гарбуз					prybutok
2093						prybutok
2094	dup:Гарбуз		Shopping_ads	season_off		
20953			Shopping_ads	ne_v_nayavnosti		
2096			Shopping_ads	ne_v_nayavnosti		
2098	dup:Гарбуз					
2099	dup:Гарбуз					
21-009	dup:Гарбуз					prybutok
21-012	dup:Гарбуз					
2100	dup:Гарбуз					
2101	dup:Гарбуз					
2102	dup:Тиква		Shopping_ads	ne_v_nayavnosti		
2102583814	dup:Гарбуз	ads_low				stop
2110115127	dup:Гарбуз					
2116	dup:Гарбуз					
2117	dup:Гарбуз					
2118	dup:Гарбуз					
212-260	dup:Гарбуз					
2120	dup:Гарбуз					
2153857223	dup:Гарбуз					prybutok
2155	dup:Гарбуз					
2156	dup:Гарбуз					
2171	dup:Гарбуз					
2172	dup:Гарбуз					prybutok
2172732871	dup:Гарбуз					prybutok
2176724413	dup:Гарбуз					prybutok
2176752082	dup:Гарбуз					
2177747670	dup:Гарбуз					
2178587164	dup:Гарбуз					
2178686750	dup:Гарбуз					
2179740505	dup:Гарбуз					
2190	dup:Гарбуз					
2194933741	dup:Гарбуз		Shopping_ads	season_off		
2195816812	dup:Гарбуз		Shopping_ads	season_off		prybutok
2198561606	dup:Гарбуз		Shopping_ads	season_off		
2198901549	dup:Гарбуз					
2199670358	dup:Гарбуз		Shopping_ads	season_off		prybutok
2199783989	dup:Гарбуз		Shopping_ads	season_off		prybutok
22-001	dup:Гарбуз					
22-019	dup:Гарбуз					
22-020	dup:Гарбуз					
22-022	dup:Гарбуз					
2211	dup:Гарбуз					prybutok
2212						prybutok
2213	dup:Гарбуз					
2214	dup:Гарбуз					
2215	dup:Гарбуз					
2216	dup:Гарбуз					
2217	dup:Гарбуз					
2218						prybutok
2218593537	dup:Гарбуз		Shopping_ads	season_off		prybutok
2220	dup:Гарбуз					
2221	dup:Гарбуз					
2222	dup:Гарбуз					
2227233205	dup:Гарбуз					prybutok
2229911329	dup:Гарбуз					prybutok
2230	dup:Гарбуз					
2231	dup:Гарбуз					
2232	dup:Гарбуз					
2234	dup:Гарбуз					
2235	dup:Гарбуз					
2241953441	dup:Гарбуз					
2242629032	dup:Гарбуз					
2248216421	dup:Гарбуз		Shopping_ads	season_off		
2250714408	dup:Гарбуз					
2278	dup:Гарбуз					
2279	dup:Гарбуз					
2280	dup:Гарбуз					
2281	dup:Гарбуз					
2288	dup:Гарбуз					
2289	dup:Гарбуз					
2290	dup:Гарбуз					
22900			Shopping_ads	ne_v_nayavnosti		
2295112955	dup:Гарбуз					prybutok
2296409524	dup:Гарбуз					prybutok
23-001	dup:Гарбуз					
23-003	dup:Гарбуз					
23-011	dup:Гарбуз					
2315974265	dup:Гарбуз		Shopping_ads	season_off		
2316000974	dup:Гарбуз					
2316010341	dup:Гарбуз		Shopping_ads	ne_v_nayavnosti		
2316013081	dup:Гарбуз		Shopping_ads	season_off		
2321	dup:Гарбуз					
2322			Shopping_ads	ne_v_nayavnosti		
2323-10KG			Shopping_ads	ne_v_nayavnosti		
2323-1KG			Shopping_ads	ne_v_nayavnosti		
2325	dup:Гарбуз					
2326	dup:Гарбуз					
2327	dup:Гарбуз					
2328	dup:Гарбуз					
2329	dup:Гарбуз					
2330	dup:Гарбуз					
2331	dup:Гарбуз					
2332	dup:Гарбуз					
2333	dup:Гарбуз					
2334	dup:Гарбуз					
2335			Shopping_ads	ne_v_nayavnosti		
2335_37		ads_zero				stop
2335_45						prybutok
2338			Shopping_ads	ne_v_nayavnosti		
2340			Shopping_ads	ne_v_nayavnosti		prybutok
2344	dup:Гарбуз					
2345	dup:Едім		Shopping_ads	ne_v_nayavnosti		
2346	dup:Гарбуз					prybutok
2348						prybutok
2362	dup:Гарбуз					prybutok
2366			Shopping_ads	ne_v_nayavnosti		
2373	dup:Гарбуз					prybutok
2374						stop
2375	dup:Гарбуз		Shopping_ads	season_off		
2376	dup:Гарбуз		Shopping_ads	ne_v_nayavnosti		
2377	dup:Гарбуз		Shopping_ads	season_off		
2378	dup:Гарбуз		Shopping_ads	season_off		
2380493021	dup:Гарбуз					
2381	dup:Гарбуз		Shopping_ads	season_off		
2381161316	dup:Гарбуз					
2381426800	dup:Гарбуз					
2382629250	dup:Гарбуз		Shopping_ads	season_off		
2383	dup:Гарбуз		Shopping_ads	season_off		
2384	dup:Гарбуз		Shopping_ads	ne_v_nayavnosti		
2385	dup:Гарбуз		Shopping_ads	season_off		
2386724181	dup:Гарбуз					
2386731587	dup:Гарбуз					
2388	dup:Гарбуз		Shopping_ads	season_off		
2392			Shopping_ads	ne_v_nayavnosti		
2393	dup:Гарбуз		Shopping_ads	season_off		
2394	dup:Гарбуз		Shopping_ads	season_off		
2395	dup:Гарбуз		Shopping_ads	season_off		
2396	dup:Гарбуз		Shopping_ads	season_off		
2397	dup:Гарбуз		Shopping_ads	season_off		
2407			Shopping_ads	season_off		
2408			Shopping_ads	season_off		
2409			Shopping_ads	season_off		
2410			Shopping_ads	season_off		
2411			Shopping_ads	ne_v_nayavnosti		
2415			Shopping_ads	ne_v_nayavnosti		
2417			Shopping_ads	season_off		
2419	dup:Гарбуз					
2420	dup:Гарбуз					
2421	dup:Гарбуз		Shopping_ads	ne_v_nayavnosti		
2423	dup:Гарбуз					
2424	dup:Гарбуз					
2427	dup:Гарбуз					
2428	dup:Гарбуз					
2429	dup:Гарбуз					
2430	dup:Гарбуз					prybutok
2433	dup:Гарбуз					
2434	dup:Гарбуз					
2437			Shopping_ads	ne_v_nayavnosti		
2438	dup:Гарбуз					
2443	dup:Гарбуз					
2444	dup:Гарбуз					
2445	dup:Гарбуз					
2446	dup:Гарбуз		Shopping_ads	ne_v_nayavnosti		
2447	dup:Едім		Shopping_ads	ne_v_nayavnosti		
2448	dup:Едім		Shopping_ads	ne_v_nayavnosti		prybutok
2449	dup:Гарбуз					prybutok
2450	dup:Гарбуз					
2451	dup:Гарбуз					
2452	dup:Гарбуз					
2453	dup:Гарбуз					
2454	dup:Гарбуз					
2455	dup:Гарбуз					
2456	dup:Гарбуз					prybutok
2457	dup:Гарбуз					
2458	dup:Гарбуз					
2459	dup:Гарбуз					
2460	dup:Гарбуз					
2461	dup:Гарбуз					
2462	dup:Гарбуз					
2463			Shopping_ads	ne_v_nayavnosti		
2464	dup:Гарбуз					prybutok
2465	dup:Гарбуз		Shopping_ads	ne_v_nayavnosti		
2466	dup:Гарбуз					
2467	dup:Гарбуз					prybutok
2468	dup:Гарбуз					
2469	dup:Гарбуз					
2470	dup:Гарбуз					prybutok
2471						prybutok
2472						prybutok
2474	dup:Гарбуз					
2475	dup:Гарбуз					
2475804862	dup:Гарбуз					
2475873931	dup:Гарбуз					
2479	dup:Гарбуз					
25-001	dup:Гарбуз					
25-012	dup:Гарбуз					
2500	dup:Гарбуз					
2501	dup:Гарбуз					
2502	dup:Гарбуз					
2503	dup:Гарбуз					
2504	dup:Гарбуз					
2505	dup:Тиква		Shopping_ads	ne_v_nayavnosti		
2506	dup:Едім		Shopping_ads	ne_v_nayavnosti		
2507	dup:Гарбуз					
2508	dup:Гарбуз					prybutok
2509	dup:Гарбуз					
2510	dup:Гарбуз					prybutok
2511	dup:Гарбуз					
2511654018	dup:Гарбуз		Shopping_ads	ne_v_nayavnosti		
2511798202	dup:Гарбуз					prybutok
2512	dup:Гарбуз					
2513	dup:Гарбуз					prybutok
2514	dup:Гарбуз					
2515	dup:Гарбуз					
2516	dup:Гарбуз					
2517	dup:Гарбуз					
2518	dup:Гарбуз					
2519	dup:Гарбуз					
2520	dup:Гарбуз					
2521	dup:Гарбуз					
2522	dup:Гарбуз					
2523	dup:Гарбуз					
2525	dup:Гарбуз					prybutok
2526	dup:Гарбуз					
2527	dup:Гарбуз					
2528	dup:Гарбуз					prybutok
2529	dup:Гарбуз					
2529385480	dup:Гарбуз					
2530	dup:Гарбуз					
2531	dup:Гарбуз					
2532	dup:Гарбуз					
2533	dup:Гарбуз					
2534	dup:Гарбуз					
2535	dup:Гарбуз					
2536	dup:Гарбуз					
2537	dup:Гарбуз					
2537800811	dup:Гарбуз					
2537804920	dup:Гарбуз					prybutok
2538	dup:Гарбуз					
2539	dup:Гарбуз					
2540	dup:Гарбуз					
2541	dup:Гарбуз					
2542	dup:Гарбуз					
2543	dup:Гарбуз					
2544	dup:Гарбуз					
2545	dup:Гарбуз					
2545298035	dup:Гарбуз		Shopping_ads	season_off		
2546	dup:Гарбуз					
2547	dup:Гарбуз					
2548	dup:Гарбуз					
2549	dup:Гарбуз					
2550	dup:Гарбуз					
2551	dup:Гарбуз					
2552	dup:Гарбуз					
2554	dup:Едім		Shopping_ads	ne_v_nayavnosti		
2555	dup:Гарбуз					
2555367931	dup:Гарбуз		Shopping_ads	season_off		
2557			Shopping_ads	ne_v_nayavnosti		
2560671214	dup:Гарбуз					prybutok
2563	dup:Гарбуз		Shopping_ads	ne_v_nayavnosti		
2564	dup:Едім		Shopping_ads	ne_v_nayavnosti		
2570	dup:Гарбуз					
2571	dup:Гарбуз					
2572	dup:Гарбуз					
2573	dup:Гарбуз					
2574	dup:Гарбуз					
2575	dup:Гарбуз					
2576	dup:Гарбуз					
2577	dup:Гарбуз					
2578	dup:Гарбуз					
2579	dup:Гарбуз					
2580	dup:Гарбуз					
2581	dup:Гарбуз					prybutok
2582	dup:Гарбуз					
2583	dup:Гарбуз					
2584	dup:Гарбуз					
2585	dup:Гарбуз					
2586	dup:Гарбуз					
2587	dup:Гарбуз					
2588	dup:Гарбуз					
2588983035	dup:Гарбуз					
2589	dup:Гарбуз					
2589002150	dup:Гарбуз					
2589018862	dup:Гарбуз					
2589725305	dup:Гарбуз					
2590	dup:Гарбуз					
2591			Shopping_ads	ne_v_nayavnosti		
2592	dup:Гарбуз					
2593	dup:Гарбуз					
2594	dup:Гарбуз					
2598	dup:Гарбуз					
26-008	dup:Гарбуз					
2601	dup:Гарбуз					
2602	dup:Гарбуз					
2603	dup:Гарбуз					
2604	dup:Гарбуз					
2605	dup:Гарбуз					
2605598806	dup:Едім		Shopping_ads	ne_v_nayavnosti		prybutok
2605611336	dup:Гарбуз					prybutok
2605630301	dup:Гарбуз					prybutok
2605643426	dup:Гарбуз					prybutok
2606	dup:Гарбуз					
2607	dup:Гарбуз					
2608	dup:Гарбуз					
2608823706	dup:Гарбуз					
2608919799	dup:Гарбуз					
2608921145	dup:Гарбуз					
2608924487	dup:Гарбуз					
2608929276	dup:Гарбуз					prybutok
2608934532	dup:Гарбуз					
2608934876	dup:Гарбуз					
2608975939	dup:Гарбуз					
2608978794	dup:Гарбуз					
2608992514	dup:Гарбуз					
2608995574	dup:Гарбуз					
2608997738	dup:Гарбуз					
2609	dup:Гарбуз					
2609000973	dup:Гарбуз					
2609004088	dup:Гарбуз					
2609005324	dup:Гарбуз					
2609008577	dup:Гарбуз					
2609048795	dup:Гарбуз					
2609052517	dup:Гарбуз					
2609053451	dup:Гарбуз					
2609056889	dup:Гарбуз					
2609063024	dup:Гарбуз					
2609078839	dup:Гарбуз					
2609081676	dup:Гарбуз					
2609082896	dup:Гарбуз					prybutok
2609083726	dup:Гарбуз					
2609084423	dup:Гарбуз					
2609085228	dup:Гарбуз					
2610	dup:Гарбуз					
2610796288	dup:Гарбуз					
2610875221	dup:Гарбуз					
2611	dup:Гарбуз					
2611792615	dup:Гарбуз					
2611796648	dup:Гарбуз					
2611809512	dup:Гарбуз					prybutok
2611966474	dup:Гарбуз					
2612	dup:Гарбуз					
2612003639	dup:Гарбуз					prybutok
2612091819	dup:Гарбуз					
2612105534	dup:Гарбуз					
2612317126	dup:Гарбуз					
2613	dup:Гарбуз					
2614	dup:Гарбуз					
2615	dup:Гарбуз					
2616	dup:Гарбуз					
2617	dup:Гарбуз					
2618	dup:Гарбуз					
2619	dup:Гарбуз					
2620	dup:Гарбуз					
2621	dup:Гарбуз					
2622	dup:Гарбуз					
2632	dup:Гарбуз					
2635	dup:Гарбуз					
2636	dup:Едім		Shopping_ads	ne_v_nayavnosti		
2642	dup:Гарбуз		Shopping_ads	ne_v_nayavnosti		
2643	dup:Гарбуз					
2644	dup:Гарбуз					
2645	dup:Едім		Shopping_ads	ne_v_nayavnosti		
2646	dup:Гарбуз		Shopping_ads	ne_v_nayavnosti		
2647	dup:Едім		Shopping_ads	ne_v_nayavnosti		
2648	dup:Гарбуз					prybutok
2649	dup:Гарбуз					
2650	dup:Гарбуз					
2651	dup:Гарбуз					prybutok
2652	dup:Гарбуз					
2653	dup:Гарбуз					
2654	dup:Гарбуз					
2655	dup:Гарбуз					prybutok
2656	dup:Гарбуз					
2657	dup:Гарбуз					
2658	dup:Гарбуз					
2662	dup:Гарбуз					
2663	dup:Гарбуз					
2664	dup:Гарбуз		Shopping_ads	ne_v_nayavnosti		
2665	dup:Гарбуз					
2666	dup:Гарбуз					
2667	dup:Гарбуз					prybutok
2668			Shopping_ads	ne_v_nayavnosti		
2672						prybutok
2673						prybutok
2674092732	dup:Гарбуз					
2674093515	dup:Гарбуз					
2675			Shopping_ads	ne_v_nayavnosti		
2676			Shopping_ads	ne_v_nayavnosti		
2677			Shopping_ads	ne_v_nayavnosti		
2680			Shopping_ads	ne_v_nayavnosti		
2680041384	dup:Гарбуз	ads_zero				stop
2682			Shopping_ads	ne_v_nayavnosti		
2683			Shopping_ads	ne_v_nayavnosti		
2685			Shopping_ads	ne_v_nayavnosti		
2686			Shopping_ads	ne_v_nayavnosti		
2687			Shopping_ads	ne_v_nayavnosti		
2688			Shopping_ads	ne_v_nayavnosti		
2693			Shopping_ads	ne_v_nayavnosti		
27-006	dup:Гарбуз					
2702	dup:Гарбуз		Shopping_ads	ne_v_nayavnosti		prybutok
2703	dup:Гарбуз					
2705	dup:Гарбуз		Shopping_ads	season_off		
2710	dup:Гарбуз		Shopping_ads	season_off		
2713	dup:Гарбуз		Shopping_ads	season_off		
2714	dup:Гарбуз		Shopping_ads	season_off		
2720	dup:Гарбуз		Shopping_ads	season_off		
2721	dup:Гарбуз		Shopping_ads	season_off		
2722	dup:Гарбуз		Shopping_ads	season_off		
2723	dup:Гарбуз		Shopping_ads	season_off		
2724	dup:Гарбуз		Shopping_ads	season_off		
2725	dup:Гарбуз		Shopping_ads	season_off		prybutok
2726	dup:Гарбуз					prybutok
2727	dup:Гарбуз					
2732	dup:Гарбуз		Shopping_ads	season_off		
2737	dup:Гарбуз		Shopping_ads	season_off		
2738	dup:Гарбуз		Shopping_ads	season_off		
2739			Shopping_ads	season_off		stop
2740	dup:Гарбуз		Shopping_ads	season_off		
2741	dup:Гарбуз		Shopping_ads	season_off		
2742	dup:Гарбуз		Shopping_ads	season_off		
2743	dup:Гарбуз	ads_zero	Shopping_ads	season_off		stop
2744	dup:Гарбуз		Shopping_ads	season_off		
2745	dup:Гарбуз		Shopping_ads	season_off		
2748	dup:Гарбуз		Shopping_ads	season_off		
2749	dup:Гарбуз		Shopping_ads	season_off		
2750	dup:Гарбуз		Shopping_ads	season_off		
2751	dup:Гарбуз		Shopping_ads	season_off		prybutok
2752	dup:Гарбуз		Shopping_ads	season_off		
2753	dup:Гарбуз		Shopping_ads	season_off		
2754	dup:Гарбуз		Shopping_ads	season_off		
2758	dup:Гарбуз					
2759	dup:Гарбуз					
2760	dup:Гарбуз					
2761	dup:Гарбуз					
2762	dup:Гарбуз					
2763	dup:Гарбуз					
2764	dup:Гарбуз					
2765	dup:Гарбуз					
2766	dup:Гарбуз					
2767	dup:Гарбуз					
2769	dup:Гарбуз					prybutok
2771	dup:Гарбуз		Shopping_ads	ne_v_nayavnosti		
2772	dup:Гарбуз					
2773	dup:Гарбуз					
2774	dup:Гарбуз					
2775	dup:Гарбуз					
2776	dup:Гарбуз					
2777	dup:Гарбуз					
2779	dup:Гарбуз	ads_zero				stop
2782	dup:Гарбуз					
2783	dup:Гарбуз					
2784	dup:Гарбуз					
2785	dup:Гарбуз					
2786	dup:Гарбуз					
2787	dup:Гарбуз					
2788	dup:Гарбуз					
2789	dup:Гарбуз					
2790	dup:Гарбуз					
2791	dup:Гарбуз					
2793	dup:Гарбуз					
2794	dup:Гарбуз					prybutok
2795	dup:Гарбуз					
2796	dup:Гарбуз		Shopping_ads	season_off		
2797	dup:Гарбуз		Shopping_ads	season_off		
2803	dup:Гарбуз		Shopping_ads	season_off		
2811	dup:Гарбуз		Shopping_ads	season_off		
2814	dup:Гарбуз					
2815	dup:Гарбуз					
2817			Shopping_ads	ne_v_nayavnosti		
2823	dup:Гарбуз					
2824	dup:Гарбуз		Shopping_ads	ne_v_nayavnosti		
2836	dup:Гарбуз		Shopping_ads	season_off		
2848	dup:Гарбуз		Shopping_ads	season_off		
2853	dup:Гарбуз					
2856	dup:Гарбуз		Shopping_ads	season_off		
2860	dup:Гарбуз		Shopping_ads	season_off		
2865	dup:Гарбуз		Shopping_ads	season_off		
2866	dup:Гарбуз		Shopping_ads	season_off		
2867	dup:Гарбуз					
2868	dup:Гарбуз		Shopping_ads	season_off		
2871	dup:Гарбуз		Shopping_ads	season_off		
2873	dup:Гарбуз					
2877	dup:Гарбуз		Shopping_ads	ne_v_nayavnosti		
2881	dup:Гарбуз		Shopping_ads	season_off		
2885	dup:Гарбуз		Shopping_ads	season_off		
2886	dup:Гарбуз					
2896	dup:Гарбуз		Shopping_ads	season_off		
2897		ads_zero	Shopping_ads	season_off		stop
2898	dup:Гарбуз					
2898975455	dup:Гарбуз		Shopping_ads	season_off		
2898976537	dup:Тиква		Shopping_ads	ne_v_nayavnosti		
2899884694	dup:Гарбуз					
29-005	dup:Гарбуз					
29-006	dup:Гарбуз					
2902552641	dup:Гарбуз					
2906	dup:Гарбуз		Shopping_ads	season_off		
2909	dup:Гарбуз					prybutok
2910	dup:Гарбуз					
2913	dup:Гарбуз					
2914	dup:Гарбуз					
2916	dup:Гарбуз					
2917	dup:Гарбуз		Shopping_ads	season_off		
2918	dup:Гарбуз		Shopping_ads	season_off		
2921			Shopping_ads	ne_v_nayavnosti		
2922	dup:Гарбуз		Shopping_ads	season_off		
2923	dup:Гарбуз		Shopping_ads	season_off		
2924	dup:Гарбуз		Shopping_ads	season_off		prybutok
2925	dup:Гарбуз		Shopping_ads	season_off		
2928	dup:Гарбуз		Shopping_ads	season_off		
2929	dup:Гарбуз		Shopping_ads	season_off		
2929588164	dup:Гарбуз		Shopping_ads	season_off		
2929597197	dup:Гарбуз		Shopping_ads	season_off		
2929599785	dup:Гарбуз		Shopping_ads	season_off		
2929603261	dup:Гарбуз		Shopping_ads	season_off		
2929632721	dup:Гарбуз		Shopping_ads	season_off		prybutok
2930	dup:Гарбуз		Shopping_ads	season_off		
2930644750	dup:Гарбуз					
2931	dup:Гарбуз		Shopping_ads	season_off		
2932	dup:Гарбуз		Shopping_ads	season_off		stop
2933	dup:Гарбуз		Shopping_ads	ne_v_nayavnosti		
2935	dup:Гарбуз					
2940	dup:Гарбуз					prybutok
2941	dup:Гарбуз		Shopping_ads	season_off		prybutok
2942	dup:Гарбуз		Shopping_ads	season_off		
2945	dup:Гарбуз					
2946	dup:Гарбуз					prybutok
2947	dup:Гарбуз		Shopping_ads	ne_v_nayavnosti		
2948	dup:Гарбуз					
2949	dup:Гарбуз		Shopping_ads	ne_v_nayavnosti		
2952			Shopping_ads	ne_v_nayavnosti		
2957746135	dup:Гарбуз					
2963	dup:Гарбуз		Shopping_ads	ne_v_nayavnosti		
2964	dup:Гарбуз		Shopping_ads	season_off		
2965	dup:Гарбуз		Shopping_ads	season_off		
2966			Shopping_ads	ne_v_nayavnosti		prybutok
2967	dup:Гарбуз					
2968	dup:Гарбуз					
2969	dup:Гарбуз					
2970	dup:Гарбуз					
2971	dup:Гарбуз					
2972	dup:Гарбуз		Shopping_ads	season_off		
2973	dup:Гарбуз					
2974	dup:Гарбуз		Shopping_ads	season_off		
2975	dup:Гарбуз		Shopping_ads	ne_v_nayavnosti		prybutok
2976	dup:Гарбуз		Shopping_ads	season_off		
2977	dup:Гарбуз					
2981	dup:Гарбуз					
2982	dup:Гарбуз		Shopping_ads	season_off		
2983	dup:Гарбуз		Shopping_ads	season_off		
2984	dup:Гарбуз		Shopping_ads	season_off		
2985	dup:Гарбуз		Shopping_ads	season_off		
2986	dup:Гарбуз		Shopping_ads	season_off		
2987	dup:Гарбуз		Shopping_ads	season_off		
2988	dup:Гарбуз					prybutok
2989	dup:Гарбуз		Shopping_ads	season_off		
2990	dup:Гарбуз					
2991						prybutok
2992						prybutok
2993			Shopping_ads	ne_v_nayavnosti		
2996	dup:Гарбуз					
2997	dup:Гарбуз		Shopping_ads	ne_v_nayavnosti		
2998	dup:Гарбуз					
2999			Shopping_ads	ne_v_nayavnosti		
3-010-001	dup:Гарбуз		Shopping_ads	ne_v_prajsi		
3-010-002	dup:Гарбуз					prybutok
3-016-001	dup:Гарбуз					
3-016-002	dup:Гарбуз					prybutok
3-018-001	dup:Гарбуз					
3-020-001	dup:Гарбуз					
3-020-002	dup:Гарбуз					
3-022-001	dup:Гарбуз					
3-022-002	dup:Гарбуз					
3-070-003	dup:Гарбуз					
3-071-002	dup:Гарбуз					
3-072-004	dup:Гарбуз					prybutok
30-010	dup:Гарбуз					
30-012	dup:Гарбуз					
3000	dup:Гарбуз		Shopping_ads	ne_v_nayavnosti		
3001	dup:Гарбуз		Shopping_ads	ne_v_nayavnosti		
3002	dup:Тиква		Shopping_ads	ne_v_nayavnosti		
3003	dup:Гарбуз		Shopping_ads	season_off		
3004	dup:Гарбуз		Shopping_ads	season_off		
3005	dup:Гарбуз		Shopping_ads	ne_v_nayavnosti		
3015	dup:Гарбуз					prybutok
3019	dup:Гарбуз		Shopping_ads	season_off		
3020	dup:Гарбуз		Shopping_ads	season_off		
3021	dup:Гарбуз		Shopping_ads	ne_v_nayavnosti		
3022	dup:Гарбуз					
3023	dup:Гарбуз					prybutok
3024	dup:Гарбуз					prybutok
3026	dup:Гарбуз		Shopping_ads	ne_v_nayavnosti		
3027	dup:Гарбуз		Shopping_ads	ne_v_nayavnosti		
3029	dup:Гарбуз					
3030	dup:Гарбуз		Shopping_ads	ne_v_nayavnosti		
3031	dup:Гарбуз		Shopping_ads	ne_v_nayavnosti		
3032	dup:Гарбуз		Shopping_ads	ne_v_nayavnosti		
3033	dup:Гарбуз					prybutok
3034	dup:Гарбуз					
3035	dup:Гарбуз					prybutok
3047	dup:Гарбуз					
3060			Shopping_ads	ne_v_nayavnosti		
3068	dup:Гарбуз					prybutok
31-006	dup:Гарбуз					
3100	dup:Гарбуз					
3101	dup:Гарбуз					
3102	dup:Гарбуз					prybutok
3103	dup:Гарбуз		Shopping_ads	season_off		
3123	dup:Гарбуз					
32-027	dup:Гарбуз					
32-029	dup:Гарбуз					
32-037	dup:Гарбуз					
32-042	dup:Гарбуз					prybutok
3397-19 S&T	dup:Гарбуз					
35-018	dup:Гарбуз					
3601-01	dup:Гарбуз					
37-120	dup:Гарбуз					
37-149	dup:Гарбуз					
3701-07	dup:Гарбуз					
38-006	dup:Гарбуз					
38-007	dup:Гарбуз					
38-008	dup:Гарбуз		Shopping_ads	ne_v_prajsi		
4-025-001	dup:Гарбуз					
4-028-001	dup:Гарбуз					
421-АНТРАЦИТ	dup:Гарбуз					
440276			Shopping_ads	ne_v_nayavnosti		
440376			Shopping_ads	ne_v_nayavnosti		
45-004	dup:Гарбуз					
45-633	dup:Гарбуз					prybutok
45-642	dup:Гарбуз					
47-013	dup:Гарбуз					
471	dup:Гарбуз					
471-2	dup:Гарбуз					
472	dup:Гарбуз					
474	dup:Гарбуз					
474-1	dup:Гарбуз					
475	dup:Гарбуз					
475-1	dup:Гарбуз					
4820119619	dup:Гарбуз					
482018221	dup:Гарбуз					
482018224	dup:Гарбуз					
482018300	dup:Гарбуз					
482018301	dup:Гарбуз					
482018304	dup:Гарбуз					prybutok
482018306	dup:Гарбуз		Shopping_ads	season_off		
482018307	dup:Гарбуз					
482018610	dup:Гарбуз					
482018612	dup:Гарбуз					
482018624	dup:Гарбуз					
482018628			Shopping_ads	season_off		
482018631	dup:Гарбуз					
482018690	dup:Гарбуз					
482018691	dup:Гарбуз					
482018815	dup:Гарбуз					prybutok
482018828	dup:Гарбуз		Shopping_ads	ne_v_nayavnosti		
482018865	dup:Гарбуз					
482018907	dup:Гарбуз					
482018945	dup:Гарбуз					
482019121	dup:Гарбуз					prybutok
482019267	dup:Гарбуз					
482019277	dup:Гарбуз					prybutok
482019331	dup:Гарбуз					
482019419	dup:Гарбуз					
482019420	dup:Гарбуз					
482019529	dup:Гарбуз		Shopping_ads	season_off		
482019531	dup:Гарбуз		Shopping_ads	season_off		
482019541	dup:Гарбуз					prybutok
482019542	dup:Гарбуз					
482019544	dup:Гарбуз					
482019545	dup:Гарбуз					prybutok
482019548	dup:Гарбуз					
482019550	dup:Гарбуз					
482019554	dup:Гарбуз		Shopping_ads	season_off		
482019607	dup:Гарбуз					
482019608	dup:Гарбуз					
482019613	dup:Гарбуз		Shopping_ads	season_off		
482019616	dup:Гарбуз					prybutok
482019617	dup:Гарбуз					prybutok
482019618	dup:Гарбуз					
482019628	dup:Гарбуз		Shopping_ads	season_off		
482019655	dup:Гарбуз					
482019656	dup:Гарбуз					
482019681	dup:Гарбуз					
482019682	dup:Гарбуз					prybutok
482019693	dup:Гарбуз					prybutok
482019697	dup:Гарбуз					
482019699	dup:Гарбуз					
482019737	dup:Гарбуз					
482019753	dup:Гарбуз					prybutok
482019783	dup:Гарбуз		Shopping_ads	ne_v_nayavnosti		
482019784	dup:Гарбуз					prybutok
482019785	dup:Едім		Shopping_ads	ne_v_nayavnosti		
482019834	dup:Гарбуз					prybutok
482019849	dup:Гарбуз					
482019851	dup:Гарбуз					
482020323	dup:Гарбуз		Shopping_ads	season_off		
482020328	dup:Гарбуз		Shopping_ads	season_off		
482025271	dup:Гарбуз					
482025393	dup:Гарбуз		Shopping_ads	season_off		prybutok
482025394	dup:Гарбуз		Shopping_ads	season_off		prybutok
482025416	dup:Гарбуз		Shopping_ads	season_off		
482025435	dup:Гарбуз		Shopping_ads	season_off		
482025555	dup:Гарбуз		Shopping_ads	season_off		
482025591	dup:Гарбуз		Shopping_ads	season_off		prybutok
482025613	dup:Гарбуз					
482025631	dup:Гарбуз					
482025636	dup:Гарбуз					
482025637	dup:Гарбуз					
482025638	dup:Гарбуз					
482025639	dup:Гарбуз					
482025651	dup:Гарбуз					stop
482025675	dup:Гарбуз		Shopping_ads	season_off		
482025701	dup:Гарбуз		Shopping_ads	season_off		
482025904	dup:Гарбуз		Shopping_ads	ne_v_nayavnosti		
482025941	dup:Гарбуз	ads_zero				
482026079	dup:Гарбуз		Shopping_ads	ne_v_nayavnosti		
482026235			Shopping_ads	ne_v_nayavnosti		
482026274						prybutok
482026453						prybutok
482026469	dup:Гарбуз					prybutok
482026503	dup:Гарбуз		Shopping_ads	season_off		prybutok
482026504	dup:Гарбуз		Shopping_ads	season_off		
482026506	dup:Гарбуз					
482026507	dup:Гарбуз					prybutok
482026508	dup:Гарбуз					
482026539	dup:Гарбуз		Shopping_ads	season_off		
482026540	dup:Гарбуз		Shopping_ads	season_off		
482026541	dup:Гарбуз					prybutok
482026563	dup:Гарбуз		Shopping_ads	season_off		
482026564	dup:Гарбуз		Shopping_ads	season_off		
482026593	dup:Гарбуз		Shopping_ads	ne_v_nayavnosti		
482026594	dup:Гарбуз					prybutok
482026599	dup:Гарбуз		Shopping_ads	ne_v_nayavnosti		
482026602	dup:Гарбуз					prybutok
482026603	dup:Гарбуз					
482026604	dup:Гарбуз					
482026614	dup:Гарбуз					
482026615	dup:Гарбуз		Shopping_ads	season_off		
482026651						prybutok
482026653	dup:Гарбуз		Shopping_ads	season_off		
482026720	dup:Гарбуз					
482026721			Shopping_ads	season_off		
482026722	dup:Гарбуз		Shopping_ads	season_off		
482026723	dup:Гарбуз					prybutok
482027303	dup:Гарбуз					
482027304	dup:Гарбуз					prybutok
482027305						prybutok
482027306						prybutok
482027307			Shopping_ads	season_off		
482027308	dup:Гарбуз					prybutok
482027309			Shopping_ads	ne_v_nayavnosti		
482027310						prybutok
482027311	dup:Гарбуз					prybutok
482027313	dup:Гарбуз					prybutok
482027314	dup:Гарбуз					prybutok
482027315	dup:Гарбуз					prybutok
482027316						prybutok
482027317	dup:Гарбуз					prybutok
482027319	dup:Гарбуз					
482027321	dup:Гарбуз					
482027324	dup:Гарбуз					
50-005	dup:Гарбуз					
5103 01	dup:Гарбуз					
52-002	dup:Гарбуз					
53-014	dup:Гарбуз					
54-046	dup:Гарбуз					
54-048	dup:Гарбуз					
54-096	dup:Гарбуз					
54-158	dup:Гарбуз					
550203	dup:Гарбуз					
80229			Shopping_ads	ne_v_nayavnosti		
80229-2			Shopping_ads	ne_v_nayavnosti		
808	dup:Едім		Shopping_ads	ne_v_nayavnosti		
892512195	dup:Гарбуз					
901165067	dup:Гарбуз					
901191818	dup:Гарбуз					
901221235	dup:Гарбуз					
901496835	dup:Гарбуз					
901518301	dup:Гарбуз					
901551272	dup:Гарбуз					
904087019	dup:Гарбуз					
AK 681	dup:Гарбуз					
ARHB3112BT	dup:Гарбуз		Shopping_ads	ne_v_nayavnosti		
ARHC2510SB	dup:Гарбуз					
ART0215SB	dup:Гарбуз					
ART0729PB	dup:Гарбуз					prybutok
AV18BSR	dup:Гарбуз	ads_zero				prybutok
BB-20405	dup:Гарбуз	ads_zero				prybutok
CHESNOK-DUSHES-40	dup:Гарбуз					prybutok
CHESNOK-DUSHES-50	dup:Гарбуз					prybutok
CHESNOK-DUSHES-60	dup:Гарбуз					prybutok
IT-25151	dup:Гарбуз					
IT-30183	dup:Гарбуз					
IT-30184	dup:Гарбуз					
IT-30186	dup:Гарбуз					
IT-50301	dup:Гарбуз					
IT-50302	dup:Гарбуз					
IT-50303	dup:Гарбуз					
IT-50304	dup:Гарбуз					
IT-50305	dup:Гарбуз					
IT-50306	dup:Гарбуз					
K-703 КОРИЧНЕВИЙ	dup:Гарбуз					prybutok
K12	dup:Гарбуз					
KRS-612-2	dup:Гарбуз					
ML-60 вулична	dup:Гарбуз					
N521-1	dup:Гарбуз					
OZER-B-013	dup:Гарбуз					
OZER-CZ-019-1	dup:Гарбуз					
OZER-D-026 129	dup:Гарбуз					
OZER-N-008						prybutok
PLX-01-009	dup:Едім		Shopping_ads	ne_v_nayavnosti		
PLX-01-01-002	dup:Гарбуз					
PLX-01-01-004	dup:Гарбуз		Shopping_ads	ne_v_prajsi		
PLX-01-010	dup:Гарбуз					
PLX-01-011	dup:Гарбуз					
PLX-01-012	dup:Гарбуз					
PLX-01-013	dup:Едім		Shopping_ads	ne_v_nayavnosti		
PLX-01-0144	dup:Гарбуз					
PLX-01-015	dup:Гарбуз					
PLX-01-016	dup:Гарбуз					
PLX-01-0177	dup:Гарбуз					
PLX-01-03-003	dup:Гарбуз					
PLX-01-03-005	dup:Гарбуз		Shopping_ads	ne_v_prajsi		
PLX-01-03-006	dup:Едім		Shopping_ads	ne_v_nayavnosti		
PLX-01-03-010	dup:Едім		Shopping_ads	ne_v_nayavnosti		
PLX-01-03-011	dup:Гарбуз					
PLX-01-03-015	dup:Гарбуз					
PLX-01-03-016	dup:Гарбуз					
PLX-01-03-017	dup:Гарбуз					
PLX-01-04-005	dup:Гарбуз		Shopping_ads	ne_v_prajsi		
PLX-01-09-001	dup:Гарбуз					
PLX-01-09-005	dup:Гарбуз					
PLX-01-09-PB	dup:Гарбуз					
PLX-01-100-001	dup:Едім		Shopping_ads	ne_v_nayavnosti		
PLX-01-100-007			Shopping_ads	ne_v_nayavnosti		
PLX-01-20-002	dup:Гарбуз					
PLX-01-20-003	dup:Гарбуз					
PLX-01-20-005	dup:Гарбуз					cina
PLX-01-21-005	dup:Гарбуз					prybutok
PLX-01-22-004			Shopping_ads	ne_v_nayavnosti		
PLX-01-22-005	dup:Гарбуз					
PLX-01-22-006	dup:Гарбуз					
PLX-01-22-007	dup:Гарбуз					
PLX-01-22-008	dup:Гарбуз					
PLX-01-22-009	dup:Гарбуз					
PLX-01-22-011	dup:Гарбуз					
PLX-01-22-013	dup:Едім		Shopping_ads	ne_v_nayavnosti		
PLX-01-22-014	dup:Едім		Shopping_ads	ne_v_nayavnosti		
PLX-01-22-015	dup:Едім		Shopping_ads	ne_v_nayavnosti		
PLX-01-22-016	dup:Гарбуз					
PLX-01-22-017	dup:Едім		Shopping_ads	ne_v_nayavnosti		
PLX-01-22-019	dup:Гарбуз					
PLX-01-33-003	dup:Гарбуз					
PLX-01-33-004	dup:Гарбуз					
PLX-01-35-001	dup:Гарбуз					
PLX-01-35-002	dup:Гарбуз					
PLX-01-36-002	dup:Гарбуз					
PLX-01-36-004	dup:Едім		Shopping_ads	ne_v_nayavnosti		
PLX-01-36-005	dup:Гарбуз					
PLX-01-39-001	dup:Гарбуз					
PLX-01-39-002	dup:Едім		Shopping_ads	ne_v_nayavnosti		
PLX-01-43-002	dup:Гарбуз					
PLX-01-45-003	dup:Гарбуз					
PLX-01-45-004	dup:Гарбуз					
PLX-01-49-001	dup:Гарбуз					
PLX-01-50	dup:Гарбуз					
PLX-01-55	dup:Едім		Shopping_ads	ne_v_nayavnosti		
PLX-01-62-001	dup:Гарбуз					
PLX-01-62-002	dup:Гарбуз					
PLX-01-63-001	dup:Гарбуз					
PLX-01-63-002	dup:Гарбуз					
PLX-01-63-003	dup:Гарбуз					
PLX-01-63-004	dup:Гарбуз					
PLX-01-63-005	dup:Гарбуз					
PLX-01-63-006	dup:Гарбуз					
PLX-01-64-003	dup:Гарбуз					
PLX-01-64-004	dup:Гарбуз					
PLX-01-64-005	dup:Гарбуз					
PLX-01-64-006	dup:Гарбуз					
PLX-01-64-010	dup:Гарбуз					
PLX-01-66a-005	dup:Гарбуз					
PLX-01-66а-006	dup:Гарбуз					
PLX-01-72-002	dup:Гарбуз					
PLX-01-72-003	dup:Гарбуз					
PLX-01-72-005a	dup:Гарбуз		Shopping_ads	ne_v_prajsi		
PLX-01-74-001	dup:Гарбуз					
PLX-01-74-002	dup:Гарбуз					
PLX-01-74-003	dup:Гарбуз					
PLX-01-74-004	dup:Едім		Shopping_ads	ne_v_nayavnosti		
PLX-01-74-005	dup:Гарбуз		Shopping_ads	ne_v_prajsi		
PLX-01-74-009	dup:Гарбуз		Shopping_ads	ne_v_prajsi		
PLX-01-74-012	dup:Гарбуз					
PLX-01-74-015	dup:Гарбуз					
PLX-01-74-017	dup:Гарбуз					
PLX-01-74-018	dup:Гарбуз					
PLX-01-762	dup:Гарбуз					
PLX-01-78-005	dup:Едім		Shopping_ads	ne_v_nayavnosti		
PLX-01-78-010	dup:Гарбуз					
PLX-01-84-001	dup:Гарбуз					
PLX-01-84-002	dup:Гарбуз					
PLX-01-84-003	dup:Гарбуз					
PLX-01-84-004	dup:Гарбуз					
PLX-01-84-005	dup:Гарбуз					
PLX-01-84-006	dup:Гарбуз		Shopping_ads	ne_v_prajsi		
PLX-01-85-001	dup:Гарбуз					
PLX-01-85-002	dup:Гарбуз					
PLX-01-87-008	dup:Гарбуз					
PLX-02-001	dup:Гарбуз					
PLX-02-002	dup:Гарбуз					
PLX-02-003	dup:Гарбуз					
PLX-02-013	dup:Гарбуз					
PLX-02-015	dup:Гарбуз					
PLX-02-016	dup:Гарбуз					
PLX-02-018	dup:Гарбуз					
PLX-02-019	dup:Гарбуз					
PLX-02-022	dup:Гарбуз					
PLX-02-025	dup:Гарбуз					
PLX-02.51-KMA	dup:Гарбуз					
PLX-02.61-KMA	dup:Гарбуз					
PLX-0252PL	dup:Гарбуз					
PLX-0254PL	dup:Едім		Shopping_ads	ne_v_nayavnosti		
PLX-03-001	dup:Гарбуз					
PLX-03-002	dup:Гарбуз					
PLX-03-003	dup:Гарбуз					
PLX-03-004	dup:Гарбуз					
PLX-03-005	dup:Гарбуз					
PLX-03-006	dup:Гарбуз					
PLX-03-007	dup:Гарбуз		Shopping_ads	ne_v_prajsi		
PLX-03-01-001	dup:Гарбуз					prybutok
PLX-03-011	dup:Гарбуз					
PLX-03-03-001	dup:Гарбуз					
PLX-03-03-002	dup:Гарбуз					
PLX-03-03-006	dup:Гарбуз					
PLX-03-03-009	dup:Едім		Shopping_ads	ne_v_nayavnosti		
PLX-03-03-SN	dup:Гарбуз					
PLX-03-04-002	dup:Едім		Shopping_ads	ne_v_nayavnosti		
PLX-03-04-004	dup:Едім		Shopping_ads	ne_v_nayavnosti		
PLX-03-04-006	dup:Гарбуз					
PLX-03-06-001	dup:Гарбуз					
PLX-03-06-003	dup:Едім		Shopping_ads	ne_v_nayavnosti		
PLX-03-06-004			Shopping_ads	ne_v_nayavnosti		
PLX-03-06-008	dup:Гарбуз					
PLX-03-06-009	dup:Гарбуз					
PLX-03-06-010	dup:Гарбуз					
PLX-03-08-001	dup:Гарбуз					
PLX-03-08-002	dup:Гарбуз					
PLX-03-09-001	dup:Гарбуз					
PLX-03-09-002	dup:Гарбуз					
PLX-03-09-009	dup:Гарбуз					
PLX-03-09-012	dup:Гарбуз					
PLX-03-103-001	dup:Гарбуз					
PLX-03-103-002	dup:Гарбуз					
PLX-03-103-003	dup:Гарбуз					
PLX-03-104-001	dup:Гарбуз					
PLX-03-104-002	dup:Гарбуз					
PLX-03-104-003	dup:Гарбуз					
PLX-03-11-003	dup:Гарбуз					
PLX-03-11-006	dup:Гарбуз					
PLX-03-12-001	dup:Гарбуз					prybutok
PLX-03-12-003	dup:Гарбуз					prybutok
PLX-03-12-004	dup:Гарбуз					prybutok
PLX-03-12-006	dup:Гарбуз					
PLX-03-13-004	dup:Едім		Shopping_ads	ne_v_nayavnosti		
PLX-03-13-006	dup:Гарбуз					
PLX-03-16-001	dup:Гарбуз					
PLX-03-16-002	dup:Гарбуз					
PLX-03-16-004	dup:Гарбуз					
PLX-03-27-001	dup:Гарбуз					
PLX-03-27-002	dup:Гарбуз					
PLX-03-27-003	dup:Едім		Shopping_ads	ne_v_nayavnosti		
PLX-03-27-004	dup:Гарбуз					
PLX-03-39-001	dup:Гарбуз					
PLX-03-39-002	dup:Гарбуз					
PLX-03-39-003	dup:Гарбуз					
PLX-03-42-003	dup:Гарбуз					prybutok
PLX-03-42-004	dup:Гарбуз					prybutok
PLX-03-43-001	dup:Гарбуз					prybutok
PLX-03-43-002	dup:Гарбуз					prybutok
PLX-03-43-003	dup:Гарбуз					prybutok
PLX-03-43-004	dup:Гарбуз					prybutok
PLX-03-43-005	dup:Едім		Shopping_ads	ne_v_nayavnosti		
PLX-03-46-001	dup:Гарбуз					
PLX-03-46-002	dup:Гарбуз					
PLX-03-46-003	dup:Гарбуз					
PLX-03-46-004	dup:Гарбуз					
PLX-03-47-002	dup:Гарбуз					
PLX-03-47-003	dup:Гарбуз					
PLX-03-47-005	dup:Гарбуз					
PLX-03-49-001	dup:Гарбуз					
PLX-03-49-002	dup:Гарбуз					
PLX-03-52-001	dup:Едім		Shopping_ads	ne_v_nayavnosti		
PLX-03-52-002	dup:Гарбуз					
PLX-03-52-003	dup:Гарбуз					
PLX-03-53-002	dup:Гарбуз					
PLX-03-53-003	dup:Гарбуз					
PLX-0300-0001	dup:Гарбуз					
PLX-0301-IN-1263	dup:Гарбуз					prybutok
PLX-0301-IN-1264	dup:Гарбуз					prybutok
PLX-0301-IN-1265	dup:Гарбуз					
PLX-04-001	dup:Гарбуз					
PLX-04-002	dup:Гарбуз					
PLX-04-003	dup:Гарбуз					
PLX-04-004	dup:Гарбуз					
PLX-04-007	dup:Гарбуз					
PLX-04-01-001	dup:Гарбуз					
PLX-04-06	dup:Гарбуз					
PLX-04-19	dup:Гарбуз					
PLX-04-29	dup:Гарбуз					
PLX-04-36	dup:Гарбуз					
PLX-04-696	dup:Гарбуз					
PLX-04.03	dup:Гарбуз					prybutok
PLX-04.06-S	dup:Гарбуз					
PLX-04.27	dup:Гарбуз					
PLX-04.27-S	dup:Гарбуз					
PLX-04.47	dup:Гарбуз					
PLX-04.51	dup:Гарбуз					
PLX-04.51-KMA	dup:Гарбуз					
PLX-04.51-S-3	dup:Гарбуз					
PLX-0400-0001	dup:Гарбуз					
PLX-0400-0002	dup:Гарбуз					
PLX-0400-Б	dup:Гарбуз					
PLX-0493PL	dup:Гарбуз					
PLX-0498PL	dup:Гарбуз					
PLX-05-001	dup:Гарбуз					
PLX-05-002	dup:Гарбуз					
PLX-05-004	dup:Гарбуз					
PLX-05-005	dup:Гарбуз					
PLX-05-006	dup:Гарбуз					
PLX-05-363	dup:Гарбуз					
PLX-05-373	dup:Гарбуз					
PLX-05-381	dup:Гарбуз					
PLX-05-988	dup:Гарбуз					
PLX-05.41	dup:Гарбуз					
PLX-0500-0001	dup:Гарбуз					
PLX-0550-0001			Shopping_ads	ne_v_nayavnosti		
PLX-06-094	dup:Гарбуз					prybutok
PLX-06-095	dup:Гарбуз					
PLX-06-096	dup:Гарбуз					
PLX-06-097	dup:Гарбуз					prybutok
PLX-06-098			Shopping_ads	ne_v_nayavnosti		
PLX-06-129	dup:Гарбуз					
PLX-06-130	dup:Гарбуз					
PLX-06-434	dup:Гарбуз		Shopping_ads	ne_v_nayavnosti		
PLX-06-439			Shopping_ads	ne_v_nayavnosti		
PLX-06-533	dup:Гарбуз					
PLX-06.01	dup:Гарбуз					
PLX-06.02	dup:Гарбуз					
PLX-06.41	dup:Гарбуз					
PLX-06.43	dup:Едім		Shopping_ads	ne_v_nayavnosti		
PLX-06.51-K65	dup:Гарбуз					
PLX-06.61-K65	dup:Гарбуз					
PLX-0619-L-CP	dup:Гарбуз					
PLX-0619-L-PB	dup:Гарбуз					
PLX-0640-Б	dup:Гарбуз					
PLX-07-001	dup:Гарбуз					
PLX-07-002	dup:Гарбуз					
PLX-07-003	dup:Гарбуз					
PLX-07-004	dup:Гарбуз					
PLX-07-005	dup:Гарбуз					
PLX-07-006	dup:Гарбуз					
PLX-07-008	dup:Гарбуз					
PLX-07-012	dup:Гарбуз					
PLX-07-015	dup:Гарбуз					
PLX-07-016	dup:Гарбуз					
PLX-0700-Б	dup:Гарбуз					
PLX-0710-Б	dup:Гарбуз					
PLX-0760-Б	dup:Едім		Shopping_ads	ne_v_nayavnosti		
PLX-08-001	dup:Гарбуз					
PLX-08-002	dup:Гарбуз					
PLX-08-003	dup:Гарбуз					
PLX-08-004	dup:Гарбуз					
PLX-08-005	dup:Гарбуз					
PLX-08-006	dup:Гарбуз					
PLX-08-007	dup:Гарбуз					
PLX-08-401	dup:Гарбуз					
PLX-08-444	dup:Гарбуз					
PLX-08-445	dup:Едім		Shopping_ads	ne_v_nayavnosti		
PLX-08-446	dup:Гарбуз					
PLX-08.08M	dup:Гарбуз					
PLX-0821PL	dup:Едім		Shopping_ads	ne_v_nayavnosti		
PLX-09-001	dup:Гарбуз					
PLX-09-002	dup:Гарбуз					
PLX-09-003	dup:Гарбуз					
PLX-09-004	dup:Гарбуз					
PLX-09-005	dup:Гарбуз					
PLX-09-006	dup:Гарбуз					
PLX-09-119			Shopping_ads	ne_v_nayavnosti		prybutok
PLX-09-201	dup:Гарбуз					
PLX-09-207	dup:Едім		Shopping_ads	ne_v_nayavnosti		
PLX-09-208	dup:Гарбуз					
PLX-09-209	dup:Гарбуз					
PLX-09-210	dup:Гарбуз					
PLX-09-211	dup:Гарбуз					
PLX-09-350	dup:Гарбуз					
PLX-09-351	dup:Гарбуз					
PLX-09-354	dup:Гарбуз					
PLX-09-355	dup:Гарбуз					
PLX-09-356	dup:Гарбуз					
PLX-09-357	dup:Гарбуз					
PLX-09-358	dup:Гарбуз					
PLX-09-359	dup:Гарбуз					
PLX-09-451	dup:Гарбуз					
PLX-09-452	dup:Едім		Shopping_ads	ne_v_nayavnosti		
PLX-09-453	dup:Гарбуз					
PLX-09-454	dup:Гарбуз					
PLX-09-455	dup:Гарбуз					
PLX-09-456	dup:Едім		Shopping_ads	ne_v_nayavnosti		
PLX-09-457	dup:Гарбуз					
PLX-09-458	dup:Гарбуз					
PLX-09-459	dup:Гарбуз					
PLX-09-460	dup:Гарбуз					
PLX-09-782	dup:Гарбуз					
PLX-09-783	dup:Гарбуз					
PLX-09-784	dup:Гарбуз					
PLX-09-788	dup:Гарбуз					
PLX-09-789	dup:Гарбуз					
PLX-0900-0002	dup:Гарбуз					
PLX-1-001-002	dup:Гарбуз					
PLX-1-001-004	dup:Гарбуз					
PLX-1-002-014	dup:Гарбуз					stop
PLX-1-004-005	dup:Гарбуз					
PLX-1-004-018	dup:Гарбуз					
PLX-1-004-SN	dup:Гарбуз					
PLX-1-007-001	dup:Гарбуз					
PLX-1-007-004	dup:Гарбуз					
PLX-1-008-002	dup:Гарбуз					
PLX-1-008-003	dup:Гарбуз					
PLX-1-008-005	dup:Гарбуз					
PLX-1-009-005	dup:Гарбуз					
PLX-1-009-PC	dup:Гарбуз					
PLX-1-01	dup:Гарбуз					
PLX-1-010A-003	dup:Гарбуз					
PLX-1-010A-005	dup:Гарбуз					
PLX-1-010A-006	dup:Гарбуз					
PLX-1-015-001	dup:Гарбуз					
PLX-1-015-002	dup:Едім		Shopping_ads	ne_v_nayavnosti		
PLX-1-015-009	dup:Гарбуз					
PLX-1-02	dup:Едім		Shopping_ads	ne_v_nayavnosti		
PLX-1-025b-001	dup:Гарбуз					
PLX-1-026-003	dup:Гарбуз					
PLX-1-03	dup:Гарбуз					
PLX-1-038-005	dup:Гарбуз					
PLX-1-038-006	dup:Гарбуз					
PLX-1-038-007	dup:Гарбуз					stop
PLX-1-038-008	dup:Гарбуз					
PLX-1-038-009	dup:Гарбуз					
PLX-1-038-016	dup:Гарбуз					
PLX-1-038-021	dup:Гарбуз					
PLX-1-038-Black	dup:Гарбуз					
PLX-1-04	dup:Гарбуз					
PLX-1-040-001	dup:Гарбуз					prybutok
PLX-1-040-003	dup:Гарбуз					
PLX-1-040-004	dup:Гарбуз		Shopping_ads	ne_v_prajsi		prybutok
PLX-1-040-005	dup:Гарбуз					prybutok
PLX-1-044-002	dup:Гарбуз					
PLX-1-045-001	dup:Гарбуз					prybutok
PLX-1-05	dup:Гарбуз					
PLX-1-06	dup:Гарбуз					
PLX-1-07	dup:Гарбуз					
PLX-1-08	dup:Гарбуз					
PLX-1-09	dup:Гарбуз					
PLX-1-10	dup:Гарбуз					
PLX-1-11	dup:Гарбуз					
PLX-1-14	dup:Гарбуз					prybutok
PLX-1-15	dup:Гарбуз					
PLX-10-001	dup:Гарбуз					
PLX-10-003	dup:Гарбуз					
PLX-10-005	dup:Гарбуз					
PLX-10-01	dup:Гарбуз					
PLX-10-02-001	dup:Гарбуз					
PLX-10-03-001	dup:Гарбуз					
PLX-10-05-001	dup:Гарбуз					
PLX-10-05-003	dup:Гарбуз					
PLX-10-05-005	dup:Гарбуз					
PLX-10-06-002	dup:Гарбуз					
PLX-10-07-002	dup:Гарбуз					
PLX-10-08-001	dup:Гарбуз					
PLX-10-08-003	dup:Гарбуз					
PLX-10-08-004	dup:Гарбуз					
PLX-10-08-005	dup:Гарбуз					
PLX-10-09-002	dup:Гарбуз					
PLX-10-09-003	dup:Гарбуз					
PLX-10-09-004	dup:Гарбуз					
PLX-10-10-002	dup:Гарбуз					
PLX-10-10-003	dup:Гарбуз					
PLX-10-10-004	dup:Гарбуз					
PLX-10-10066	dup:Гарбуз					
PLX-10-11-003	dup:Гарбуз					
PLX-10-11-005-AB	dup:Гарбуз					
PLX-10-111	dup:Гарбуз					prybutok
PLX-10-112	dup:Гарбуз					
PLX-10-113	dup:Гарбуз					
PLX-10-114	dup:Гарбуз					prybutok
PLX-10-115	dup:Гарбуз					
PLX-10-116	dup:Гарбуз					
PLX-10-117	dup:Гарбуз					prybutok
PLX-10-118	dup:Гарбуз					
PLX-10-119	dup:Гарбуз					
PLX-10-12-001	dup:Едім		Shopping_ads	ne_v_nayavnosti		
PLX-10-12-002	dup:Гарбуз					
PLX-10-12-004	dup:Гарбуз					
PLX-10-15-001-PB	dup:Гарбуз					
PLX-10-15-002-PC	dup:Гарбуз					
PLX-10-15-003-AB	dup:Гарбуз					
PLX-10-15-004-SN	dup:Гарбуз					
PLX-10-15-006-ORB(SB)	dup:Гарбуз					
PLX-10-15a-005-GRAFIT	dup:Гарбуз					
PLX-10-15a-006-ORB (SB)	dup:Гарбуз					
PLX-10-15а-004-AB	dup:Гарбуз					
PLX-10-19	dup:Гарбуз					
PLX-10-21-004	dup:Гарбуз					
PLX-10-24-001	dup:Гарбуз					
PLX-10-25	dup:Гарбуз					
PLX-10-26	dup:Гарбуз					
PLX-10-27	dup:Гарбуз					
PLX-10-289	dup:Гарбуз					
PLX-10-29-002	dup:Гарбуз					
PLX-10-29-004	dup:Гарбуз					
PLX-10-290	dup:Гарбуз					
PLX-10-31-001	dup:Гарбуз					
PLX-10-31-002	dup:Едім		Shopping_ads	ne_v_nayavnosti		
PLX-10-31-003	dup:Едім		Shopping_ads	ne_v_nayavnosti		
PLX-10-32-004	dup:Гарбуз					
PLX-10-32-005	dup:Гарбуз					
PLX-10-32-007	dup:Гарбуз					
PLX-10-32-012	dup:Гарбуз					
PLX-10-33-001	dup:Гарбуз					
PLX-10-33-004	dup:Гарбуз					
PLX-10-33-005	dup:Гарбуз					
PLX-10-33-007	dup:Гарбуз					
PLX-10-33-008	dup:Гарбуз					
PLX-10-33-009	dup:Гарбуз					
PLX-10-33-012	dup:Гарбуз					
PLX-10-34-001	dup:Гарбуз					
PLX-10-34-003	dup:Гарбуз					
PLX-10-34-004	dup:Гарбуз					
PLX-10-356	dup:Гарбуз		Shopping_ads	season_off		
PLX-10-358			Shopping_ads	ne_v_nayavnosti		
PLX-10-362	dup:Гарбуз					
PLX-10-363			Shopping_ads	ne_v_nayavnosti		
PLX-10-37-001	dup:Гарбуз					
PLX-10-38	dup:Гарбуз					
PLX-10-387	dup:Едім		Shopping_ads	ne_v_nayavnosti		
PLX-10-388	dup:Едім		Shopping_ads	ne_v_nayavnosti		
PLX-10-389	dup:Едім		Shopping_ads	ne_v_nayavnosti		
PLX-10-390	dup:Гарбуз					
PLX-10-391	dup:Гарбуз					
PLX-10-405	dup:Гарбуз					
PLX-10-41	dup:Гарбуз					
PLX-10-42	dup:Гарбуз					
PLX-10-420	dup:Гарбуз					
PLX-10-421	dup:Гарбуз					
PLX-10-43-001	dup:Гарбуз					
PLX-10-43-002	dup:Гарбуз					
PLX-10-44-001	dup:Гарбуз					
PLX-10-44-002	dup:Гарбуз					
PLX-10-45	dup:Гарбуз					
PLX-10-45-001	dup:Гарбуз					
PLX-10-46	dup:Гарбуз					
PLX-10-50	dup:Едім		Shopping_ads	ne_v_nayavnosti		
PLX-10-51	dup:Гарбуз					
PLX-10-52	dup:Гарбуз					
PLX-10-54-001-PB	dup:Гарбуз					
PLX-10-54-002-PC	dup:Едім		Shopping_ads	ne_v_nayavnosti		
PLX-10-54-004-АВ	dup:Гарбуз					
PLX-10-54-005-ORB	dup:Едім		Shopping_ads	ne_v_nayavnosti		
PLX-10-565	dup:Гарбуз					
PLX-10-579	dup:Гарбуз					
PLX-10-599	dup:Едім		Shopping_ads	ne_v_nayavnosti		
PLX-10-60-002	dup:Гарбуз					
PLX-10-600	dup:Гарбуз					
PLX-10-65-001	dup:Гарбуз					
PLX-10-65-002	dup:Гарбуз					
PLX-10-65-003	dup:Гарбуз					
PLX-10-65-005	dup:Гарбуз					
PLX-10-65-006	dup:Гарбуз					
PLX-10-655	dup:Гарбуз					
PLX-10-656	dup:Гарбуз					
PLX-10-657	dup:Гарбуз					
PLX-10-659	dup:Гарбуз					
PLX-10-66-002	dup:Гарбуз					
PLX-10-66-003	dup:Гарбуз					
PLX-10-66-005	dup:Гарбуз					
PLX-10-660	dup:Гарбуз					
PLX-10-661	dup:Гарбуз					
PLX-10-688	dup:Гарбуз					
PLX-10-689	dup:Гарбуз					
PLX-10-690	dup:Едім		Shopping_ads	ne_v_nayavnosti		
PLX-10-691	dup:Гарбуз					
PLX-10-692	dup:Гарбуз					
PLX-10-693	dup:Гарбуз					
PLX-10-694	dup:Гарбуз					
PLX-10-695	dup:Гарбуз					
PLX-10-696	dup:Гарбуз					
PLX-10-697	dup:Гарбуз					
PLX-100-004	dup:Гарбуз					
PLX-100-005	dup:Гарбуз					stop
PLX-100-005с	dup:Гарбуз					
PLX-100-006	dup:Гарбуз					
PLX-100-007	dup:Гарбуз					
PLX-100-008	dup:Гарбуз					
PLX-100-008с	dup:Гарбуз					
PLX-100-010	dup:Гарбуз					
PLX-100-010с	dup:Гарбуз					
PLX-100-011	dup:Гарбуз					
PLX-100-015	dup:Гарбуз					
PLX-100-020	dup:Гарбуз					
PLX-100-021	dup:Гарбуз					prybutok
PLX-100-022	dup:Гарбуз					prybutok
PLX-100-023	dup:Гарбуз					prybutok
PLX-100-024	dup:Гарбуз					prybutok
PLX-100-025	dup:Гарбуз					
PLX-100-028	dup:Гарбуз					
PLX-100-029	dup:Гарбуз					
PLX-100-030	dup:Едім		Shopping_ads	ne_v_nayavnosti		
PLX-100-031	dup:Гарбуз					
PLX-100-032	dup:Едім		Shopping_ads	ne_v_nayavnosti		
PLX-100-033	dup:Гарбуз					
PLX-100-033с	dup:Гарбуз					
PLX-100-034	dup:Гарбуз					
PLX-100-035	dup:Едім		Shopping_ads	ne_v_nayavnosti		
PLX-100-036	dup:Гарбуз					
PLX-100-037	dup:Гарбуз					
PLX-100-038	dup:Гарбуз					
PLX-100-038с	dup:Гарбуз					
PLX-100-040	dup:Гарбуз					
PLX-100-042	dup:Гарбуз					
PLX-100-045	dup:Гарбуз					
PLX-100-048	dup:Гарбуз					
PLX-100-049	dup:Гарбуз					
PLX-100-050	dup:Гарбуз					
PLX-100-052	dup:Гарбуз					
PLX-100-055	dup:Гарбуз					
PLX-100-058	dup:Гарбуз					
PLX-100-060	dup:Гарбуз					
PLX-100-062	dup:Гарбуз					
PLX-100-065	dup:Гарбуз					
PLX-100-067	dup:Гарбуз					
PLX-100-070	dup:Гарбуз					
PLX-100-072	dup:Гарбуз					
PLX-100-073	dup:Гарбуз					
PLX-100-074	dup:Гарбуз					
PLX-100-075	dup:Едім		Shopping_ads	ne_v_nayavnosti		
PLX-100-077	dup:Гарбуз					
PLX-100-078	dup:Гарбуз					
PLX-100-079	dup:Едім		Shopping_ads	ne_v_nayavnosti		
PLX-100-080	dup:Едім		Shopping_ads	ne_v_nayavnosti		
PLX-100-080с	dup:Едім		Shopping_ads	ne_v_nayavnosti		
PLX-100-081	dup:Гарбуз					
PLX-100-082	dup:Гарбуз					
PLX-100-085	dup:Едім		Shopping_ads	ne_v_nayavnosti		
PLX-100-090	dup:Гарбуз					
PLX-100-095с	dup:Гарбуз					
PLX-100-096	dup:Гарбуз					prybutok
PLX-100-098	dup:Гарбуз					
PLX-100-098с	dup:Гарбуз					
PLX-100-099	dup:Гарбуз					
PLX-100-099-8з			Shopping_ads	ne_v_nayavnosti		
PLX-100-100	dup:Гарбуз					prybutok
PLX-100-101	dup:Гарбуз					
PLX-100-103	dup:Гарбуз					
PLX-100-105	dup:Едім		Shopping_ads	ne_v_nayavnosti		
PLX-100-105с	dup:Гарбуз					
PLX-100-106	dup:Гарбуз					
PLX-100-107	dup:Едім		Shopping_ads	ne_v_nayavnosti		
PLX-100-110	dup:Гарбуз					
PLX-100-115	dup:Гарбуз					
PLX-100-120	dup:Едім		Shopping_ads	ne_v_nayavnosti		
PLX-100-125	dup:Гарбуз					
PLX-100-130	dup:Едім		Shopping_ads	ne_v_nayavnosti		
PLX-100-146	dup:Гарбуз					
PLX-100-147	dup:Гарбуз					prybutok
PLX-100-148	dup:Гарбуз					
PLX-100-149	dup:Гарбуз					
PLX-100-151	dup:Гарбуз					
PLX-100-152	dup:Гарбуз		Shopping_ads	ne_v_prajsi		
PLX-100-174	dup:Гарбуз					
PLX-100-177	dup:Едім		Shopping_ads	ne_v_nayavnosti		
PLX-100-178	dup:Гарбуз					
PLX-100-179	dup:Гарбуз					
PLX-100-181	dup:Едім		Shopping_ads	ne_v_nayavnosti		
PLX-100-182	dup:Гарбуз					
PLX-100-185	dup:Гарбуз					
PLX-100-186	dup:Гарбуз					
PLX-100-188	dup:Гарбуз					
PLX-100-223	dup:Гарбуз					prybutok
PLX-100-224	dup:Гарбуз					prybutok
PLX-100-225	dup:Едім		Shopping_ads	ne_v_nayavnosti		
PLX-100-234	dup:Гарбуз					
PLX-100-300	dup:Гарбуз					
PLX-100-301	dup:Гарбуз					
PLX-100-302	dup:Гарбуз					
PLX-100-303	dup:Гарбуз					
PLX-100-3044	dup:Гарбуз					prybutok
PLX-100-396	dup:Гарбуз					
PLX-100-398	dup:Гарбуз					
PLX-100-428	dup:Гарбуз					
PLX-100-429	dup:Гарбуз					
PLX-100-430	dup:Гарбуз					
PLX-100-431	dup:Едім		Shopping_ads	ne_v_nayavnosti		prybutok
PLX-100-433	dup:Гарбуз					
PLX-100-434	dup:Гарбуз					
PLX-100-435	dup:Гарбуз					
PLX-100-436	dup:Гарбуз					
PLX-100-438	dup:Едім		Shopping_ads	ne_v_nayavnosti		
PLX-100-440	dup:Едім		Shopping_ads	ne_v_nayavnosti		
PLX-100-441	dup:Гарбуз					
PLX-100-442	dup:Гарбуз					
PLX-100-443	dup:Гарбуз					
PLX-100-445	dup:Гарбуз					
PLX-100-455	dup:Гарбуз		Shopping_ads	ne_v_prajsi		
PLX-100-463	dup:Гарбуз					
PLX-100-472	dup:Гарбуз					
PLX-100-473	dup:Гарбуз					
PLX-100-474	dup:Гарбуз					
PLX-100-485	dup:Гарбуз					
PLX-100-486	dup:Гарбуз					
PLX-1000-039	dup:Гарбуз					
PLX-1000-040	dup:Гарбуз					
PLX-1000-042	dup:Гарбуз					
PLX-1000-043	dup:Гарбуз					
PLX-1000-044	dup:Гарбуз					prybutok
PLX-1000-046	dup:Гарбуз					
PLX-1000-104	dup:Гарбуз					
PLX-1000-227	dup:Гарбуз					
PLX-1000-229	dup:Гарбуз					
PLX-1000-230	dup:Гарбуз					
PLX-1000-333	dup:Гарбуз					
PLX-1000-335	dup:Гарбуз					
PLX-1000-336	dup:Гарбуз		Shopping_ads	ne_v_prajsi		
PLX-1000-337	dup:Гарбуз					
PLX-100200	dup:Гарбуз					
PLX-101-001	dup:Гарбуз					
PLX-101-002	dup:Гарбуз					
PLX-101-003	dup:Гарбуз					
PLX-101-004	dup:Гарбуз					
PLX-101-005	dup:Гарбуз					
PLX-101-006	dup:Гарбуз					
PLX-101-010	dup:Гарбуз					prybutok
PLX-101-011	dup:Гарбуз					
PLX-101-012	dup:Гарбуз					
PLX-101-013	dup:Гарбуз					
PLX-101-016	dup:Гарбуз					prybutok
PLX-101-017	dup:Гарбуз					
PLX-101-019	dup:Гарбуз					
PLX-101-020	dup:Едім		Shopping_ads	ne_v_nayavnosti		
PLX-101-021	dup:Гарбуз					
PLX-101-024	dup:Гарбуз					
PLX-101-025	dup:Гарбуз					
PLX-101-026	dup:Гарбуз					
PLX-101-027	dup:Гарбуз					
PLX-101-028	dup:Гарбуз					
PLX-101-029	dup:Гарбуз					prybutok
PLX-101-030	dup:Гарбуз					
PLX-101-031	dup:Гарбуз					
PLX-101-032	dup:Гарбуз					prybutok
PLX-101-033	dup:Гарбуз					
PLX-101-034	dup:Гарбуз					
PLX-101-035	dup:Гарбуз					
PLX-101-037	dup:Гарбуз					
PLX-101-038	dup:Гарбуз					
PLX-101-039	dup:Гарбуз					
PLX-101-040	dup:Гарбуз					
PLX-101-041	dup:Гарбуз					
PLX-101-042	dup:Гарбуз					
PLX-101-043	dup:Гарбуз					
PLX-101-044	dup:Гарбуз					prybutok
PLX-101-045	dup:Гарбуз					
PLX-101-046	dup:Гарбуз					
PLX-101-047	dup:Гарбуз					
PLX-101-050	dup:Гарбуз					
PLX-101-051	dup:Гарбуз					prybutok
PLX-101-052	dup:Гарбуз					prybutok
PLX-101-053	dup:Гарбуз					
PLX-101-054	dup:Гарбуз					
PLX-101-068	dup:Гарбуз					
PLX-101-071	dup:Гарбуз					prybutok
PLX-101-072	dup:Гарбуз					
PLX-101-073	dup:Гарбуз					prybutok
PLX-101-074	dup:Гарбуз					
PLX-101-075	dup:Гарбуз					
PLX-101-077	dup:Гарбуз					
PLX-101-078	dup:Гарбуз					
PLX-101-079	dup:Гарбуз					
PLX-101-080	dup:Гарбуз					prybutok
PLX-101-081	dup:Гарбуз					
PLX-101-082	dup:Гарбуз					
PLX-101-084	dup:Гарбуз					
PLX-101-085	dup:Гарбуз					
PLX-101-086	dup:Гарбуз					
PLX-101-087	dup:Едім		Shopping_ads	ne_v_nayavnosti		
PLX-101-088	dup:Гарбуз					
PLX-101-089			Shopping_ads	ne_v_nayavnosti		
PLX-101-090	dup:Гарбуз					
PLX-101-091	dup:Гарбуз					
PLX-101-092	dup:Гарбуз					
PLX-101-094	dup:Гарбуз					
PLX-101-096	dup:Гарбуз					
PLX-101-098	dup:Гарбуз					prybutok
PLX-101-099	dup:Гарбуз					prybutok
PLX-101-100	dup:Гарбуз					
PLX-101-101	dup:Гарбуз					
PLX-101-102	dup:Гарбуз					
PLX-101-103	dup:Гарбуз					
PLX-101-104	dup:Гарбуз					
PLX-101-106	dup:Гарбуз					prybutok
PLX-101-107	dup:Гарбуз					
PLX-101-108	dup:Гарбуз					
PLX-101-113	dup:Гарбуз					prybutok
PLX-101-114	dup:Гарбуз					prybutok
PLX-101-115	dup:Гарбуз					
PLX-101-116	dup:Гарбуз					prybutok
PLX-101-117	dup:Гарбуз					prybutok
PLX-101-118	dup:Гарбуз					
PLX-101-144	dup:Гарбуз					
PLX-101-145	dup:Гарбуз					
PLX-101-146	dup:Гарбуз					
PLX-101-149	dup:Гарбуз					prybutok
PLX-101-150	dup:Гарбуз					
PLX-101-153	dup:Гарбуз					prybutok
PLX-101-154	dup:Гарбуз					
PLX-101-155	dup:Гарбуз					
PLX-101-156	dup:Гарбуз					
PLX-101-157	dup:Гарбуз					
PLX-101-159	dup:Гарбуз					
PLX-101-160	dup:Гарбуз					prybutok
PLX-101-161	dup:Гарбуз					prybutok
PLX-101-164	dup:Гарбуз					
PLX-101-165	dup:Гарбуз					
PLX-101-174	dup:Гарбуз					prybutok
PLX-101-177	dup:Гарбуз					
PLX-101-178	dup:Гарбуз					
PLX-101-188	dup:Едім		Shopping_ads	ne_v_nayavnosti		
PLX-101-189	dup:Едім		Shopping_ads	ne_v_nayavnosti		
PLX-101-195	dup:Гарбуз					
PLX-101-196	dup:Гарбуз					
PLX-101-198	dup:Гарбуз					
PLX-101-199	dup:Гарбуз					
PLX-101-201	dup:Едім		Shopping_ads	ne_v_nayavnosti		
PLX-101-202	dup:Гарбуз					
PLX-101-290	dup:Гарбуз					
PLX-101-291	dup:Гарбуз					
PLX-101-292	dup:Гарбуз					
PLX-101110	dup:Гарбуз					
PLX-101112	dup:Гарбуз					
PLX-101113	dup:Гарбуз					
PLX-101114	dup:Гарбуз					
PLX-101115	dup:Гарбуз					
PLX-101116	dup:Гарбуз					
PLX-101117	dup:Гарбуз					
PLX-101118	dup:Гарбуз					
PLX-101119	dup:Гарбуз					
PLX-101120	dup:Гарбуз					
PLX-101121	dup:Гарбуз					
PLX-101143	dup:Гарбуз					prybutok
PLX-101144	dup:Гарбуз					
PLX-101145	dup:Гарбуз					
PLX-101178	dup:Гарбуз					
PLX-101179	dup:Гарбуз					
PLX-101188	dup:Гарбуз					
PLX-101190	dup:Гарбуз					
PLX-101204	dup:Гарбуз					
PLX-101277	dup:Гарбуз					
PLX-101278	dup:Едім		Shopping_ads	ne_v_nayavnosti		
PLX-101287			Shopping_ads	ne_v_nayavnosti		
PLX-101289	dup:Едім		Shopping_ads	ne_v_nayavnosti		
PLX-101292	dup:Гарбуз		Shopping_ads	ne_v_prajsi		
PLX-101327	dup:Гарбуз					
PLX-101328			Shopping_ads	ne_v_nayavnosti		
PLX-101331	dup:Гарбуз					
PLX-101339	dup:Гарбуз					
PLX-101344	dup:Гарбуз					
PLX-101345	dup:Гарбуз					
PLX-101347	dup:Гарбуз					
PLX-101370б	dup:Гарбуз					
PLX-101372	dup:Гарбуз					
PLX-101373	dup:Гарбуз					
PLX-101374б	dup:Гарбуз					
PLX-101375	dup:Гарбуз					
PLX-101376б	dup:Гарбуз					
PLX-101377	dup:Гарбуз					
PLX-101378	dup:Гарбуз					
PLX-101379	dup:Гарбуз					
PLX-101380	dup:Гарбуз					
PLX-101381б	dup:Гарбуз					
PLX-101382	dup:Гарбуз					
PLX-101382б	dup:Гарбуз					prybutok
PLX-101383б	dup:Гарбуз					
PLX-101384	dup:Гарбуз					
PLX-101385б	dup:Гарбуз					
PLX-101386б	dup:Гарбуз					
PLX-101388б	dup:Гарбуз					
PLX-101389б	dup:Гарбуз					
PLX-101391	dup:Гарбуз					
PLX-101396	dup:Гарбуз					
PLX-101424	dup:Гарбуз		Shopping_ads	season_off		
PLX-101425	dup:Гарбуз		Shopping_ads	season_off		
PLX-101426	dup:Гарбуз		Shopping_ads	season_off		
PLX-101427	dup:Гарбуз		Shopping_ads	season_off		
PLX-101428	dup:Гарбуз		Shopping_ads	season_off		
PLX-101430	dup:Гарбуз		Shopping_ads	season_off		
PLX-101431			Shopping_ads	ne_v_nayavnosti		
PLX-101434	dup:Гарбуз					
PLX-101436	dup:Едім		Shopping_ads	ne_v_nayavnosti		
PLX-101440	dup:Гарбуз					
PLX-101441	dup:Гарбуз					
PLX-101444	dup:Едім		Shopping_ads	ne_v_nayavnosti		
PLX-101446	dup:Гарбуз					
PLX-101448	dup:Гарбуз					
PLX-101449	dup:Едім		Shopping_ads	ne_v_nayavnosti		
PLX-101450	dup:Гарбуз					
PLX-101452	dup:Гарбуз					
PLX-101517	dup:Гарбуз					
PLX-101518	dup:Гарбуз					
PLX-101519	dup:Гарбуз					
PLX-101520	dup:Гарбуз					
PLX-101526	dup:Гарбуз					
PLX-101536	dup:Гарбуз					
PLX-101537	dup:Гарбуз					
PLX-101539	dup:Гарбуз					
PLX-101547	dup:Гарбуз					
PLX-101549	dup:Гарбуз					
PLX-101585	dup:Гарбуз					
PLX-101586	dup:Гарбуз					
PLX-101611	dup:Гарбуз		Shopping_ads	season_off		prybutok
PLX-101617	dup:Едім		Shopping_ads	ne_v_nayavnosti		
PLX-101618	dup:Едім		Shopping_ads	ne_v_nayavnosti		
PLX-101619	dup:Гарбуз					
PLX-101622	dup:Гарбуз					
PLX-101623	dup:Едім		Shopping_ads	ne_v_nayavnosti		
PLX-101624	dup:Едім		Shopping_ads	ne_v_nayavnosti		
PLX-101629	dup:Едім		Shopping_ads	ne_v_nayavnosti		
PLX-101662	dup:Гарбуз					
PLX-101663	dup:Гарбуз		Shopping_ads	ne_v_prajsi		
PLX-101676	dup:Гарбуз					
PLX-101677	dup:Гарбуз					
PLX-101678	dup:Гарбуз					
PLX-101687	dup:Гарбуз					
PLX-101688	dup:Гарбуз					
PLX-101690	dup:Гарбуз					
PLX-101691	dup:Гарбуз					
PLX-101695	dup:Гарбуз					
PLX-101696	dup:Гарбуз					
PLX-101697	dup:Гарбуз					
PLX-101699	dup:Гарбуз					
PLX-1017	dup:Гарбуз					
PLX-101700	dup:Гарбуз					
PLX-101701	dup:Гарбуз					
PLX-101702	dup:Гарбуз					
PLX-101703	dup:Гарбуз					
PLX-101705	dup:Гарбуз					
PLX-101712	dup:Гарбуз					
PLX-101714	dup:Гарбуз					
PLX-101824	dup:Гарбуз					
PLX-101829	dup:Едім		Shopping_ads	ne_v_nayavnosti		
PLX-101830	dup:Едім		Shopping_ads	ne_v_nayavnosti		
PLX-101836	dup:Едім		Shopping_ads	ne_v_nayavnosti		
PLX-101844	dup:Едім		Shopping_ads	ne_v_nayavnosti		
PLX-101849	dup:Гарбуз					
PLX-101850	dup:Гарбуз					
PLX-101851	dup:Гарбуз					
PLX-101852	dup:Гарбуз					
PLX-101857	dup:Гарбуз					
PLX-102016	dup:Гарбуз		Shopping_ads	season_off		
PLX-102017	dup:Гарбуз					
PLX-102018	dup:Гарбуз					
PLX-102039	dup:Гарбуз					
PLX-105-062	dup:Гарбуз					
PLX-105-067	dup:Гарбуз					
PLX-105-068	dup:Гарбуз					
PLX-105-075	dup:Гарбуз					
PLX-105-082	dup:Гарбуз					
PLX-105-102	dup:Гарбуз					
PLX-105-105	dup:Гарбуз					
PLX-105-115	dup:Гарбуз					
PLX-105-125	dup:Гарбуз					
PLX-106728	dup:Едім		Shopping_ads	ne_v_nayavnosti		
PLX-107	dup:Едім		Shopping_ads	ne_v_nayavnosti		
PLX-107721	dup:Гарбуз					
PLX-107802	dup:Гарбуз					
PLX-108729	dup:Гарбуз					
PLX-108801	dup:Гарбуз					
PLX-108827	dup:Гарбуз					
PLX-10895	dup:Гарбуз					
PLX-11-001	dup:Гарбуз					
PLX-11-003	dup:Гарбуз					
PLX-11-005	dup:Гарбуз					
PLX-11-044	dup:Гарбуз					
PLX-11-057	dup:Гарбуз					
PLX-11-058	dup:Гарбуз					
PLX-11-113	dup:Гарбуз					
PLX-11-144	dup:Гарбуз					
PLX-11-145	dup:Гарбуз					
PLX-11-146	dup:Гарбуз					
PLX-11-147	dup:Гарбуз					
PLX-11-195	dup:Гарбуз					
PLX-11-196	dup:Гарбуз					
PLX-11-197	dup:Гарбуз					
PLX-11-198	dup:Гарбуз					
PLX-11-199	dup:Гарбуз					
PLX-11-200	dup:Гарбуз					
PLX-11-202	dup:Гарбуз					
PLX-11-204	dup:Гарбуз					
PLX-11-206	dup:Гарбуз					
PLX-11-208	dup:Гарбуз					
PLX-11-226	dup:Гарбуз					
PLX-11-227	dup:Едім		Shopping_ads	ne_v_nayavnosti		
PLX-11-282	dup:Гарбуз					
PLX-11-283	dup:Гарбуз					
PLX-11-292	dup:Гарбуз					
PLX-11-294	dup:Гарбуз					
PLX-11-314	dup:Гарбуз					
PLX-11-325	dup:Гарбуз					
PLX-11-326	dup:Гарбуз					
PLX-11-327	dup:Гарбуз		Shopping_ads	season_off		
PLX-11-328	dup:Гарбуз		Shopping_ads	season_off		
PLX-11-329	dup:Гарбуз		Shopping_ads	ne_v_nayavnosti		
PLX-11-330	dup:Гарбуз		Shopping_ads	season_off		
PLX-11-331	dup:Гарбуз		Shopping_ads	season_off		
PLX-11-332	dup:Гарбуз					
PLX-11-333	dup:Гарбуз					
PLX-11-335	dup:Гарбуз		Shopping_ads	season_off		
PLX-11-337	dup:Гарбуз		Shopping_ads	season_off		
PLX-11-338	dup:Гарбуз		Shopping_ads	season_off		
PLX-11-339	dup:Гарбуз		Shopping_ads	season_off		
PLX-11-408	dup:Гарбуз		Shopping_ads	season_off		
PLX-11-409	dup:Гарбуз		Shopping_ads	season_off		
PLX-11-410	dup:Гарбуз		Shopping_ads	season_off		
PLX-11-411	dup:Гарбуз		Shopping_ads	season_off		
PLX-11-412	dup:Гарбуз					
PLX-11-415			Shopping_ads	season_off		
PLX-11-416	dup:Гарбуз		Shopping_ads	season_off		
PLX-11-418	dup:Гарбуз		Shopping_ads	season_off		
PLX-11-419	dup:Гарбуз					
PLX-11-420	dup:Гарбуз					
PLX-11-421	dup:Гарбуз					
PLX-11-422	dup:Гарбуз					
PLX-11-423	dup:Гарбуз					
PLX-11-424	dup:Гарбуз					
PLX-11-431	dup:Гарбуз					
PLX-11-432	dup:Гарбуз					
PLX-11-435	dup:Едім		Shopping_ads	ne_v_nayavnosti		
PLX-11-436	dup:Гарбуз					
PLX-11-437	dup:Гарбуз					
PLX-11-438	dup:Гарбуз		Shopping_ads	season_off		
PLX-11-439	dup:Гарбуз					
PLX-11-440	dup:Гарбуз					
PLX-11-441	dup:Гарбуз					
PLX-11-442	dup:Гарбуз					
PLX-11-444	dup:Гарбуз					
PLX-11-463	dup:Гарбуз					
PLX-11-464	dup:Гарбуз					
PLX-11-465	dup:Гарбуз					
PLX-11-466	dup:Гарбуз					
PLX-11-467	dup:Гарбуз					
PLX-11-468	dup:Гарбуз					
PLX-11-470	dup:Гарбуз					
PLX-11-471	dup:Гарбуз					
PLX-11-472	dup:Едім		Shopping_ads	ne_v_nayavnosti		
PLX-11-473	dup:Гарбуз					
PLX-11-474	dup:Гарбуз					
PLX-11-475	dup:Гарбуз					
PLX-11-476	dup:Гарбуз					
PLX-11-477	dup:Гарбуз					
PLX-11-478	dup:Гарбуз					
PLX-11-479	dup:Гарбуз					
PLX-11-480	dup:Гарбуз					
PLX-11-481	dup:Гарбуз					
PLX-11-482	dup:Гарбуз					
PLX-11-483	dup:Гарбуз					
PLX-11-484	dup:Гарбуз					
PLX-11-486	dup:Гарбуз					
PLX-11-487	dup:Гарбуз					
PLX-11-566	dup:Гарбуз					
PLX-11-575	dup:Гарбуз					
PLX-11-576	dup:Гарбуз					
PLX-11-621	dup:Гарбуз					
PLX-11-631	dup:Гарбуз					
PLX-11-647	dup:Гарбуз					
PLX-11-648	dup:Гарбуз					
PLX-11-649	dup:Гарбуз					
PLX-11-650	dup:Гарбуз					
PLX-11-690	dup:Гарбуз					
PLX-11-691	dup:Едім		Shopping_ads	ne_v_nayavnosti		
PLX-11-894	dup:Гарбуз					
PLX-11-895	dup:Гарбуз					
PLX-11-896	dup:Гарбуз					
PLX-110-120	dup:Гарбуз					
PLX-110-150	dup:Гарбуз					
PLX-110-160	dup:Едім		Shopping_ads	ne_v_nayavnosti		
PLX-110-180	dup:Гарбуз					
PLX-110-190	dup:Гарбуз					
PLX-11008	dup:Едім		Shopping_ads	ne_v_nayavnosti		
PLX-11009	dup:Едім		Shopping_ads	ne_v_nayavnosti		
PLX-1101-115P	dup:Едім		Shopping_ads	ne_v_nayavnosti		
PLX-1102000	dup:Гарбуз					
PLX-1102400	dup:Гарбуз					
PLX-1102500	dup:Гарбуз					
PLX-110300	dup:Гарбуз					
PLX-1104-115P	dup:Едім		Shopping_ads	ne_v_nayavnosti		
PLX-1106721	dup:Гарбуз					
PLX-111-095	dup:Гарбуз					
PLX-1115600	dup:Гарбуз					
PLX-1115800	dup:Гарбуз					
PLX-11196	dup:Гарбуз					
PLX-113-230	dup:Гарбуз					
PLX-113-330	dup:Гарбуз					
PLX-11348	dup:Гарбуз					prybutok
PLX-116461	dup:Гарбуз					
PLX-117232	dup:Гарбуз					
PLX-117242	dup:Гарбуз					
PLX-11843	dup:Гарбуз					
PLX-118800	dup:Гарбуз					
PLX-11997	dup:Гарбуз					
PLX-11999	dup:Гарбуз					
PLX-12-001	dup:Гарбуз					
PLX-12-002	dup:Гарбуз					
PLX-12-003	dup:Гарбуз					
PLX-12-004	dup:Гарбуз					
PLX-12-083	dup:Гарбуз					prybutok
PLX-12-085	dup:Гарбуз					
PLX-12-086	dup:Гарбуз					
PLX-12-108	dup:Гарбуз					
PLX-12-109	dup:Гарбуз					
PLX-12-110	dup:Гарбуз					
PLX-12-111	dup:Гарбуз					
PLX-12-250	dup:Гарбуз					
PLX-12-251	dup:Гарбуз					
PLX-12-252	dup:Едім		Shopping_ads	ne_v_nayavnosti		
PLX-12-267	dup:Гарбуз					prybutok
PLX-12-268	dup:Гарбуз					prybutok
PLX-12-269	dup:Гарбуз					prybutok
PLX-12-272	dup:Гарбуз					
PLX-12-274	dup:Едім		Shopping_ads	ne_v_nayavnosti		
PLX-12-275	dup:Гарбуз					
PLX-12-276	dup:Гарбуз					
PLX-12-387	dup:Гарбуз					
PLX-12-398	dup:Гарбуз					
PLX-12-428	dup:Гарбуз					
PLX-12-429	dup:Гарбуз					
PLX-12-430	dup:Едім		Shopping_ads	ne_v_nayavnosti		
PLX-12-431	dup:Едім		Shopping_ads	ne_v_nayavnosti		
PLX-12-433	dup:Гарбуз					
PLX-12-434	dup:Едім		Shopping_ads	ne_v_nayavnosti		
PLX-12-435	dup:Гарбуз					
PLX-12-458	dup:Гарбуз					
PLX-12-641	dup:Гарбуз		Shopping_ads	ne_v_nayavnosti		
PLX-12-747	dup:Гарбуз					
PLX-12-749	dup:Гарбуз					
PLX-12-873	dup:Гарбуз					
PLX-12-874	dup:Едім		Shopping_ads	ne_v_nayavnosti		
PLX-12-947	dup:Гарбуз					
PLX-12-948	dup:Гарбуз					
PLX-12-949	dup:Едім		Shopping_ads	ne_v_nayavnosti		
PLX-12-950	dup:Гарбуз					prybutok
PLX-12-951	dup:Гарбуз					
PLX-12-952	dup:Гарбуз					
PLX-120	dup:Гарбуз					
PLX-120-020	dup:Гарбуз					
PLX-120-025	dup:Гарбуз					
PLX-120-028	dup:Гарбуз					
PLX-120-030	dup:Гарбуз					
PLX-120-033	dup:Гарбуз					
PLX-120-035	dup:Гарбуз					
PLX-120-038	dup:Гарбуз					
PLX-120-040	dup:Гарбуз					
PLX-120-042	dup:Гарбуз					
PLX-120-045	dup:Гарбуз					
PLX-120-048	dup:Гарбуз					
PLX-120-050	dup:Гарбуз					
PLX-120-055	dup:Гарбуз					
PLX-120-060	dup:Гарбуз					
PLX-120-065	dup:Гарбуз					
PLX-120-070	dup:Гарбуз					
PLX-120-080	dup:Гарбуз					
PLX-120-090	dup:Гарбуз					
PLX-120-110	dup:Гарбуз					
PLX-120-139	dup:Гарбуз					
PLX-12000	dup:Гарбуз					
PLX-12001	dup:Гарбуз					
PLX-122-130	dup:Гарбуз					
PLX-122-131	dup:Едім		Shopping_ads	ne_v_nayavnosti		
PLX-122-190	dup:Гарбуз					
PLX-122-250	dup:Гарбуз					
PLX-122098	dup:Едім		Shopping_ads	ne_v_nayavnosti		
PLX-122104	dup:Гарбуз					
PLX-124	dup:Гарбуз					
PLX-125	dup:Гарбуз					
PLX-127649	dup:Гарбуз					
PLX-127660	dup:Гарбуз					
PLX-128357	dup:Гарбуз					
PLX-128365	dup:Гарбуз					
PLX-128366	dup:Гарбуз					
PLX-128855	dup:Гарбуз					
PLX-13-001	dup:Гарбуз					
PLX-13-002	dup:Гарбуз					
PLX-13-003	dup:Гарбуз					
PLX-13-004	dup:Гарбуз					
PLX-13-07-002	dup:Гарбуз					
PLX-13-07-004	dup:Гарбуз					
PLX-13-07-010	dup:Гарбуз					
PLX-13-07-014	dup:Гарбуз					
PLX-13-08-003	dup:Гарбуз					
PLX-13-08-014	dup:Гарбуз					
PLX-13-09-002	dup:Гарбуз					
PLX-13-10-003	dup:Гарбуз					
PLX-13-16-002	dup:Гарбуз					
PLX-13-17-002	dup:Гарбуз					
PLX-13-43-004	dup:Гарбуз					
PLX-13-62-002	dup:Гарбуз					
PLX-13-63-002	dup:Гарбуз					
PLX-13087	dup:Гарбуз					
PLX-13089	dup:Гарбуз					
PLX-131			Shopping_ads	ne_v_nayavnosti		
PLX-132			Shopping_ads	ne_v_nayavnosti		
PLX-13219	dup:Гарбуз					
PLX-133			Shopping_ads	ne_v_nayavnosti		
PLX-134	dup:Едім		Shopping_ads	ne_v_nayavnosti		
PLX-13444	dup:Гарбуз					
PLX-13451	dup:Гарбуз					
PLX-135	dup:Гарбуз					
PLX-14-001	dup:Гарбуз					
PLX-14-002	dup:Гарбуз					
PLX-14-003	dup:Гарбуз					
PLX-14-004	dup:Гарбуз					
PLX-14-005	dup:Гарбуз					
PLX-14-006	dup:Гарбуз					
PLX-14-16	dup:Гарбуз					
PLX-14-17	dup:Гарбуз					
PLX-14-18	dup:Гарбуз					
PLX-14-30	dup:Гарбуз					
PLX-14-35	dup:Гарбуз					
PLX-14-36	dup:Гарбуз					
PLX-14-37	dup:Гарбуз					
PLX-14-40	dup:Гарбуз					prybutok
PLX-14-47	dup:Гарбуз					
PLX-14-48	dup:Гарбуз					
PLX-14-49	dup:Гарбуз					
PLX-14-50	dup:Гарбуз					
PLX-140-120	dup:Гарбуз					
PLX-140-150	dup:Гарбуз					
PLX-140-180	dup:Гарбуз					
PLX-140-220	dup:Гарбуз					
PLX-140-240	dup:Гарбуз					
PLX-140-320	dup:Гарбуз					
PLX-140-36	dup:Гарбуз					
PLX-140-360	dup:Гарбуз					
PLX-140-400	dup:Гарбуз					
PLX-140-60	dup:Гарбуз					
PLX-140-600	dup:Гарбуз					
PLX-143-220	dup:Гарбуз					
PLX-143-240	dup:Едім		Shopping_ads	ne_v_nayavnosti		
PLX-143-40	dup:Едім		Shopping_ads	ne_v_nayavnosti		
PLX-143-400	dup:Гарбуз					
PLX-14450	dup:Гарбуз					
PLX-1450-416	dup:Гарбуз					
PLX-1450-418	dup:Гарбуз					
PLX-1450-420	dup:Гарбуз					
PLX-1450-4830	dup:Гарбуз					prybutok
PLX-1450-4864	dup:Гарбуз					
PLX-148	dup:Гарбуз					prybutok
PLX-14878	dup:Гарбуз					prybutok
PLX-148918	dup:Гарбуз					
PLX-148920	dup:Гарбуз					
PLX-148925	dup:Гарбуз					
PLX-149190	dup:Гарбуз					
PLX-149191	dup:Гарбуз					
PLX-149199	dup:Гарбуз					
PLX-15-001	dup:Гарбуз					
PLX-15-002	dup:Гарбуз		Shopping_ads	ne_v_prajsi		prybutok
PLX-15-003	dup:Гарбуз					prybutok
PLX-15-004	dup:Гарбуз					prybutok
PLX-15-01-001	dup:Гарбуз					prybutok
PLX-15-01-002	dup:Гарбуз					prybutok
PLX-15-01-004	dup:Гарбуз					prybutok
PLX-15-01-005	dup:Гарбуз					prybutok
PLX-15-01-007	dup:Гарбуз					prybutok
PLX-15-015	dup:Гарбуз					
PLX-15-02-001	dup:Гарбуз					prybutok
PLX-15-02-005	dup:Гарбуз					prybutok
PLX-15-08-004	dup:Гарбуз					
PLX-15-103-001	dup:Гарбуз					
PLX-15-103-003	dup:Гарбуз					
PLX-15-104-001	dup:Гарбуз					
PLX-15-104-002	dup:Едім		Shopping_ads	ne_v_nayavnosti		
PLX-15-104-003	dup:Гарбуз					
PLX-15-105-001	dup:Гарбуз		Shopping_ads	ne_v_prajsi		
PLX-15-105-002	dup:Гарбуз					
PLX-15-112-02	dup:Гарбуз					
PLX-15-116	dup:Гарбуз					
PLX-15-124-004	dup:Гарбуз		Shopping_ads	ne_v_prajsi		
PLX-15-124-005	dup:Гарбуз		Shopping_ads	ne_v_prajsi		
PLX-15-13-001	dup:Гарбуз					prybutok
PLX-15-13-004	dup:Гарбуз					prybutok
PLX-15-134-001	dup:Гарбуз					
PLX-15-134-003	dup:Гарбуз					
PLX-15-135-002	dup:Гарбуз					
PLX-15-136-001-SN/PC	dup:Гарбуз		Shopping_ads	ne_v_prajsi		
PLX-15-136-AB	dup:Гарбуз		Shopping_ads	ne_v_prajsi		
PLX-15-137-002	dup:Гарбуз					
PLX-15-137-003	dup:Гарбуз					
PLX-15-141-01	dup:Гарбуз					
PLX-15-141-02	dup:Гарбуз					
PLX-15-142-02	dup:Гарбуз					
PLX-15-144-01	dup:Гарбуз					
PLX-15-145	dup:Гарбуз					
PLX-15-147-01	dup:Гарбуз					
PLX-15-147-02	dup:Гарбуз		Shopping_ads	ne_v_prajsi		
PLX-15-148-AB-L	dup:Гарбуз					
PLX-15-148-AB-R	dup:Гарбуз					
PLX-15-148-SN-L	dup:Гарбуз					
PLX-15-148-SN-R	dup:Гарбуз					
PLX-15-15-003	dup:Гарбуз					
PLX-15-15-004	dup:Гарбуз					prybutok
PLX-15-15-008	dup:Гарбуз					prybutok
PLX-15-150-001	dup:Гарбуз					
PLX-15-150-003	dup:Гарбуз					
PLX-15-151-001	dup:Гарбуз					
PLX-15-160-001	dup:Гарбуз					
PLX-15-160-002	dup:Гарбуз					
PLX-15-160-004	dup:Гарбуз					
PLX-15-161-001	dup:Гарбуз					
PLX-15-161-002	dup:Гарбуз					
PLX-15-161-003	dup:Гарбуз					
PLX-15-162-001	dup:Гарбуз					
PLX-15-164-001	dup:Гарбуз					
PLX-15-164-002	dup:Гарбуз					
PLX-15-164-003	dup:Гарбуз					
PLX-15-164-004	dup:Гарбуз					
PLX-15-170-001	dup:Гарбуз					
PLX-15-170-002	dup:Гарбуз					
PLX-15-170-004	dup:Гарбуз					
PLX-15-171-001	dup:Гарбуз					
PLX-15-171-002	dup:Гарбуз					
PLX-15-171-003	dup:Гарбуз					
PLX-15-171-004	dup:Гарбуз					
PLX-15-175-001	dup:Гарбуз					
PLX-15-175-002	dup:Гарбуз					
PLX-15-176-001	dup:Гарбуз					
PLX-15-176-002	dup:Гарбуз					
PLX-15-178-001	dup:Гарбуз					prybutok
PLX-15-178-002	dup:Гарбуз					prybutok
PLX-15-179-001	dup:Гарбуз					prybutok
PLX-15-179-002	dup:Гарбуз					prybutok
PLX-15-180-001	dup:Гарбуз					
PLX-15-180-002	dup:Гарбуз					
PLX-15-180-003	dup:Гарбуз					
PLX-15-180-004	dup:Гарбуз					
PLX-15-180-006	dup:Гарбуз					
PLX-15-181-001	dup:Гарбуз					
PLX-15-181-002	dup:Гарбуз		Shopping_ads	ne_v_prajsi		
PLX-15-181-003	dup:Гарбуз					
PLX-15-181-004	dup:Гарбуз					
PLX-15-181-006	dup:Гарбуз					
PLX-15-182-002	dup:Гарбуз					
PLX-15-182-003	dup:Гарбуз					
PLX-15-182-004	dup:Гарбуз					
PLX-15-182-006	dup:Гарбуз					
PLX-15-182-SN/PB	dup:Гарбуз					
PLX-15-183-001	dup:Гарбуз					
PLX-15-183-002	dup:Гарбуз					
PLX-15-183-003	dup:Гарбуз					
PLX-15-183-004	dup:Гарбуз					
PLX-15-183-005	dup:Гарбуз		Shopping_ads	ne_v_prajsi		
PLX-15-184-001	dup:Гарбуз					
PLX-15-184-002	dup:Гарбуз					
PLX-15-184-003	dup:Гарбуз					
PLX-15-184-004	dup:Гарбуз					
PLX-15-184-006	dup:Гарбуз					
PLX-15-185-002	dup:Едім		Shopping_ads	ne_v_nayavnosti		
PLX-15-185-004	dup:Гарбуз					
PLX-15-185-006	dup:Гарбуз					
PLX-15-186-001	dup:Гарбуз					
PLX-15-186-002	dup:Гарбуз					
PLX-15-187-001	dup:Гарбуз					
PLX-15-187-002	dup:Гарбуз					
PLX-15-187-003	dup:Гарбуз					
PLX-15-187-004	dup:Гарбуз					
PLX-15-187-006	dup:Гарбуз		Shopping_ads	ne_v_prajsi		
PLX-15-188-001	dup:Гарбуз		Shopping_ads	ne_v_prajsi		prybutok
PLX-15-188-002	dup:Гарбуз					
PLX-15-188-003	dup:Гарбуз					prybutok
PLX-15-188-004	dup:Гарбуз					prybutok
PLX-15-188-005	dup:Гарбуз					prybutok
PLX-15-191-001	dup:Гарбуз					prybutok
PLX-15-191-002	dup:Гарбуз					prybutok
PLX-15-191-004	dup:Гарбуз					prybutok
PLX-15-191-005	dup:Гарбуз					prybutok
PLX-15-225-001	dup:Гарбуз					
PLX-15-226-001	dup:Гарбуз					
PLX-15-226-002	dup:Гарбуз					
PLX-15-227-001	dup:Гарбуз					
PLX-15-228-001	dup:Гарбуз					
PLX-15-229-001	dup:Гарбуз					
PLX-15-240-001	dup:Гарбуз					
PLX-15-241-001	dup:Гарбуз					
PLX-15-25-001	dup:Гарбуз					
PLX-15-25-002	dup:Гарбуз					
PLX-15-25-006	dup:Гарбуз					
PLX-15-25-007	dup:Гарбуз					
PLX-15-25-011	dup:Гарбуз					
PLX-15-27-007	dup:Гарбуз					
PLX-15-27-008	dup:Гарбуз					
PLX-15-27-009	dup:Гарбуз					
PLX-15-27-017	dup:Гарбуз					
PLX-15-30-001	dup:Гарбуз					
PLX-15-30-002	dup:Едім		Shopping_ads	ne_v_nayavnosti		
PLX-15-30-009	dup:Гарбуз					
PLX-15-30-010	dup:Гарбуз					
PLX-15-30-011	dup:Гарбуз					
PLX-15-31-001	dup:Гарбуз					
PLX-15-31-002	dup:Едім		Shopping_ads	ne_v_nayavnosti		
PLX-15-31-005	dup:Гарбуз					
PLX-15-31-007	dup:Гарбуз					
PLX-15-31-008	dup:Едім		Shopping_ads	ne_v_nayavnosti		
PLX-15-32-001	dup:Гарбуз					
PLX-15-32-007	dup:Гарбуз					
PLX-15-33-006	dup:Гарбуз					
PLX-15-33-010	dup:Гарбуз					
PLX-15-33-012	dup:Гарбуз					
PLX-15-33-014	dup:Гарбуз					
PLX-15-39-003	dup:Гарбуз					
PLX-15-39-004	dup:Гарбуз					
PLX-15-44-001	dup:Гарбуз					
PLX-15-44-004	dup:Едім		Shopping_ads	ne_v_nayavnosti		
PLX-15-45-АВ	dup:Гарбуз					
PLX-15-47-007	dup:Гарбуз					
PLX-15-47-008	dup:Гарбуз					
PLX-15-48-001	dup:Гарбуз					
PLX-15-48-003	dup:Гарбуз					
PLX-15-55a-001	dup:Гарбуз		Shopping_ads	ne_v_prajsi		
PLX-15-55a-004	dup:Гарбуз					
PLX-15-56-001	dup:Гарбуз		Shopping_ads	ne_v_prajsi		
PLX-15-57-002	dup:Гарбуз					
PLX-15-57-004	dup:Гарбуз					
PLX-15-58-001	dup:Гарбуз					
PLX-15-58-002	dup:Гарбуз					
PLX-15-59-001	dup:Гарбуз					
PLX-15-60-001	dup:Гарбуз					
PLX-15-63-012	dup:Едім		Shopping_ads	ne_v_nayavnosti		
PLX-15-65-001	dup:Гарбуз					
PLX-15-65-004	dup:Гарбуз					
PLX-15-68-002	dup:Гарбуз					prybutok
PLX-15-68-003	dup:Гарбуз					prybutok
PLX-15-68-004	dup:Гарбуз					prybutok
PLX-15-68-006	dup:Гарбуз					
PLX-15-68-007	dup:Гарбуз		Shopping_ads	ne_v_prajsi		prybutok
PLX-15-70-001	dup:Гарбуз					
PLX-15-70-002	dup:Гарбуз					
PLX-15-71-001	dup:Едім		Shopping_ads	ne_v_nayavnosti		
PLX-15-71-002	dup:Гарбуз					
PLX-15-71-003	dup:Гарбуз					
PLX-15-71-004	dup:Гарбуз					
PLX-15-72-008	dup:Едім		Shopping_ads	ne_v_nayavnosti		
PLX-15-73-003	dup:Гарбуз					
PLX-15-73-004	dup:Гарбуз					
PLX-15-81-001	dup:Гарбуз		Shopping_ads	ne_v_prajsi		
PLX-15-81-003	dup:Гарбуз					
PLX-15-81-004	dup:Едім		Shopping_ads	ne_v_nayavnosti		
PLX-15-84-001	dup:Гарбуз					prybutok
PLX-15-84-006	dup:Гарбуз					
PLX-15-84-008	dup:Гарбуз					
PLX-150/10	dup:Гарбуз					
PLX-150/6	dup:Гарбуз					
PLX-150/8	dup:Гарбуз					
PLX-151	dup:Гарбуз					prybutok
PLX-151-100	dup:Гарбуз					
PLX-151-120	dup:Гарбуз					
PLX-151-36	dup:Гарбуз					
PLX-151-60	dup:Гарбуз		Shopping_ads	ne_v_prajsi		
PLX-151-80	dup:Едім		Shopping_ads	ne_v_nayavnosti		
PLX-152-180-SD	dup:Гарбуз					
PLX-152-230-SD	dup:Гарбуз					
PLX-153	dup:Гарбуз					prybutok
PLX-153-180-SG	dup:Гарбуз					
PLX-154	dup:Гарбуз					prybutok
PLX-154-180-TW	dup:Гарбуз					
PLX-15439	dup:Гарбуз					
PLX-155	dup:Гарбуз					
PLX-156	dup:Гарбуз					
PLX-159547	dup:Едім		Shopping_ads	ne_v_nayavnosti		
PLX-159558	dup:Гарбуз		Shopping_ads	ne_v_prajsi		prybutok
PLX-16-001	dup:Гарбуз					
PLX-16-002	dup:Гарбуз					prybutok
PLX-16-003	dup:Гарбуз					prybutok
PLX-16-004	dup:Гарбуз					prybutok
PLX-16-005	dup:Гарбуз					
PLX-16-006	dup:Гарбуз					
PLX-16-007	dup:Гарбуз					
PLX-16-008	dup:Гарбуз					prybutok
PLX-16-01-003	dup:Гарбуз					
PLX-16-013	dup:Гарбуз					prybutok
PLX-16-02-001	dup:Гарбуз					
PLX-16-02-002	dup:Гарбуз					
PLX-16-02-003	dup:Гарбуз					
PLX-16-02-004	dup:Гарбуз					
PLX-16-03-001	dup:Гарбуз					
PLX-16-03-002	dup:Гарбуз					
PLX-16-03-003	dup:Гарбуз					
PLX-16-03-004	dup:Гарбуз					
PLX-16-03-005	dup:Гарбуз					
PLX-16-05-001	dup:Гарбуз					
PLX-16-05-002	dup:Гарбуз					
PLX-16-05-003	dup:Гарбуз					
PLX-16-05-004	dup:Гарбуз					
PLX-16-08-002	dup:Гарбуз					
PLX-16-08-004	dup:Гарбуз					
PLX-16-09-001	dup:Гарбуз					
PLX-16-09-002	dup:Гарбуз					
PLX-16-09-003	dup:Гарбуз					
PLX-16-09-004	dup:Гарбуз					
PLX-16-09-005	dup:Гарбуз					
PLX-16-10-001	dup:Гарбуз					
PLX-16-10-002	dup:Гарбуз					
PLX-16-14-001	dup:Гарбуз					
PLX-16-14-002	dup:Гарбуз					
PLX-16-17-001	dup:Гарбуз					
PLX-16-21-001	dup:Гарбуз					
PLX-16-21-003	dup:Гарбуз					
PLX-16-29-001	dup:Гарбуз					
PLX-16-29-002	dup:Едім		Shopping_ads	ne_v_nayavnosti		
PLX-16-29-003	dup:Едім		Shopping_ads	ne_v_nayavnosti		
PLX-16-36-001	dup:Гарбуз					
PLX-16-36-002	dup:Гарбуз					
PLX-16-36-003	dup:Гарбуз					
PLX-16-36-004	dup:Гарбуз					
PLX-16-37-001	dup:Едім		Shopping_ads	ne_v_nayavnosti		
PLX-16-46-002	dup:Гарбуз					
PLX-16662	dup:Гарбуз					
PLX-17-001	dup:Гарбуз					
PLX-17-002	dup:Гарбуз					
PLX-17-003	dup:Гарбуз					prybutok
PLX-17-004	dup:Гарбуз					prybutok
PLX-17-005	dup:Гарбуз					
PLX-17-006	dup:Гарбуз					prybutok
PLX-17-007	dup:Гарбуз					prybutok
PLX-17-008	dup:Гарбуз					
PLX-17-019	dup:Гарбуз					
PLX-17937	dup:Гарбуз					
PLX-17938	dup:Гарбуз					
PLX-17984	dup:Гарбуз					
PLX-17996	dup:Гарбуз					
PLX-18-001	dup:Гарбуз					
PLX-18-002	dup:Гарбуз					prybutok
PLX-18-003	dup:Гарбуз					prybutok
PLX-18-004	dup:Гарбуз					prybutok
PLX-18-005	dup:Гарбуз					
PLX-18-006	dup:Гарбуз					
PLX-18-02-012	dup:Гарбуз					
PLX-18-03-001	dup:Гарбуз					
PLX-18-03-002	dup:Гарбуз					
PLX-18-03-003	dup:Гарбуз					
PLX-18-03-004	dup:Гарбуз					
PLX-18-03-005	dup:Гарбуз					
PLX-18-03-006	dup:Гарбуз					
PLX-18-08-008	dup:Гарбуз					
PLX-18-08-009	dup:Гарбуз					
PLX-18-08-010	dup:Гарбуз					prybutok
PLX-18-08-011	dup:Гарбуз					
PLX-18-08-012	dup:Гарбуз					
PLX-18-08-013	dup:Гарбуз					
PLX-18-08-014	dup:Гарбуз					
PLX-18000	dup:Гарбуз					
PLX-18003	dup:Гарбуз					
PLX-18060	dup:Гарбуз					
PLX-18234	dup:Гарбуз					
PLX-18293	dup:Гарбуз					
PLX-18327	dup:Едім		Shopping_ads	ne_v_nayavnosti		
PLX-184	dup:Гарбуз					
PLX-18418	dup:Едім		Shopping_ads	ne_v_nayavnosti		
PLX-18426	dup:Гарбуз					
PLX-18445	dup:Гарбуз					
PLX-18481	dup:Гарбуз					
PLX-188	dup:Гарбуз					
PLX-189	dup:Гарбуз					
PLX-18901	dup:Гарбуз					
PLX-19-001	dup:Гарбуз					
PLX-19-002	dup:Гарбуз					prybutok
PLX-19-003	dup:Гарбуз					prybutok
PLX-19-004	dup:Гарбуз					prybutok
PLX-19-005	dup:Гарбуз					
PLX-19-006	dup:Гарбуз					
PLX-19-007	dup:Гарбуз					prybutok
PLX-19-008	dup:Гарбуз					
PLX-19-009	dup:Гарбуз					
PLX-19-017	dup:Гарбуз					
PLX-19-04-001	dup:Гарбуз					prybutok
PLX-19-04-002	dup:Гарбуз					
PLX-19-04-004	dup:Гарбуз					
PLX-19-04-005	dup:Едім		Shopping_ads	ne_v_nayavnosti		prybutok
PLX-19-04-007	dup:Едім		Shopping_ads	ne_v_nayavnosti		
PLX-19-04-008	dup:Гарбуз					
PLX-19-04-009	dup:Едім		Shopping_ads	ne_v_nayavnosti		
PLX-19-04-011	dup:Гарбуз					
PLX-19-04-012	dup:Гарбуз					
PLX-19-04-014	dup:Едім		Shopping_ads	ne_v_nayavnosti		
PLX-19-05-010	dup:Едім		Shopping_ads	ne_v_nayavnosti		
PLX-19-09-003	dup:Едім		Shopping_ads	ne_v_nayavnosti		
PLX-190	dup:Гарбуз					prybutok
PLX-191	dup:Едім		Shopping_ads	ne_v_nayavnosti		
PLX-192	dup:Гарбуз					prybutok
PLX-1925-Б	dup:Гарбуз					
PLX-193	dup:Гарбуз					
PLX-194-45R-3R-AB	dup:Гарбуз					
PLX-194-45R-3R-CP	dup:Гарбуз					
PLX-194-45R-3R-PB	dup:Гарбуз					
PLX-19483	dup:Гарбуз					
PLX-19487	dup:Гарбуз					
PLX-20-001	dup:Гарбуз					
PLX-20-002	dup:Гарбуз					prybutok
PLX-20-003	dup:Гарбуз					prybutok
PLX-20-004	dup:Гарбуз					prybutok
PLX-20-005	dup:Гарбуз					
PLX-20-006	dup:Гарбуз					
PLX-20-019	dup:Гарбуз					
PLX-20-020	dup:Гарбуз					
PLX-20-021	dup:Гарбуз					
PLX-20-20127	dup:Гарбуз					
PLX-200-003	dup:Едім		Shopping_ads	ne_v_nayavnosti		
PLX-200-011	dup:Гарбуз					
PLX-200-012	dup:Гарбуз					
PLX-200-013	dup:Гарбуз					
PLX-200-014	dup:Едім		Shopping_ads	ne_v_nayavnosti		
PLX-200/10	dup:Гарбуз					
PLX-200/6	dup:Гарбуз					
PLX-200/8	dup:Гарбуз					
PLX-201006	dup:Гарбуз					
PLX-201007			Shopping_ads	ne_v_nayavnosti		
PLX-201008	dup:Гарбуз					
PLX-201011	dup:Гарбуз					
PLX-201012	dup:Гарбуз					
PLX-201013	dup:Едім		Shopping_ads	ne_v_nayavnosti		
PLX-201015	dup:Едім		Shopping_ads	ne_v_nayavnosti		
PLX-201017			Shopping_ads	ne_v_nayavnosti		
PLX-201019			Shopping_ads	ne_v_nayavnosti		
PLX-201020	dup:Едім		Shopping_ads	ne_v_nayavnosti		
PLX-201024	dup:Гарбуз					
PLX-201037	dup:Гарбуз					
PLX-201038	dup:Гарбуз					
PLX-201069	dup:Гарбуз					
PLX-201085	dup:Гарбуз					
PLX-201106	dup:Гарбуз					
PLX-201107	dup:Едім		Shopping_ads	ne_v_nayavnosti		
PLX-201108	dup:Едім		Shopping_ads	ne_v_nayavnosti		
PLX-201109	dup:Гарбуз					
PLX-201111	dup:Гарбуз					
PLX-201112	dup:Гарбуз					
PLX-201113	dup:Едім		Shopping_ads	ne_v_nayavnosti		
PLX-201114	dup:Едім		Shopping_ads	ne_v_nayavnosti		
PLX-201117	dup:Гарбуз					
PLX-201119	dup:Гарбуз					
PLX-201122	dup:Едім		Shopping_ads	ne_v_nayavnosti		
PLX-201124	dup:Едім		Shopping_ads	ne_v_nayavnosti		
PLX-201140	dup:Гарбуз					
PLX-201235	dup:Гарбуз					
PLX-201236	dup:Гарбуз					
PLX-20157	dup:Гарбуз					
PLX-20158	dup:Гарбуз					
PLX-20159	dup:Гарбуз					
PLX-20160	dup:Гарбуз					
PLX-20161	dup:Гарбуз					
PLX-20162	dup:Гарбуз					
PLX-20163	dup:Гарбуз					
PLX-20164	dup:Гарбуз					
PLX-20165	dup:Гарбуз					
PLX-20166	dup:Гарбуз					
PLX-20167	dup:Гарбуз					prybutok
PLX-20168	dup:Гарбуз					prybutok
PLX-20169	dup:Гарбуз					
PLX-20170	dup:Гарбуз					
PLX-20171	dup:Гарбуз					prybutok
PLX-20172	dup:Гарбуз					prybutok
PLX-20173	dup:Гарбуз					prybutok
PLX-20175	dup:Гарбуз					prybutok
PLX-20176	dup:Гарбуз					
PLX-20202	dup:Гарбуз					
PLX-202038	dup:Гарбуз					
PLX-20234	dup:Гарбуз					
PLX-20235	dup:Гарбуз					
PLX-20236	dup:Гарбуз		Shopping_ads	ne_v_prajsi		
PLX-20237	dup:Гарбуз					
PLX-20238	dup:Гарбуз					
PLX-20239	dup:Гарбуз					
PLX-20244	dup:Гарбуз		Shopping_ads	ne_v_prajsi		
PLX-20245	dup:Гарбуз		Shopping_ads	ne_v_prajsi		
PLX-20246	dup:Гарбуз					prybutok
PLX-20247	dup:Едім		Shopping_ads	ne_v_nayavnosti		prybutok
PLX-20250	dup:Гарбуз					prybutok
PLX-20251	dup:Гарбуз					prybutok
PLX-20252	dup:Гарбуз					prybutok
PLX-20253	dup:Гарбуз					prybutok
PLX-20256	dup:Гарбуз					prybutok
PLX-20257	dup:Гарбуз					prybutok
PLX-202621	dup:Гарбуз					
PLX-20266	dup:Гарбуз		Shopping_ads	ne_v_prajsi		
PLX-20267	dup:Гарбуз					
PLX-20270	dup:Гарбуз					
PLX-20272	dup:Гарбуз					
PLX-20277	dup:Гарбуз					prybutok
PLX-20278	dup:Гарбуз					prybutok
PLX-20279	dup:Гарбуз					prybutok
PLX-20280	dup:Гарбуз					prybutok
PLX-20288	dup:Гарбуз					
PLX-20293	dup:Гарбуз					
PLX-204-160	dup:Гарбуз					
PLX-20437	dup:Гарбуз					
PLX-20445	dup:Гарбуз					
PLX-20447	dup:Гарбуз					
PLX-20448	dup:Гарбуз					
PLX-20450	dup:Гарбуз					
PLX-20454	dup:Гарбуз					
PLX-205-110	dup:Гарбуз					
PLX-20509	dup:Гарбуз					
PLX-20513	dup:Гарбуз					prybutok
PLX-20515	dup:Гарбуз					prybutok
PLX-20516	dup:Гарбуз					
PLX-20518	dup:Гарбуз					
PLX-20519	dup:Гарбуз					
PLX-20521	dup:Гарбуз					
PLX-20523	dup:Гарбуз					
PLX-20524	dup:Гарбуз					
PLX-20526	dup:Гарбуз					
PLX-20563	dup:Гарбуз					
PLX-206-310	dup:Гарбуз					
PLX-207	dup:Гарбуз					
PLX-208-110	dup:Едім		Shopping_ads	ne_v_nayavnosti		
PLX-208-310	dup:Едім		Shopping_ads	ne_v_nayavnosti		
PLX-208-460	dup:Гарбуз					
PLX-208-600	dup:Гарбуз					
PLX-21-001	dup:Гарбуз					
PLX-21-002	dup:Гарбуз					
PLX-21-003	dup:Гарбуз					prybutok
PLX-21-004	dup:Гарбуз					
PLX-21-005	dup:Гарбуз					
PLX-21-006	dup:Гарбуз					
PLX-21-007	dup:Гарбуз					
PLX-21-008	dup:Гарбуз					
PLX-21-011	dup:Гарбуз					
PLX-21-013	dup:Гарбуз					prybutok
PLX-21-018	dup:Гарбуз					prybutok
PLX-21-019	dup:Гарбуз					prybutok
PLX-21-020	dup:Гарбуз					prybutok
PLX-21-021	dup:Гарбуз		Shopping_ads	ne_v_prajsi		prybutok
PLX-21-022	dup:Гарбуз					prybutok
PLX-21-023	dup:Гарбуз					prybutok
PLX-21-024	dup:Гарбуз					prybutok
PLX-21-031	dup:Гарбуз					
PLX-21-032	dup:Гарбуз					prybutok
PLX-21-033	dup:Гарбуз					
PLX-21-034	dup:Гарбуз					
PLX-21-035	dup:Гарбуз					prybutok
PLX-21-036	dup:Гарбуз					
PLX-21-037	dup:Гарбуз					
PLX-210	dup:Гарбуз					
PLX-210-110	dup:Гарбуз					
PLX-212			Shopping_ads	ne_v_nayavnosti		
PLX-2121	dup:Гарбуз					
PLX-2122	dup:Едім		Shopping_ads	ne_v_nayavnosti		
PLX-2123	dup:Гарбуз					
PLX-21270	dup:Гарбуз					
PLX-21271	dup:Гарбуз					prybutok
PLX-21272	dup:Гарбуз					prybutok
PLX-21274	dup:Гарбуз					
PLX-21277	dup:Гарбуз					prybutok
PLX-2129	dup:Гарбуз					prybutok
PLX-21330	dup:Гарбуз					
PLX-21331	dup:Гарбуз					
PLX-214	dup:Гарбуз		Shopping_ads	ne_v_prajsi		
PLX-214-160	dup:Гарбуз					
PLX-214-260	dup:Гарбуз					
PLX-2140	dup:Гарбуз					
PLX-21411	dup:Гарбуз					
PLX-215	dup:Гарбуз					
PLX-216-160	dup:Гарбуз					
PLX-216-260	dup:Гарбуз					
PLX-216-310	dup:Гарбуз					
PLX-216-400	dup:Гарбуз					
PLX-21646	dup:Гарбуз					
PLX-2174	dup:Гарбуз					
PLX-2175	dup:Гарбуз					
PLX-218	dup:Гарбуз					
PLX-218-260	dup:Гарбуз					
PLX-218-310	dup:Гарбуз					
PLX-218-400	dup:Гарбуз					
PLX-2180	dup:Гарбуз					
PLX-2199	dup:Гарбуз					
PLX-22	dup:Гарбуз					
PLX-22-002	dup:Гарбуз					
PLX-22-003	dup:Гарбуз					
PLX-22-004	dup:Гарбуз					
PLX-22-005	dup:Гарбуз					
PLX-22-007	dup:Гарбуз					
PLX-22-008	dup:Гарбуз					
PLX-22-009	dup:Гарбуз					
PLX-22-010	dup:Гарбуз					
PLX-22-011	dup:Гарбуз					
PLX-22-012	dup:Гарбуз					
PLX-22-013	dup:Гарбуз					
PLX-22-014	dup:Гарбуз					
PLX-22-015	dup:Гарбуз					
PLX-22-016	dup:Гарбуз					
PLX-22-017	dup:Гарбуз					
PLX-22-018	dup:Гарбуз					
PLX-220	dup:Гарбуз					
PLX-220-310	dup:Гарбуз					
PLX-220-400	dup:Гарбуз					
PLX-220-600	dup:Гарбуз					
PLX-2200	dup:Гарбуз					
PLX-2202	dup:Гарбуз					
PLX-2203	dup:Гарбуз					
PLX-22153	dup:Гарбуз					
PLX-22154	dup:Гарбуз					
PLX-222	dup:Гарбуз					
PLX-222-260	dup:Едім		Shopping_ads	ne_v_nayavnosti		
PLX-223	dup:Гарбуз					
PLX-224	dup:Гарбуз					
PLX-226-600	dup:Едім		Shopping_ads	ne_v_nayavnosti		
PLX-226-800	dup:Едім		Shopping_ads	ne_v_nayavnosti		
PLX-22642	dup:Гарбуз					
PLX-228-460	dup:Гарбуз					
PLX-228-600	dup:Едім		Shopping_ads	ne_v_nayavnosti		
PLX-2284-Б	dup:Гарбуз					
PLX-2292	dup:Едім		Shopping_ads	ne_v_nayavnosti		
PLX-2293	dup:Гарбуз					
PLX-23-002	dup:Гарбуз					
PLX-23-004	dup:Гарбуз					
PLX-23-005	dup:Гарбуз					
PLX-23-006	dup:Гарбуз					
PLX-23-007	dup:Гарбуз					
PLX-23-008	dup:Едім		Shopping_ads	ne_v_nayavnosti		
PLX-23-009	dup:Гарбуз					prybutok
PLX-23-010	dup:Гарбуз					
PLX-23-013	dup:Гарбуз					
PLX-23-014	dup:Гарбуз					
PLX-23-015	dup:Гарбуз					
PLX-230	dup:Едім		Shopping_ads	ne_v_nayavnosti		
PLX-23000	dup:Гарбуз					
PLX-23001	dup:Гарбуз					
PLX-231	dup:Гарбуз					
PLX-2316	dup:Гарбуз					
PLX-232	dup:Гарбуз					
PLX-235	dup:Гарбуз					
PLX-23522	dup:Гарбуз	ads_zero				stop
PLX-236	dup:Гарбуз					
PLX-236110	dup:Гарбуз					
PLX-23680	dup:Гарбуз					
PLX-23769	dup:Гарбуз					
PLX-239	dup:Гарбуз					
PLX-24-004	dup:Гарбуз					
PLX-24-005	dup:Гарбуз					
PLX-24-006	dup:Гарбуз					
PLX-24-007	dup:Гарбуз					
PLX-24-008	dup:Гарбуз					
PLX-24-009	dup:Гарбуз					
PLX-24-010	dup:Гарбуз					
PLX-24-011	dup:Гарбуз					
PLX-240	dup:Гарбуз					
PLX-241	dup:Гарбуз					
PLX-242	dup:Едім		Shopping_ads	ne_v_nayavnosti		
PLX-24270	dup:Гарбуз					
PLX-24271	dup:Гарбуз					
PLX-24272	dup:Гарбуз					
PLX-243	dup:Гарбуз					
PLX-2436	dup:Гарбуз					
PLX-24512	dup:Гарбуз					
PLX-24513	dup:Гарбуз					
PLX-24879	dup:Гарбуз		Shopping_ads	ne_v_prajsi		
PLX-249	dup:Гарбуз					
PLX-25	dup:Гарбуз					prybutok
PLX-25-002	dup:Гарбуз					
PLX-25-003	dup:Едім		Shopping_ads	ne_v_nayavnosti		
PLX-25-004	dup:Гарбуз					
PLX-25-005	dup:Гарбуз					
PLX-25-006	dup:Гарбуз					
PLX-25-007	dup:Гарбуз					prybutok
PLX-25-008	dup:Гарбуз					prybutok
PLX-25-009	dup:Гарбуз					prybutok
PLX-25-010	dup:Гарбуз					prybutok
PLX-25-011	dup:Гарбуз					
PLX-25-013	dup:Гарбуз					
PLX-25-017	dup:Гарбуз					
PLX-25-018	dup:Едім		Shopping_ads	ne_v_nayavnosti		prybutok
PLX-25-020	dup:Гарбуз					
PLX-25-067	dup:Едім		Shopping_ads	ne_v_nayavnosti		
PLX-25-076	dup:Гарбуз					
PLX-25-079	dup:Гарбуз					
PLX-25-080	dup:Гарбуз					
PLX-25-114	dup:Гарбуз					
PLX-25-115	dup:Едім		Shopping_ads	ne_v_nayavnosti		prybutok
PLX-25-116	dup:Гарбуз					
PLX-25-117	dup:Гарбуз					
PLX-25-118	dup:Гарбуз					prybutok
PLX-25-119	dup:Гарбуз					
PLX-25-120	dup:Гарбуз					
PLX-25-121	dup:Гарбуз					
PLX-25-122	dup:Гарбуз					
PLX-25-500	dup:Гарбуз					
PLX-25-600	dup:Гарбуз					
PLX-250	dup:Гарбуз					
PLX-250/10	dup:Гарбуз					
PLX-250/6	dup:Гарбуз					
PLX-250/8	dup:Гарбуз					
PLX-2500-0002	dup:Гарбуз					
PLX-251	dup:Гарбуз					
PLX-252511	dup:Гарбуз					
PLX-252513	dup:Гарбуз					
PLX-252514	dup:Гарбуз					
PLX-252518	dup:Гарбуз					
PLX-252519	dup:Гарбуз					
PLX-252520	dup:Гарбуз					
PLX-252522	dup:Гарбуз					
PLX-252523	dup:Гарбуз					
PLX-2550-0002	dup:Гарбуз					
PLX-25681	dup:Гарбуз					
PLX-257	dup:Гарбуз					
PLX-257-RL	dup:Гарбуз					
PLX-257001	dup:Едім		Shopping_ads	ne_v_nayavnosti		
PLX-257107	dup:Гарбуз					
PLX-257108	dup:Гарбуз					
PLX-26	dup:Гарбуз					
PLX-26-001	dup:Гарбуз					
PLX-26-002	dup:Гарбуз					
PLX-26-003	dup:Гарбуз					
PLX-26-004	dup:Гарбуз					
PLX-26-005	dup:Гарбуз					
PLX-26-006	dup:Гарбуз					
PLX-26-007	dup:Гарбуз					
PLX-26-009	dup:Гарбуз					
PLX-26-010	dup:Гарбуз					
PLX-26-011	dup:Гарбуз					
PLX-26-012	dup:Гарбуз					
PLX-26-013	dup:Гарбуз					
PLX-26-014	dup:Гарбуз					
PLX-26-015	dup:Гарбуз					
PLX-26-1000	dup:Гарбуз					
PLX-26-500	dup:Гарбуз					
PLX-26-800	dup:Гарбуз					
PLX-2628	dup:Гарбуз					
PLX-263	dup:Гарбуз					
PLX-2631	dup:Гарбуз					
PLX-2639	dup:Гарбуз					
PLX-264	dup:Гарбуз					
PLX-26586	dup:Гарбуз					
PLX-26587	dup:Гарбуз					
PLX-267	dup:Гарбуз					
PLX-268	dup:Едім		Shopping_ads	ne_v_nayavnosti		
PLX-269	dup:Гарбуз					
PLX-27	dup:Гарбуз					
PLX-27-001	dup:Гарбуз					
PLX-27-002	dup:Гарбуз					
PLX-27-003	dup:Гарбуз					
PLX-27-004	dup:Гарбуз					
PLX-27-005	dup:Гарбуз					
PLX-27-007	dup:Гарбуз					
PLX-27-1000	dup:Гарбуз					
PLX-27-600	dup:Гарбуз					
PLX-27-800	dup:Гарбуз					
PLX-270-820	dup:Гарбуз					
PLX-2704	dup:Гарбуз					
PLX-271	dup:Гарбуз					
PLX-271-220	dup:Гарбуз					
PLX-2733	dup:Едім		Shopping_ads	ne_v_nayavnosti		
PLX-2736			Shopping_ads	ne_v_nayavnosti		
PLX-27408	dup:Гарбуз					
PLX-27963	dup:Гарбуз					prybutok
PLX-27964	dup:Гарбуз					prybutok
PLX-27965	dup:Гарбуз					prybutok
PLX-27966	dup:Гарбуз					
PLX-27967	dup:Гарбуз					
PLX-27969	dup:Гарбуз					prybutok
PLX-27970	dup:Гарбуз					prybutok
PLX-27971	dup:Гарбуз					prybutok
PLX-28-001	dup:Гарбуз					
PLX-28-002	dup:Гарбуз					
PLX-282	dup:Гарбуз					
PLX-28278	dup:Гарбуз					
PLX-284	dup:Гарбуз					
PLX-2840	dup:Гарбуз					
PLX-286	dup:Гарбуз					
PLX-2879	dup:Гарбуз					
PLX-29-001	dup:Гарбуз					
PLX-29-002	dup:Гарбуз					
PLX-29-003	dup:Гарбуз					
PLX-29-007	dup:Гарбуз					
PLX-29-008	dup:Гарбуз					
PLX-29-011	dup:Гарбуз					
PLX-29-013	dup:Гарбуз					
PLX-29-014	dup:Гарбуз					
PLX-29-015	dup:Гарбуз					
PLX-29-016	dup:Гарбуз					
PLX-29-017	dup:Гарбуз					
PLX-29125	dup:Гарбуз					
PLX-2957	dup:Гарбуз					
PLX-2962	dup:Едім		Shopping_ads	ne_v_nayavnosti		
PLX-299	dup:Гарбуз					
PLX-3-001-001	dup:Гарбуз					
PLX-3-001-002	dup:Гарбуз					
PLX-3-003-001	dup:Гарбуз					
PLX-3-003-002	dup:Гарбуз		Shopping_ads	ne_v_prajsi		
PLX-3-004-001	dup:Гарбуз					
PLX-3-004-002	dup:Гарбуз					prybutok
PLX-3-005	dup:Гарбуз					
PLX-3-006	dup:Едім		Shopping_ads	ne_v_nayavnosti		stop
PLX-3-007-001	dup:Едім		Shopping_ads	ne_v_nayavnosti		
PLX-3-008-001	dup:Гарбуз					
PLX-3-008-002	dup:Гарбуз					
PLX-3-008-003	dup:Гарбуз					
PLX-3-010-003	dup:Гарбуз					
PLX-3-011	dup:Гарбуз					prybutok
PLX-3-011-001	dup:Гарбуз					prybutok
PLX-3-011-003	dup:Гарбуз					
PLX-3-012	dup:Гарбуз					prybutok
PLX-3-012-002	dup:Гарбуз					
PLX-3-013-001	dup:Гарбуз					
PLX-3-013-002	dup:Гарбуз					prybutok
PLX-3-018-002	dup:Гарбуз					
PLX-3-019-001	dup:Гарбуз					
PLX-3-019-003	dup:Гарбуз					
PLX-3-046-001	dup:Гарбуз					
PLX-3-046-003	dup:Гарбуз					
PLX-3-046-007	dup:Гарбуз					
PLX-3-046-008	dup:Гарбуз					
PLX-3-052-001	dup:Гарбуз					prybutok
PLX-3-052-002	dup:Гарбуз					
PLX-3-052-003	dup:Едім		Shopping_ads	ne_v_nayavnosti		
PLX-3-070-001	dup:Гарбуз					
PLX-3-070-002	dup:Гарбуз					
PLX-3-071-001	dup:Гарбуз					
PLX-3-071-003	dup:Гарбуз					
PLX-3-072-001	dup:Гарбуз					
PLX-3-072-002	dup:Гарбуз					
PLX-3-072-003	dup:Гарбуз					
PLX-3-073-001	dup:Гарбуз					
PLX-3-073-004	dup:Гарбуз					prybutok
PLX-3-074-001	dup:Гарбуз					prybutok
PLX-3-074-002	dup:Гарбуз					
PLX-3-074-003	dup:Гарбуз					
PLX-3-074-004	dup:Гарбуз					
PLX-30-001	dup:Гарбуз					
PLX-30-002	dup:Гарбуз					
PLX-30-003	dup:Гарбуз					
PLX-30-004	dup:Едім		Shopping_ads	ne_v_nayavnosti		
PLX-30-005	dup:Гарбуз					
PLX-30-006	dup:Гарбуз					
PLX-30-007	dup:Гарбуз					
PLX-30-008	dup:Гарбуз					
PLX-30-009	dup:Едім		Shopping_ads	ne_v_nayavnosti		
PLX-30-011	dup:Гарбуз					
PLX-30-013	dup:Гарбуз					
PLX-30-014	dup:Гарбуз					
PLX-30-015	dup:Гарбуз					
PLX-30-30187	dup:Гарбуз					
PLX-30.01	dup:Гарбуз					
PLX-30.11	dup:Гарбуз					
PLX-30.11-S	dup:Гарбуз					
PLX-300	dup:Гарбуз					
PLX-300-042	dup:Едім		Shopping_ads	ne_v_nayavnosti		
PLX-300-420	dup:Гарбуз					
PLX-300-730	dup:Гарбуз					
PLX-300-830	dup:Гарбуз					
PLX-300-912	dup:Гарбуз					
PLX-300/10	dup:Гарбуз					
PLX-300/6	dup:Гарбуз					
PLX-300/8	dup:Гарбуз					
PLX-300000	dup:Гарбуз					
PLX-30033	dup:Гарбуз					
PLX-30063	dup:Гарбуз					
PLX-30065	dup:Гарбуз					
PLX-30069	dup:Гарбуз					
PLX-30070	dup:Гарбуз					
PLX-30072	dup:Гарбуз					
PLX-301	dup:Гарбуз					
PLX-301-315	dup:Гарбуз					
PLX-301000	dup:Гарбуз					
PLX-30176	dup:Гарбуз		Shopping_ads	ne_v_prajsi		
PLX-30196	dup:Гарбуз		Shopping_ads	ne_v_prajsi		prybutok
PLX-30197	dup:Гарбуз					
PLX-3036	dup:Гарбуз					
PLX-3037	dup:Гарбуз					
PLX-3039	dup:Едім		Shopping_ads	ne_v_nayavnosti		prybutok
PLX-3040	dup:Гарбуз					
PLX-3041	dup:Гарбуз					
PLX-3042	dup:Гарбуз					
PLX-3043	dup:Гарбуз					
PLX-3044	dup:Гарбуз					
PLX-3049	dup:Гарбуз					
PLX-30492	dup:Гарбуз					prybutok
PLX-30494	dup:Гарбуз					prybutok
PLX-30495	dup:Гарбуз					prybutok
PLX-3050	dup:Гарбуз					
PLX-3051	dup:Гарбуз					
PLX-3052	dup:Гарбуз					prybutok
PLX-3053	dup:Гарбуз					prybutok
PLX-30547	dup:Гарбуз	ads_zero				stop
PLX-3055	dup:Гарбуз					
PLX-30557	dup:Гарбуз					
PLX-3056	dup:Гарбуз					
PLX-30575	dup:Гарбуз					
PLX-3059	dup:Гарбуз					
PLX-306	dup:Гарбуз					
PLX-3061	dup:Гарбуз					
PLX-3062	dup:Гарбуз					
PLX-3064	dup:Едім		Shopping_ads	ne_v_nayavnosti		
PLX-3065	dup:Гарбуз					
PLX-307	dup:Гарбуз					
PLX-3070	dup:Гарбуз					
PLX-3072	dup:Гарбуз					
PLX-3073	dup:Гарбуз					
PLX-3074	dup:Гарбуз					
PLX-3075	dup:Гарбуз					
PLX-3076	dup:Гарбуз					
PLX-3077	dup:Гарбуз					
PLX-3078	dup:Гарбуз					
PLX-3079	dup:Гарбуз					
PLX-3080	dup:Гарбуз					
PLX-3082	dup:Гарбуз					
PLX-3085	dup:Гарбуз					
PLX-3086	dup:Едім		Shopping_ads	ne_v_nayavnosti		
PLX-3092	dup:Гарбуз					
PLX-3098	dup:Гарбуз					prybutok
PLX-31-001	dup:Гарбуз					
PLX-31-002	dup:Гарбуз					
PLX-31-003	dup:Гарбуз					
PLX-31-004	dup:Гарбуз					
PLX-31-005	dup:Гарбуз					
PLX-31-007	dup:Гарбуз					
PLX-31-008	dup:Гарбуз					
PLX-31-009	dup:Гарбуз					
PLX-31-010	dup:Гарбуз					
PLX-31-011	dup:Едім		Shopping_ads	ne_v_nayavnosti		
PLX-31-012	dup:Гарбуз					
PLX-31-013	dup:Гарбуз					
PLX-31-014	dup:Гарбуз					
PLX-31-015	dup:Едім		Shopping_ads	ne_v_nayavnosti		
PLX-31-016	dup:Гарбуз					
PLX-31-017	dup:Гарбуз					
PLX-31-018	dup:Гарбуз					
PLX-3105	dup:Гарбуз					
PLX-310518	dup:Едім		Shopping_ads	ne_v_nayavnosti		
PLX-3106	dup:Гарбуз					
PLX-3107	dup:Гарбуз					
PLX-310702	dup:Гарбуз					
PLX-310704	dup:Едім		Shopping_ads	ne_v_nayavnosti		
PLX-310705	dup:Едім		Shopping_ads	ne_v_nayavnosti		
PLX-310706	dup:Гарбуз					
PLX-310707	dup:Гарбуз					
PLX-310708	dup:Гарбуз					
PLX-310709	dup:Гарбуз					
PLX-3108	dup:Гарбуз					
PLX-3109	dup:Гарбуз					
PLX-3110	dup:Гарбуз					
PLX-31106	dup:Гарбуз					
PLX-3111	dup:Гарбуз					
PLX-3112	dup:Гарбуз					
PLX-3113	dup:Гарбуз					
PLX-3119	dup:Гарбуз					
PLX-3120	dup:Гарбуз					
PLX-3121	dup:Гарбуз					
PLX-3122	dup:Гарбуз					
PLX-31238	dup:Гарбуз					
PLX-31239	dup:Гарбуз					
PLX-3124	dup:Едім		Shopping_ads	ne_v_nayavnosti		
PLX-31240	dup:Гарбуз					
PLX-31241	dup:Гарбуз					
PLX-31242	dup:Гарбуз					
PLX-31244	dup:Гарбуз					
PLX-31246	dup:Гарбуз					
PLX-31247	dup:Гарбуз					
PLX-31248	dup:Гарбуз					
PLX-3125	dup:Гарбуз					
PLX-31250	dup:Гарбуз					
PLX-31251	dup:Гарбуз					
PLX-3126	dup:Гарбуз					
PLX-3127	dup:Едім		Shopping_ads	ne_v_nayavnosti		
PLX-3128	dup:Гарбуз					
PLX-3129	dup:Едім		Shopping_ads	ne_v_nayavnosti		
PLX-3130	dup:Гарбуз					
PLX-3131	dup:Гарбуз					
PLX-3134	dup:Едім		Shopping_ads	ne_v_nayavnosti		
PLX-3135	dup:Гарбуз					
PLX-3136	dup:Гарбуз					
PLX-3139	dup:Гарбуз					
PLX-3150	dup:Гарбуз					
PLX-3154	dup:Едім		Shopping_ads	ne_v_nayavnosti		
PLX-3155	dup:Гарбуз					
PLX-3156	dup:Гарбуз					
PLX-3157	dup:Гарбуз					
PLX-3158	dup:Гарбуз					
PLX-3160	dup:Гарбуз					
PLX-3164	dup:Гарбуз					prybutok
PLX-3165	dup:Гарбуз					
PLX-3166	dup:Гарбуз					stop
PLX-3167	dup:Гарбуз					
PLX-31672	dup:Гарбуз					
PLX-3168	dup:Гарбуз					
PLX-3169	dup:Гарбуз					
PLX-3170	dup:Гарбуз					
PLX-3171	dup:Едім		Shopping_ads	ne_v_nayavnosti		
PLX-3177	dup:Гарбуз					prybutok
PLX-3178	dup:Гарбуз					
PLX-3180	dup:Гарбуз					
PLX-3183	dup:Едім		Shopping_ads	ne_v_nayavnosti		
PLX-31838	dup:Гарбуз		Shopping_ads	ne_v_prajsi		
PLX-31839	dup:Гарбуз					
PLX-3191	dup:Гарбуз					
PLX-3192	dup:Гарбуз					
PLX-3193	dup:Гарбуз					
PLX-3194	dup:Гарбуз					
PLX-3195	dup:Гарбуз					
PLX-32-001	dup:Гарбуз					
PLX-32-002	dup:Гарбуз					
PLX-32-003	dup:Гарбуз					
PLX-32-005	dup:Гарбуз					
PLX-32-006	dup:Гарбуз					
PLX-32-007	dup:Гарбуз					
PLX-32-008	dup:Гарбуз					
PLX-32-009	dup:Гарбуз					
PLX-32-010	dup:Гарбуз					
PLX-32-011	dup:Гарбуз					
PLX-32-012	dup:Гарбуз					prybutok
PLX-32-019	dup:Гарбуз					
PLX-32-020	dup:Гарбуз					
PLX-32-023	dup:Гарбуз					
PLX-32-024	dup:Гарбуз					
PLX-32-025	dup:Гарбуз					
PLX-32-026	dup:Гарбуз					
PLX-32-028	dup:Гарбуз					
PLX-32-030	dup:Гарбуз					
PLX-32-031	dup:Гарбуз					
PLX-32-034	dup:Гарбуз					
PLX-32-035	dup:Гарбуз					
PLX-32-036	dup:Гарбуз					
PLX-32-038	dup:Гарбуз					
PLX-32-039	dup:Гарбуз					
PLX-32-040	dup:Гарбуз					
PLX-32-041	dup:Гарбуз					
PLX-32-047	dup:Гарбуз					
PLX-32-057	dup:Гарбуз					
PLX-32-058	dup:Гарбуз					prybutok
PLX-32-059	dup:Гарбуз					prybutok
PLX-32-060	dup:Гарбуз					
PLX-32-061	dup:Гарбуз		Shopping_ads	ne_v_nayavnosti		
PLX-32-062	dup:Едім		Shopping_ads	ne_v_nayavnosti		
PLX-32-063	dup:Едім		Shopping_ads	ne_v_nayavnosti		prybutok
PLX-32-064	dup:Едім		Shopping_ads	ne_v_nayavnosti		
PLX-32-065	dup:Гарбуз					
PLX-32-068	dup:Гарбуз					
PLX-32-070	dup:Гарбуз					
PLX-32-071	dup:Гарбуз		Shopping_ads	ne_v_prajsi		
PLX-32-072	dup:Гарбуз					
PLX-32-073	dup:Гарбуз					
PLX-3201	dup:Гарбуз					
PLX-320141	dup:Гарбуз					
PLX-320142	dup:Гарбуз					
PLX-320143	dup:Едім		Shopping_ads	ne_v_nayavnosti		
PLX-3202	dup:Гарбуз					
PLX-3203	dup:Гарбуз					prybutok
PLX-3204	dup:Гарбуз					
PLX-3205	dup:Гарбуз					
PLX-320518	dup:Гарбуз					
PLX-320519	dup:Гарбуз					
PLX-3206	dup:Гарбуз					
PLX-3207	dup:Гарбуз					
PLX-3209	dup:Гарбуз					
PLX-3212	dup:Гарбуз					
PLX-3214	dup:Гарбуз					
PLX-3219	dup:Гарбуз					prybutok
PLX-3220	dup:Гарбуз					
PLX-3221	dup:Гарбуз					
PLX-3222	dup:Гарбуз					
PLX-323	dup:Гарбуз					
PLX-3238	dup:Гарбуз					
PLX-3239	dup:Гарбуз					
PLX-3242	dup:Гарбуз					
PLX-3243	dup:Гарбуз					
PLX-3244	dup:Гарбуз					
PLX-3245	dup:Гарбуз					prybutok
PLX-3246	dup:Гарбуз					prybutok
PLX-3251	dup:Гарбуз					
PLX-3253	dup:Гарбуз					
PLX-3259	dup:Гарбуз					prybutok
PLX-3260	dup:Гарбуз					prybutok
PLX-3262	dup:Гарбуз					
PLX-3263	dup:Гарбуз					
PLX-3264	dup:Гарбуз					
PLX-3265	dup:Гарбуз					
PLX-3266	dup:Гарбуз					
PLX-3267	dup:Гарбуз					
PLX-3268	dup:Гарбуз					
PLX-3275	dup:Гарбуз					
PLX-3276	dup:Гарбуз					
PLX-3279	dup:Едім		Shopping_ads	ne_v_nayavnosti		
PLX-3299	dup:Гарбуз					
PLX-33-001	dup:Гарбуз					
PLX-33-002	dup:Гарбуз					
PLX-33-003	dup:Гарбуз					
PLX-33-004	dup:Едім		Shopping_ads	ne_v_nayavnosti		
PLX-33-006	dup:Гарбуз					prybutok
PLX-33-007	dup:Гарбуз					
PLX-3300	dup:Гарбуз					
PLX-3309	dup:Гарбуз					
PLX-3311	dup:Гарбуз					
PLX-33173	dup:Гарбуз					
PLX-33175	dup:Гарбуз					
PLX-33177	dup:Гарбуз					
PLX-33179	dup:Гарбуз					
PLX-33181	dup:Гарбуз					
PLX-33183	dup:Гарбуз					
PLX-33184	dup:Гарбуз					
PLX-33185	dup:Гарбуз					
PLX-33187	dup:Гарбуз					
PLX-33188	dup:Гарбуз					
PLX-33191	dup:Гарбуз					
PLX-33195	dup:Гарбуз					
PLX-33196	dup:Гарбуз					
PLX-33197	dup:Гарбуз					prybutok
PLX-33198	dup:Гарбуз					prybutok
PLX-33199	dup:Гарбуз					prybutok
PLX-33200	dup:Гарбуз					prybutok
PLX-33264	dup:Гарбуз					
PLX-33265	dup:Гарбуз					
PLX-33266	dup:Гарбуз					
PLX-33267	dup:Гарбуз					
PLX-33269	dup:Гарбуз					
PLX-33271	dup:Гарбуз					
PLX-33273	dup:Гарбуз					prybutok
PLX-33274	dup:Гарбуз					prybutok
PLX-33275	dup:Гарбуз					
PLX-33277	dup:Гарбуз					prybutok
PLX-33278	dup:Гарбуз					prybutok
PLX-3328	dup:Гарбуз					prybutok
PLX-33280	dup:Гарбуз					prybutok
PLX-33282	dup:Гарбуз					
PLX-33284	dup:Гарбуз					
PLX-33285	dup:Едім		Shopping_ads	ne_v_nayavnosti		
PLX-33286	dup:Гарбуз					
PLX-33287	dup:Гарбуз					
PLX-33288	dup:Гарбуз					
PLX-33289	dup:Гарбуз					
PLX-3329	dup:Едім		Shopping_ads	ne_v_nayavnosti		prybutok
PLX-33298	dup:Гарбуз					
PLX-33299	dup:Гарбуз					
PLX-3330	dup:Едім		Shopping_ads	ne_v_nayavnosti		prybutok
PLX-33301	dup:Гарбуз					
PLX-33302	dup:Гарбуз					
PLX-33303	dup:Гарбуз					
PLX-33304	dup:Гарбуз					
PLX-33305	dup:Гарбуз					
PLX-33306	dup:Едім		Shopping_ads	ne_v_nayavnosti		
PLX-33307	dup:Едім		Shopping_ads	ne_v_nayavnosti		
PLX-33308	dup:Гарбуз					
PLX-33309	dup:Гарбуз					
PLX-3331	dup:Едім		Shopping_ads	ne_v_nayavnosti		prybutok
PLX-33310	dup:Гарбуз					
PLX-33311	dup:Гарбуз					
PLX-33316	dup:Гарбуз					
PLX-33317	dup:Гарбуз					
PLX-33318	dup:Едім		Shopping_ads	ne_v_nayavnosti		
PLX-33320	dup:Едім		Shopping_ads	ne_v_nayavnosti		
PLX-33321	dup:Гарбуз		Shopping_ads	ne_v_nayavnosti		
PLX-33322	dup:Гарбуз					
PLX-33324	dup:Гарбуз					
PLX-33325	dup:Гарбуз					
PLX-33326	dup:Гарбуз					prybutok
PLX-33327	dup:Гарбуз					prybutok
PLX-33328	dup:Гарбуз					
PLX-33330	dup:Гарбуз					
PLX-33338	dup:Гарбуз					
PLX-33344	dup:Гарбуз					
PLX-33345	dup:Гарбуз					
PLX-33347	dup:Гарбуз					
PLX-33348	dup:Гарбуз					
PLX-33349	dup:Гарбуз					
PLX-3335	dup:Гарбуз					
PLX-33350	dup:Гарбуз					
PLX-33351	dup:Гарбуз					
PLX-33352	dup:Гарбуз	ads_zero				stop
PLX-33353	dup:Гарбуз					
PLX-33359	dup:Едім		Shopping_ads	ne_v_nayavnosti		
PLX-3336	dup:Гарбуз					
PLX-33361	dup:Едім		Shopping_ads	ne_v_nayavnosti		
PLX-33363	dup:Гарбуз					
PLX-33365	dup:Гарбуз		Shopping_ads	ne_v_nayavnosti		
PLX-33368	dup:Едім		Shopping_ads	ne_v_nayavnosti		
PLX-3337	dup:Гарбуз					
PLX-33371	dup:Едім		Shopping_ads	ne_v_nayavnosti		
PLX-33397	dup:Гарбуз					
PLX-33398	dup:Гарбуз					
PLX-33399	dup:Гарбуз					
PLX-33400	dup:Гарбуз					
PLX-33415	dup:Гарбуз					
PLX-33416	dup:Гарбуз					
PLX-33419	dup:Гарбуз					
PLX-33430	dup:Гарбуз					
PLX-33443	dup:Гарбуз					
PLX-33457	dup:Гарбуз					
PLX-33459	dup:Гарбуз					
PLX-33460	dup:Гарбуз					
PLX-33818	dup:Гарбуз					
PLX-33819	dup:Гарбуз					
PLX-33820	dup:Гарбуз					
PLX-34	dup:Гарбуз					
PLX-34-001	dup:Гарбуз					
PLX-34-002	dup:Гарбуз					
PLX-34-003	dup:Гарбуз					
PLX-340	dup:Гарбуз					
PLX-341	dup:Гарбуз					
PLX-341002	dup:Гарбуз					
PLX-341102	dup:Гарбуз					
PLX-341202	dup:Гарбуз					
PLX-341302	dup:Гарбуз					
PLX-341402	dup:Гарбуз					
PLX-341502	dup:Гарбуз					
PLX-341602	dup:Гарбуз					
PLX-341702	dup:Гарбуз					
PLX-341802	dup:Гарбуз					prybutok
PLX-341902	dup:Гарбуз					
PLX-342	dup:Гарбуз					
PLX-343	dup:Гарбуз					
PLX-344021	dup:Гарбуз					
PLX-344022	dup:Гарбуз					
PLX-344029	dup:Едім		Shopping_ads	ne_v_nayavnosti		
PLX-344047	dup:Гарбуз					
PLX-34460	dup:Гарбуз					
PLX-34462	dup:Гарбуз					
PLX-34463	dup:Гарбуз					
PLX-346-035	dup:Гарбуз					
PLX-347122	dup:Гарбуз					
PLX-347321	dup:Гарбуз					
PLX-347322	dup:Гарбуз					
PLX-347347	dup:Гарбуз					
PLX-34743	dup:Гарбуз					
PLX-34746	dup:Гарбуз					
PLX-35-001	dup:Едім		Shopping_ads	ne_v_nayavnosti		
PLX-35-002	dup:Гарбуз					
PLX-35-003	dup:Гарбуз					
PLX-35-004	dup:Гарбуз					
PLX-35-005	dup:Гарбуз					
PLX-35-006	dup:Едім		Shopping_ads	ne_v_nayavnosti		
PLX-35-007	dup:Гарбуз					
PLX-35-009	dup:Гарбуз					
PLX-35-010	dup:Гарбуз					
PLX-35-011	dup:Гарбуз					
PLX-35-016	dup:Гарбуз					
PLX-35-017	dup:Гарбуз					
PLX-35-019	dup:Гарбуз					
PLX-35-021	dup:Гарбуз					
PLX-35-022	dup:Гарбуз					
PLX-35-023	dup:Гарбуз					
PLX-35-024	dup:Гарбуз					
PLX-35-025	dup:Гарбуз					
PLX-35-026	dup:Гарбуз					
PLX-35-027	dup:Гарбуз					prybutok
PLX-35-030	dup:Гарбуз					
PLX-35-031	dup:Гарбуз					
PLX-35-032	dup:Гарбуз					
PLX-35-033	dup:Гарбуз					
PLX-35-034	dup:Гарбуз					
PLX-35-035	dup:Гарбуз					
PLX-350	dup:Гарбуз					
PLX-350/10	dup:Гарбуз					
PLX-350/6	dup:Гарбуз					
PLX-350/8	dup:Гарбуз					
PLX-350052	dup:Гарбуз					
PLX-3501-4P	dup:Гарбуз					
PLX-3501-5P	dup:Гарбуз					
PLX-3501-6P	dup:Гарбуз					
PLX-35026	dup:Гарбуз					
PLX-35027	dup:Гарбуз		Shopping_ads	ne_v_prajsi		
PLX-35028	dup:Гарбуз					
PLX-35029	dup:Гарбуз					
PLX-35030	dup:Гарбуз					prybutok
PLX-35031	dup:Гарбуз					prybutok
PLX-351	dup:Гарбуз					
PLX-351000	dup:Едім		Shopping_ads	ne_v_nayavnosti		
PLX-351022	dup:Гарбуз					
PLX-351047	dup:Гарбуз					prybutok
PLX-352	dup:Гарбуз					
PLX-352022	dup:Едім		Shopping_ads	ne_v_nayavnosti		
PLX-353	dup:Гарбуз					
PLX-354	dup:Гарбуз					
PLX-354022	dup:Едім		Shopping_ads	ne_v_nayavnosti		
PLX-35452	dup:Гарбуз					
PLX-355	dup:Гарбуз					
PLX-355000	dup:Гарбуз					
PLX-356	dup:Гарбуз					
PLX-356000	dup:Гарбуз					
PLX-356022	dup:Гарбуз					
PLX-356029	dup:Гарбуз					
PLX-356047	dup:Гарбуз					
PLX-35638	dup:Гарбуз					
PLX-35649	dup:Гарбуз					
PLX-35650	dup:Гарбуз					
PLX-35651	dup:Гарбуз					
PLX-35652	dup:Гарбуз					
PLX-35653	dup:Гарбуз					prybutok
PLX-35654	dup:Гарбуз					prybutok
PLX-357	dup:Гарбуз					
PLX-357000	dup:Гарбуз					
PLX-357001	dup:Гарбуз					
PLX-358	dup:Гарбуз					
PLX-359	dup:Гарбуз					
PLX-36	dup:Гарбуз		Shopping_ads	ne_v_prajsi		
PLX-36-001	dup:Гарбуз					
PLX-36-002	dup:Гарбуз					
PLX-36-003	dup:Гарбуз					
PLX-36-004	dup:Гарбуз					
PLX-36-005	dup:Гарбуз					
PLX-36-006	dup:Гарбуз					prybutok
PLX-36-007	dup:Гарбуз					
PLX-36-008	dup:Гарбуз					prybutok
PLX-36-010	dup:Гарбуз					
PLX-36-011	dup:Гарбуз					
PLX-36-012	dup:Гарбуз					
PLX-36-015	dup:Гарбуз					
PLX-36-016	dup:Гарбуз					
PLX-36-017	dup:Гарбуз					
PLX-36-018	dup:Гарбуз					
PLX-36-019	dup:Гарбуз					
PLX-36-020	dup:Гарбуз					
PLX-36-022	dup:Гарбуз					
PLX-36-024	dup:Гарбуз					stop
PLX-36-025	dup:Гарбуз					
PLX-36-026	dup:Гарбуз					
PLX-36-027	dup:Гарбуз					
PLX-36-028	dup:Гарбуз					
PLX-36-029	dup:Гарбуз					
PLX-36-030	dup:Гарбуз					
PLX-36-031	dup:Гарбуз					
PLX-36-039	dup:Гарбуз					
PLX-36-040	dup:Гарбуз					
PLX-36-041	dup:Гарбуз					
PLX-36-042	dup:Гарбуз					
PLX-36-043	dup:Гарбуз					
PLX-36-045	dup:Гарбуз					prybutok
PLX-36-046	dup:Гарбуз					
PLX-36-047	dup:Гарбуз					
PLX-36-048	dup:Гарбуз					
PLX-36-049	dup:Гарбуз					
PLX-36-050	dup:Гарбуз					
PLX-36-059	dup:Гарбуз					
PLX-36-060	dup:Гарбуз					
PLX-360-026	dup:Гарбуз					
PLX-360-028	dup:Гарбуз					
PLX-365	dup:Гарбуз					
PLX-366	dup:Гарбуз					
PLX-36624	dup:Гарбуз					
PLX-368	dup:Гарбуз					
PLX-369	dup:Гарбуз					
PLX-37	dup:Гарбуз					
PLX-37-001	dup:Гарбуз					
PLX-37-002	dup:Гарбуз					
PLX-37-003	dup:Гарбуз					
PLX-37-004	dup:Гарбуз					
PLX-37-005	dup:Гарбуз					
PLX-37-006	dup:Гарбуз					
PLX-37-007	dup:Гарбуз					
PLX-37-008	dup:Гарбуз					
PLX-37-009	dup:Гарбуз					
PLX-37-010	dup:Гарбуз					
PLX-37-011	dup:Гарбуз					prybutok
PLX-37-012	dup:Гарбуз					
PLX-37-013	dup:Гарбуз					
PLX-37-014	dup:Гарбуз					
PLX-37-015	dup:Гарбуз					
PLX-37-016	dup:Гарбуз					
PLX-37-017	dup:Гарбуз					
PLX-37-018	dup:Гарбуз					
PLX-37-019	dup:Гарбуз					
PLX-37-020	dup:Гарбуз					
PLX-37-021	dup:Гарбуз					
PLX-37-022	dup:Гарбуз					
PLX-37-023	dup:Гарбуз					
PLX-37-024	dup:Гарбуз					
PLX-37-025	dup:Гарбуз					
PLX-37-026	dup:Гарбуз					
PLX-37-027	dup:Гарбуз					
PLX-37-028	dup:Гарбуз					
PLX-37-029	dup:Гарбуз		Shopping_ads	ne_v_prajsi		
PLX-37-030	dup:Гарбуз					
PLX-37-031	dup:Гарбуз					
PLX-37-032	dup:Гарбуз					
PLX-37-033	dup:Гарбуз					
PLX-37-034	dup:Гарбуз					
PLX-37-035	dup:Гарбуз					
PLX-37-036	dup:Гарбуз					
PLX-37-037	dup:Гарбуз					
PLX-37-038	dup:Гарбуз					
PLX-37-047	dup:Гарбуз					
PLX-37-048	dup:Гарбуз					
PLX-37-049	dup:Гарбуз					
PLX-37-050	dup:Гарбуз					
PLX-37-051	dup:Гарбуз					
PLX-37-052	dup:Гарбуз					
PLX-37-053	dup:Гарбуз					
PLX-37-054	dup:Гарбуз					
PLX-37-055	dup:Гарбуз					
PLX-37-056	dup:Гарбуз					
PLX-37-057	dup:Гарбуз					
PLX-37-058	dup:Гарбуз					
PLX-37-059	dup:Гарбуз					
PLX-37-060	dup:Гарбуз					
PLX-37-061	dup:Гарбуз					
PLX-37-062	dup:Гарбуз		Shopping_ads	ne_v_prajsi		
PLX-37-063	dup:Гарбуз					
PLX-37-064	dup:Гарбуз					prybutok
PLX-37-065	dup:Гарбуз					
PLX-37-066	dup:Гарбуз					prybutok
PLX-37-067	dup:Гарбуз					
PLX-37-068	dup:Гарбуз					
PLX-37-069	dup:Едім		Shopping_ads	ne_v_nayavnosti		prybutok
PLX-37-070	dup:Гарбуз					prybutok
PLX-37-071	dup:Едім		Shopping_ads	ne_v_nayavnosti		
PLX-37-072	dup:Едім		Shopping_ads	ne_v_nayavnosti		
PLX-37-073	dup:Гарбуз					
PLX-37-075	dup:Гарбуз					
PLX-37-076	dup:Гарбуз					
PLX-37-077	dup:Гарбуз					
PLX-37-078	dup:Гарбуз					
PLX-37-079	dup:Гарбуз					
PLX-37-080	dup:Гарбуз					
PLX-37-081	dup:Гарбуз					
PLX-37-082	dup:Гарбуз					
PLX-37-083	dup:Гарбуз					
PLX-37-084	dup:Гарбуз					
PLX-37-085	dup:Гарбуз					prybutok
PLX-37-086	dup:Гарбуз					prybutok
PLX-37-087	dup:Гарбуз					
PLX-37-089	dup:Гарбуз					
PLX-37-090	dup:Гарбуз					
PLX-37-091	dup:Гарбуз					prybutok
PLX-37-092	dup:Гарбуз					prybutok
PLX-37-093	dup:Гарбуз					
PLX-37-094	dup:Гарбуз					
PLX-37-095	dup:Гарбуз					
PLX-37-096	dup:Гарбуз					
PLX-37-097	dup:Гарбуз					
PLX-37-098	dup:Гарбуз					
PLX-37-099	dup:Гарбуз					
PLX-37-100	dup:Гарбуз					
PLX-37-101	dup:Гарбуз					
PLX-37-102	dup:Гарбуз					
PLX-37-103	dup:Гарбуз					
PLX-37-104	dup:Гарбуз					
PLX-37-105	dup:Едім		Shopping_ads	ne_v_nayavnosti		
PLX-37-106	dup:Едім		Shopping_ads	ne_v_nayavnosti		
PLX-37-107	dup:Гарбуз					
PLX-37-108	dup:Гарбуз					
PLX-37-109	dup:Гарбуз					
PLX-37-110	dup:Едім		Shopping_ads	ne_v_nayavnosti		
PLX-37-111	dup:Гарбуз					
PLX-37-112	dup:Гарбуз					
PLX-37-113	dup:Гарбуз					
PLX-37-114	dup:Гарбуз					
PLX-37-115	dup:Гарбуз					
PLX-37-116	dup:Гарбуз					
PLX-37-117	dup:Едім		Shopping_ads	ne_v_nayavnosti		
PLX-37-118	dup:Едім		Shopping_ads	ne_v_nayavnosti		
PLX-37-119	dup:Гарбуз					
PLX-37-121	dup:Гарбуз					
PLX-37-122	dup:Гарбуз					
PLX-37-123	dup:Едім		Shopping_ads	ne_v_nayavnosti		
PLX-37-124	dup:Едім		Shopping_ads	ne_v_nayavnosti		
PLX-37-127	dup:Гарбуз					
PLX-37-128	dup:Гарбуз					
PLX-37-129	dup:Гарбуз					
PLX-37-130	dup:Гарбуз					
PLX-37-131	dup:Гарбуз					
PLX-37-132	dup:Гарбуз					
PLX-37-133	dup:Гарбуз					
PLX-37-134	dup:Гарбуз					
PLX-37-135	dup:Гарбуз					
PLX-37-137	dup:Гарбуз					
PLX-37-138	dup:Гарбуз					
PLX-37-139	dup:Гарбуз					
PLX-37-140	dup:Гарбуз					
PLX-37-141	dup:Гарбуз					
PLX-37-142	dup:Гарбуз					
PLX-37-143	dup:Гарбуз					
PLX-37-144	dup:Гарбуз					prybutok
PLX-37-145	dup:Гарбуз					
PLX-37-146	dup:Гарбуз					
PLX-37-147	dup:Гарбуз					
PLX-37-148	dup:Гарбуз					
PLX-37-149 Ш	dup:Гарбуз					
PLX-37-151	dup:Гарбуз					
PLX-37-152	dup:Гарбуз					
PLX-37-153	dup:Гарбуз					
PLX-37-154	dup:Едім		Shopping_ads	ne_v_nayavnosti		
PLX-37-155	dup:Гарбуз					
PLX-37-157	dup:Гарбуз					
PLX-37-158	dup:Гарбуз					
PLX-37-159	dup:Гарбуз					
PLX-37-160	dup:Гарбуз					
PLX-37-161			Shopping_ads	ne_v_nayavnosti		
PLX-37-162	dup:Гарбуз					
PLX-37-163	dup:Гарбуз					
PLX-37-164	dup:Гарбуз					
PLX-37-165	dup:Гарбуз					
PLX-37-167	dup:Гарбуз					
PLX-37-172	dup:Гарбуз					
PLX-37-173	dup:Гарбуз					
PLX-37-174	dup:Гарбуз					
PLX-37-175	dup:Гарбуз					
PLX-37-178	dup:Гарбуз					
PLX-37-179	dup:Гарбуз					
PLX-37-180	dup:Гарбуз					
PLX-37-181	dup:Гарбуз					
PLX-37-182	dup:Гарбуз					
PLX-37-183	dup:Гарбуз					
PLX-37-184	dup:Гарбуз					
PLX-37-185	dup:Гарбуз					
PLX-37-186	dup:Гарбуз					
PLX-37-187	dup:Едім		Shopping_ads	ne_v_nayavnosti		
PLX-37-188	dup:Гарбуз					
PLX-370-120	dup:Гарбуз					
PLX-370-360	dup:Гарбуз					
PLX-370-380	dup:Гарбуз					
PLX-373047	dup:Гарбуз					
PLX-3736-Б	dup:Гарбуз					
PLX-379	dup:Гарбуз					
PLX-38	dup:Гарбуз					
PLX-38-001	dup:Гарбуз					
PLX-38-002	dup:Гарбуз					
PLX-38-003	dup:Едім		Shopping_ads	ne_v_nayavnosti		
PLX-38-004	dup:Гарбуз					prybutok
PLX-38-005	dup:Гарбуз					
PLX-38-009	dup:Едім		Shopping_ads	ne_v_nayavnosti		
PLX-38-010	dup:Гарбуз					
PLX-38-011	dup:Гарбуз					
PLX-38-012	dup:Гарбуз					prybutok
PLX-38-013	dup:Гарбуз					
PLX-38-014	dup:Гарбуз		Shopping_ads	ne_v_nayavnosti		
PLX-38-022	dup:Гарбуз					
PLX-38-040	dup:Гарбуз					prybutok
PLX-38-041	dup:Гарбуз					
PLX-38-042	dup:Гарбуз					
PLX-38-043	dup:Гарбуз					
PLX-38-044	dup:Гарбуз					
PLX-38-045	dup:Гарбуз					prybutok
PLX-38-050	dup:Гарбуз					
PLX-38-051	dup:Гарбуз					
PLX-38-052	dup:Гарбуз					
PLX-38-053	dup:Гарбуз					prybutok
PLX-38-054	dup:Гарбуз					
PLX-38-056	dup:Гарбуз					
PLX-38-057	dup:Гарбуз					
PLX-38-058	dup:Гарбуз					
PLX-38-059	dup:Гарбуз					
PLX-38-061	dup:Гарбуз					
PLX-38-062	dup:Гарбуз					
PLX-38-063	dup:Гарбуз					
PLX-38-065	dup:Гарбуз					
PLX-38-067	dup:Гарбуз					
PLX-38-071	dup:Гарбуз					
PLX-38-072	dup:Гарбуз					
PLX-388	dup:Гарбуз					
PLX-389	dup:Гарбуз					
PLX-39	dup:Гарбуз					
PLX-39-001	dup:Гарбуз					
PLX-39-002	dup:Гарбуз					
PLX-39-003	dup:Гарбуз					
PLX-39-004	dup:Гарбуз		Shopping_ads	ne_v_prajsi		
PLX-39-005	dup:Гарбуз					
PLX-39-006	dup:Гарбуз					
PLX-39-007	dup:Гарбуз					
PLX-39-008	dup:Гарбуз					
PLX-39-009	dup:Гарбуз					
PLX-391	dup:Гарбуз					
PLX-394	dup:Гарбуз					
PLX-3H1CP	dup:Гарбуз					
PLX-4-010-001	dup:Гарбуз					
PLX-4-012	dup:Гарбуз					
PLX-4-015	dup:Гарбуз					
PLX-4-016	dup:Гарбуз					
PLX-4-017	dup:Гарбуз					
PLX-4-026-001	dup:Едім		Shopping_ads	ne_v_nayavnosti		
PLX-4-034-001	dup:Гарбуз					
PLX-4-070-001	dup:Гарбуз					
PLX-40	dup:Гарбуз					
PLX-40-002	dup:Гарбуз					
PLX-40-003	dup:Гарбуз					
PLX-400-060	dup:Гарбуз					
PLX-400-080	dup:Едім		Shopping_ads	ne_v_nayavnosti		
PLX-400-100	dup:Гарбуз					
PLX-400-101	dup:Гарбуз					
PLX-400-102	dup:Гарбуз					
PLX-400-103	dup:Гарбуз		Shopping_ads	ne_v_prajsi		
PLX-400-104	dup:Гарбуз					
PLX-400-105	dup:Гарбуз					
PLX-400-106	dup:Гарбуз					
PLX-400-107	dup:Гарбуз					
PLX-400-108	dup:Гарбуз					
PLX-400-109	dup:Гарбуз					
PLX-400-110	dup:Гарбуз					
PLX-400-120	dup:Гарбуз					
PLX-400-121	dup:Гарбуз					
PLX-400-122	dup:Гарбуз					
PLX-400-123	dup:Гарбуз					
PLX-400-124	dup:Гарбуз					
PLX-400-126	dup:Гарбуз					
PLX-400-127	dup:Гарбуз					
PLX-400-128	dup:Гарбуз					
PLX-400-129	dup:Едім		Shopping_ads	ne_v_nayavnosti		
PLX-400-130	dup:Гарбуз					
PLX-400-131	dup:Гарбуз					
PLX-400-132	dup:Гарбуз					
PLX-400-133	dup:Гарбуз					
PLX-400-134	dup:Гарбуз					
PLX-400-135	dup:Гарбуз					
PLX-400-136	dup:Гарбуз					
PLX-400-137	dup:Гарбуз					
PLX-400-138	dup:Гарбуз					prybutok
PLX-400-139	dup:Гарбуз					prybutok
PLX-400-140	dup:Гарбуз					
PLX-400-141	dup:Гарбуз					
PLX-400-142	dup:Гарбуз					
PLX-400-143	dup:Гарбуз					prybutok
PLX-400-144	dup:Гарбуз					prybutok
PLX-400-145	dup:Гарбуз					
PLX-400-146	dup:Гарбуз					
PLX-400-147	dup:Едім		Shopping_ads	ne_v_nayavnosti		
PLX-400-148	dup:Гарбуз					
PLX-400-150	dup:Гарбуз					
PLX-400-151	dup:Гарбуз					
PLX-400-152	dup:Гарбуз					
PLX-400-153	dup:Гарбуз					
PLX-400-155	dup:Гарбуз					
PLX-400-156	dup:Гарбуз					
PLX-401050	dup:Гарбуз					
PLX-401051	dup:Гарбуз					
PLX-401052	dup:Гарбуз					
PLX-401056	dup:Гарбуз					
PLX-401057	dup:Гарбуз					
PLX-401058	dup:Гарбуз					
PLX-401059	dup:Гарбуз					
PLX-402-003	dup:Гарбуз					
PLX-402-006	dup:Гарбуз					
PLX-402-008	dup:Гарбуз					
PLX-402-010	dup:Гарбуз					
PLX-402-012	dup:Гарбуз					
PLX-402-016	dup:Гарбуз					
PLX-402-018	dup:Гарбуз					
PLX-402-024	dup:Гарбуз					
PLX-402-026	dup:Гарбуз					
PLX-402-028	dup:Гарбуз					
PLX-402-030	dup:Гарбуз					
PLX-402-032	dup:Гарбуз					
PLX-402-035	dup:Гарбуз					
PLX-402-040	dup:Гарбуз					
PLX-402-045	dup:Гарбуз					
PLX-402-050	dup:Гарбуз					
PLX-402-055	dup:Гарбуз					
PLX-403802	dup:Гарбуз					
PLX-405128	dup:Гарбуз					
PLX-41-001	dup:Гарбуз					
PLX-41-002	dup:Гарбуз					
PLX-41-003	dup:Гарбуз					
PLX-41-004	dup:Гарбуз					
PLX-41-005	dup:Гарбуз					
PLX-41-006	dup:Гарбуз					
PLX-41-007	dup:Гарбуз					
PLX-41-008	dup:Гарбуз					
PLX-41-009	dup:Гарбуз					
PLX-41-010	dup:Гарбуз					
PLX-41-011	dup:Гарбуз					
PLX-41-012	dup:Гарбуз					
PLX-41-013	dup:Гарбуз					
PLX-41-014	dup:Гарбуз					
PLX-41-015	dup:Гарбуз					
PLX-41-016	dup:Гарбуз					
PLX-41-017	dup:Гарбуз					
PLX-41-018	dup:Гарбуз					
PLX-41-020	dup:Едім		Shopping_ads	ne_v_nayavnosti		
PLX-41-021	dup:Гарбуз					
PLX-41-022	dup:Гарбуз					
PLX-41-023	dup:Гарбуз					
PLX-41-024	dup:Гарбуз					
PLX-41-025	dup:Гарбуз					
PLX-41-026	dup:Гарбуз					
PLX-41-027	dup:Гарбуз					
PLX-41-028	dup:Гарбуз					
PLX-411	dup:Гарбуз					
PLX-413	dup:Гарбуз					
PLX-414	dup:Гарбуз					
PLX-422	dup:Гарбуз					
PLX-423	dup:Едім		Shopping_ads	ne_v_nayavnosti		
PLX-4251-Б	dup:Гарбуз		Shopping_ads	ne_v_prajsi		
PLX-4253-Б	dup:Гарбуз					
PLX-4254-Б	dup:Гарбуз		Shopping_ads	ne_v_prajsi		
PLX-4255-Б	dup:Гарбуз					prybutok
PLX-4256-Б	dup:Едім		Shopping_ads	ne_v_nayavnosti		
PLX-4259-Б	dup:Гарбуз					prybutok
PLX-4260-Б	dup:Гарбуз					
PLX-4264-Б	dup:Едім		Shopping_ads	ne_v_nayavnosti		
PLX-43-001	dup:Едім		Shopping_ads	ne_v_nayavnosti		
PLX-4302-Б	dup:Гарбуз					
PLX-4303-Б	dup:Гарбуз					
PLX-4322071			Shopping_ads	ne_v_nayavnosti		
PLX-439	dup:Гарбуз					
PLX-44	dup:Гарбуз					
PLX-44-001	dup:Гарбуз					
PLX-44-004	dup:Гарбуз					
PLX-44-005	dup:Гарбуз					
PLX-44-006	dup:Гарбуз					
PLX-44-007	dup:Гарбуз					
PLX-44-008	dup:Гарбуз					
PLX-44-009	dup:Гарбуз					
PLX-44-012	dup:Гарбуз					
PLX-44-013	dup:Гарбуз					
PLX-44-014	dup:Гарбуз					
PLX-440	dup:Гарбуз					
PLX-45	dup:Гарбуз					
PLX-45-103	dup:Гарбуз					
PLX-45-153	dup:Гарбуз					
PLX-45-413	dup:Гарбуз					
PLX-45-414	dup:Гарбуз					
PLX-45-417	dup:Гарбуз					
PLX-45-418	dup:Гарбуз					
PLX-45-419	dup:Гарбуз					
PLX-45-508	dup:Гарбуз		Shopping_ads	season_off		
PLX-45-590	dup:Гарбуз		Shopping_ads	season_off		prybutok
PLX-45-592	dup:Гарбуз		Shopping_ads	season_off		
PLX-45-596			Shopping_ads	ne_v_nayavnosti		
PLX-45-598	dup:Гарбуз		Shopping_ads	season_off		
PLX-45-612	dup:Гарбуз					
PLX-45-613	dup:Гарбуз					prybutok
PLX-45-614	dup:Гарбуз					
PLX-45-623	dup:Гарбуз					
PLX-45-624	dup:Гарбуз					prybutok
PLX-45-625	dup:Гарбуз					
PLX-45-632	dup:Гарбуз					
PLX-45-634	dup:Гарбуз					
PLX-45-643	dup:Гарбуз					prybutok
PLX-45-644	dup:Гарбуз					
PLX-455	dup:Гарбуз					
PLX-46-001	dup:Гарбуз					
PLX-46-002	dup:Гарбуз					
PLX-469	dup:Гарбуз					prybutok
PLX-47	dup:Гарбуз		Shopping_ads	ne_v_prajsi		
PLX-47-001	dup:Гарбуз					
PLX-47-002	dup:Гарбуз					
PLX-47-003	dup:Гарбуз					
PLX-47-004	dup:Гарбуз					
PLX-47-005	dup:Гарбуз					
PLX-47-006	dup:Гарбуз					
PLX-47-007	dup:Гарбуз					
PLX-47-008	dup:Гарбуз					
PLX-47-009	dup:Гарбуз					
PLX-47-010	dup:Гарбуз					
PLX-47-011	dup:Гарбуз					
PLX-47-012	dup:Гарбуз					
PLX-47-014	dup:Гарбуз					
PLX-47-015	dup:Гарбуз					
PLX-47-017	dup:Гарбуз					
PLX-47-018	dup:Гарбуз					
PLX-479	dup:Гарбуз					
PLX-48	dup:Гарбуз		Shopping_ads	ne_v_prajsi		
PLX-48-001	dup:Гарбуз					
PLX-48-003	dup:Гарбуз					
PLX-480	dup:Гарбуз					
PLX-4810DTG	dup:Едім		Shopping_ads	ne_v_nayavnosti		
PLX-4810АТ	dup:Гарбуз					
PLX-4825DTG	dup:Гарбуз					
PLX-4825АТ	dup:Гарбуз					
PLX-4850АТ	dup:Гарбуз					
PLX-49	dup:Гарбуз					
PLX-49-003	dup:Гарбуз					
PLX-49-004	dup:Едім		Shopping_ads	ne_v_nayavnosti		
PLX-49-005			Shopping_ads	ne_v_nayavnosti		
PLX-49-006	dup:Едім		Shopping_ads	ne_v_nayavnosti		stop
PLX-490	dup:Едім		Shopping_ads	ne_v_nayavnosti		
PLX-495	dup:Гарбуз					
PLX-497	dup:Гарбуз					
PLX-498	dup:Гарбуз					
PLX-499	dup:Гарбуз					
PLX-50-001	dup:Гарбуз					
PLX-50-002	dup:Гарбуз					prybutok
PLX-50-003	dup:Гарбуз					
PLX-50-004	dup:Гарбуз					
PLX-50-006	dup:Гарбуз					
PLX-50-50307	dup:Гарбуз					
PLX-500	dup:Гарбуз					
PLX-500-006С	dup:Гарбуз					
PLX-500-008С	dup:Едім		Shopping_ads	ne_v_nayavnosti		
PLX-500-012С	dup:Гарбуз					
PLX-500-014С	dup:Гарбуз					
PLX-500-080м	dup:Гарбуз					
PLX-500-100	dup:Гарбуз					
PLX-500-120	dup:Гарбуз					
PLX-500200	dup:Гарбуз					
PLX-5006	dup:Гарбуз					
PLX-5007	dup:Гарбуз					
PLX-5008	dup:Гарбуз					
PLX-501	dup:Гарбуз					
PLX-502	dup:Гарбуз					
PLX-503	dup:Гарбуз					
PLX-504	dup:Гарбуз					
PLX-506	dup:Гарбуз					
PLX-5074	dup:Гарбуз					
PLX-508	dup:Гарбуз					
PLX-509	dup:Гарбуз					
PLX-51	dup:Гарбуз					
PLX-51-001	dup:Гарбуз					
PLX-51-002	dup:Гарбуз					
PLX-51-003	dup:Гарбуз					
PLX-51-004	dup:Гарбуз					
PLX-51-005	dup:Гарбуз					
PLX-51-006	dup:Гарбуз					
PLX-51-008	dup:Гарбуз					
PLX-51-009	dup:Гарбуз					
PLX-51-010	dup:Гарбуз					prybutok
PLX-51-012	dup:Гарбуз					
PLX-51-021	dup:Едім		Shopping_ads	ne_v_nayavnosti		
PLX-51-022	dup:Гарбуз					prybutok
PLX-51-023	dup:Гарбуз					
PLX-51-026	dup:Гарбуз					
PLX-51-027	dup:Гарбуз					
PLX-51-028	dup:Гарбуз					
PLX-51-029	dup:Гарбуз					
PLX-51-030	dup:Гарбуз					
PLX-51-031	dup:Гарбуз					
PLX-51-032	dup:Гарбуз					
PLX-51-033	dup:Гарбуз					
PLX-51-034	dup:Гарбуз					
PLX-51-035	dup:Гарбуз					
PLX-51-036	dup:Гарбуз					
PLX-51-037	dup:Гарбуз					
PLX-51-038	dup:Гарбуз					
PLX-51-039	dup:Гарбуз					
PLX-51-042	dup:Гарбуз					
PLX-51-043	dup:Гарбуз					
PLX-51-044	dup:Гарбуз					
PLX-51-045	dup:Гарбуз					
PLX-51-046	dup:Гарбуз					
PLX-51-047	dup:Гарбуз					
PLX-51-048	dup:Гарбуз					
PLX-51-049	dup:Гарбуз					
PLX-51-050	dup:Гарбуз					
PLX-51-051	dup:Гарбуз					
PLX-51-052	dup:Гарбуз					
PLX-51-053	dup:Гарбуз					
PLX-51-054	dup:Гарбуз					
PLX-51-055	dup:Гарбуз					
PLX-51-056	dup:Гарбуз					
PLX-51-057	dup:Гарбуз					
PLX-51-058	dup:Гарбуз					
PLX-51-059	dup:Гарбуз					
PLX-51-060	dup:Гарбуз					
PLX-51-061	dup:Гарбуз					
PLX-51-062	dup:Гарбуз					
PLX-51-063	dup:Гарбуз					
PLX-51-064	dup:Гарбуз					prybutok
PLX-51-065	dup:Гарбуз					
PLX-51-066	dup:Гарбуз					
PLX-51-067	dup:Гарбуз					
PLX-51-068	dup:Гарбуз					
PLX-51-069	dup:Гарбуз					
PLX-51-070	dup:Гарбуз					
PLX-51-071	dup:Гарбуз					
PLX-51-072	dup:Гарбуз					
PLX-51-073	dup:Гарбуз					
PLX-51-074	dup:Гарбуз					
PLX-51-076	dup:Гарбуз					
PLX-51-077	dup:Гарбуз					
PLX-51-078	dup:Гарбуз					
PLX-51-079	dup:Гарбуз					
PLX-51-080	dup:Гарбуз					
PLX-51-081	dup:Гарбуз					
PLX-51-082	dup:Гарбуз					
PLX-51-083	dup:Едім		Shopping_ads	ne_v_nayavnosti		
PLX-51-085	dup:Гарбуз					
PLX-51-086	dup:Гарбуз					
PLX-51-087	dup:Гарбуз					
PLX-51-088	dup:Гарбуз					
PLX-51-089	dup:Гарбуз					
PLX-51-090	dup:Едім		Shopping_ads	ne_v_nayavnosti		
PLX-51-091	dup:Гарбуз					
PLX-51-092	dup:Гарбуз					
PLX-51-093	dup:Гарбуз					
PLX-51-094	dup:Едім		Shopping_ads	ne_v_nayavnosti		
PLX-51-112	dup:Гарбуз					
PLX-510	dup:Гарбуз					
PLX-510003	dup:Гарбуз					
PLX-511	dup:Гарбуз					
PLX-513	dup:Гарбуз					
PLX-515	dup:Гарбуз					
PLX-517	dup:Гарбуз					prybutok
PLX-518	dup:Гарбуз					
PLX-519	dup:Гарбуз					
PLX-52	dup:Гарбуз					
PLX-52-001	dup:Гарбуз					
PLX-520	dup:Гарбуз					
PLX-521	dup:Гарбуз					
PLX-522	dup:Гарбуз					
PLX-523	dup:Гарбуз					
PLX-524	dup:Гарбуз					
PLX-526	dup:Гарбуз					
PLX-527	dup:Гарбуз					
PLX-529	dup:Гарбуз					
PLX-53	dup:Гарбуз					
PLX-53-001	dup:Гарбуз					
PLX-53-003	dup:Гарбуз					
PLX-53-004	dup:Едім		Shopping_ads	ne_v_nayavnosti		prybutok
PLX-53-005	dup:Гарбуз					
PLX-53-006	dup:Гарбуз					
PLX-53-007	dup:Гарбуз					
PLX-53-008	dup:Гарбуз					
PLX-53-009	dup:Гарбуз					
PLX-53-010	dup:Гарбуз					
PLX-53-011	dup:Гарбуз					
PLX-53-012	dup:Гарбуз					
PLX-53-013	dup:Гарбуз					
PLX-53-015	dup:Гарбуз					
PLX-53-016	dup:Гарбуз					
PLX-53-049	dup:Гарбуз					
PLX-53-050	dup:Гарбуз					
PLX-53-051	dup:Гарбуз		Shopping_ads	ne_v_prajsi		
PLX-53-052	dup:Гарбуз					
PLX-53-053	dup:Гарбуз					
PLX-53-054	dup:Гарбуз					
PLX-53-055	dup:Гарбуз					
PLX-53-056	dup:Гарбуз					
PLX-53-057	dup:Гарбуз					
PLX-53-058	dup:Гарбуз					
PLX-53-059	dup:Едім		Shopping_ads	ne_v_nayavnosti		
PLX-53-060	dup:Гарбуз					
PLX-53-061	dup:Гарбуз					
PLX-530	dup:Гарбуз					
PLX-5301-6130	dup:Гарбуз					
PLX-5301-650	dup:Гарбуз					
PLX-5301-690	dup:Гарбуз					
PLX-5301-8160	dup:Гарбуз					
PLX-5301-8230	dup:Гарбуз					
PLX-531	dup:Гарбуз					
PLX-532	dup:Гарбуз					
PLX-533	dup:Гарбуз					
PLX-5335	dup:Едім		Shopping_ads	ne_v_nayavnosti		
PLX-534	dup:Гарбуз					
PLX-535	dup:Гарбуз					
PLX-536	dup:Гарбуз					
PLX-537	dup:Гарбуз					prybutok
PLX-5399	dup:Гарбуз					
PLX-54-001	dup:Гарбуз					
PLX-54-002	dup:Гарбуз					
PLX-54-003	dup:Гарбуз					
PLX-54-004	dup:Гарбуз					
PLX-54-005	dup:Гарбуз					
PLX-54-006	dup:Гарбуз					
PLX-54-007	dup:Гарбуз					
PLX-54-008	dup:Гарбуз					
PLX-54-009	dup:Гарбуз					prybutok
PLX-54-010	dup:Гарбуз					prybutok
PLX-54-011	dup:Гарбуз					
PLX-54-012	dup:Гарбуз					prybutok
PLX-54-013	dup:Гарбуз					prybutok
PLX-54-015	dup:Гарбуз					
PLX-54-016	dup:Гарбуз					prybutok
PLX-54-017	dup:Гарбуз					
PLX-54-018	dup:Гарбуз					
PLX-54-019	dup:Гарбуз					
PLX-54-020	dup:Гарбуз					
PLX-54-022	dup:Гарбуз					
PLX-54-023	dup:Гарбуз					
PLX-54-024	dup:Гарбуз					
PLX-54-025	dup:Гарбуз					
PLX-54-026	dup:Гарбуз					
PLX-54-027	dup:Гарбуз					
PLX-54-028	dup:Гарбуз					
PLX-54-029	dup:Гарбуз					
PLX-54-030	dup:Гарбуз					
PLX-54-031	dup:Гарбуз					
PLX-54-033	dup:Гарбуз					
PLX-54-034	dup:Гарбуз					
PLX-54-035	dup:Гарбуз					
PLX-54-036	dup:Гарбуз					
PLX-54-037	dup:Гарбуз					
PLX-54-038	dup:Гарбуз					
PLX-54-039	dup:Гарбуз					
PLX-54-040	dup:Гарбуз					
PLX-54-041	dup:Гарбуз					
PLX-54-042	dup:Гарбуз					
PLX-54-043	dup:Гарбуз					
PLX-54-044	dup:Гарбуз					
PLX-54-045	dup:Гарбуз					
PLX-54-047	dup:Гарбуз					
PLX-54-049	dup:Гарбуз					
PLX-54-050	dup:Гарбуз					
PLX-54-051	dup:Гарбуз					prybutok
PLX-54-052	dup:Гарбуз					
PLX-54-053	dup:Гарбуз					
PLX-54-054	dup:Гарбуз					
PLX-54-055	dup:Гарбуз					
PLX-54-056	dup:Гарбуз					
PLX-54-058	dup:Гарбуз					
PLX-54-059	dup:Гарбуз					
PLX-54-071	dup:Гарбуз					
PLX-54-090	dup:Гарбуз					
PLX-54-091	dup:Гарбуз					
PLX-54-092	dup:Гарбуз					
PLX-54-093	dup:Гарбуз					
PLX-54-094	dup:Гарбуз					
PLX-54-097	dup:Гарбуз					
PLX-54-098	dup:Гарбуз					
PLX-54-099	dup:Гарбуз					
PLX-54-100	dup:Гарбуз					
PLX-54-101	dup:Гарбуз					
PLX-54-102	dup:Гарбуз					
PLX-54-103	dup:Гарбуз		Shopping_ads	ne_v_prajsi		
PLX-54-104	dup:Гарбуз					
PLX-54-105	dup:Гарбуз					
PLX-54-106	dup:Гарбуз					
PLX-54-107	dup:Гарбуз					
PLX-54-108	dup:Гарбуз					
PLX-54-109	dup:Гарбуз					
PLX-54-110	dup:Гарбуз					
PLX-54-111	dup:Гарбуз					
PLX-54-112	dup:Едім		Shopping_ads	ne_v_nayavnosti		
PLX-54-113	dup:Гарбуз					
PLX-54-114	dup:Гарбуз					
PLX-54-115	dup:Гарбуз					
PLX-54-116	dup:Гарбуз					
PLX-54-125	dup:Гарбуз					
PLX-54-126	dup:Гарбуз					
PLX-54-127	dup:Гарбуз					
PLX-54-128	dup:Гарбуз					
PLX-54-129	dup:Гарбуз					
PLX-54-130	dup:Гарбуз					
PLX-54-131	dup:Гарбуз					
PLX-54-132	dup:Гарбуз					
PLX-54-133	dup:Гарбуз					
PLX-54-134	dup:Гарбуз					
PLX-54-135	dup:Гарбуз					
PLX-54-136	dup:Гарбуз					
PLX-54-137	dup:Гарбуз					
PLX-54-138	dup:Гарбуз					
PLX-54-139	dup:Гарбуз					
PLX-54-140	dup:Гарбуз					
PLX-54-141	dup:Гарбуз					
PLX-54-142	dup:Гарбуз					
PLX-54-143	dup:Гарбуз					
PLX-54-144	dup:Гарбуз					
PLX-54-145	dup:Гарбуз					
PLX-54-146	dup:Гарбуз					
PLX-54-147	dup:Гарбуз					
PLX-54-148	dup:Гарбуз					
PLX-54-149	dup:Гарбуз					
PLX-54-150	dup:Гарбуз					
PLX-54-151	dup:Гарбуз					
PLX-54-152	dup:Гарбуз					
PLX-54-153	dup:Гарбуз					
PLX-54-154	dup:Гарбуз					
PLX-54-155	dup:Гарбуз					prybutok
PLX-54-156	dup:Гарбуз					
PLX-54-157	dup:Гарбуз					
PLX-54-159	dup:Гарбуз					
PLX-54-160	dup:Гарбуз					
PLX-54-161	dup:Гарбуз					
PLX-54-162	dup:Гарбуз					
PLX-54-163	dup:Гарбуз					
PLX-54-164	dup:Гарбуз					
PLX-54-165	dup:Гарбуз					
PLX-54-167	dup:Гарбуз					
PLX-54-168	dup:Гарбуз					
PLX-54-169	dup:Гарбуз					
PLX-54-170	dup:Гарбуз					
PLX-54-171	dup:Гарбуз					
PLX-54-172	dup:Гарбуз					
PLX-54-173	dup:Едім		Shopping_ads	ne_v_nayavnosti		
PLX-54-174	dup:Гарбуз					
PLX-54-175	dup:Гарбуз					
PLX-54-176	dup:Гарбуз					
PLX-54-177	dup:Гарбуз					
PLX-54-178	dup:Едім		Shopping_ads	ne_v_nayavnosti		
PLX-54-179	dup:Гарбуз					
PLX-54-181	dup:Гарбуз					
PLX-54-183	dup:Гарбуз					
PLX-54-184	dup:Гарбуз					
PLX-54-185	dup:Гарбуз					
PLX-54-186	dup:Гарбуз					
PLX-54-187	dup:Гарбуз					
PLX-54-188	dup:Гарбуз					
PLX-54-190	dup:Гарбуз					
PLX-54-191	dup:Гарбуз					
PLX-54-193	dup:Гарбуз					
PLX-54-194	dup:Гарбуз					
PLX-54-195	dup:Гарбуз					
PLX-54-196	dup:Гарбуз					
PLX-54-197	dup:Гарбуз					
PLX-54-198	dup:Гарбуз					
PLX-54-199	dup:Гарбуз					
PLX-54-200	dup:Гарбуз					
PLX-54-201	dup:Гарбуз					
PLX-54-202	dup:Гарбуз					
PLX-54-203	dup:Гарбуз					
PLX-54-204	dup:Гарбуз					
PLX-54-205	dup:Гарбуз					
PLX-54-206	dup:Гарбуз					
PLX-54-207	dup:Гарбуз					
PLX-54-208	dup:Гарбуз					
PLX-54-209	dup:Гарбуз					
PLX-54-211	dup:Гарбуз					
PLX-54-212	dup:Гарбуз					
PLX-54-213	dup:Гарбуз					
PLX-54-214	dup:Гарбуз					
PLX-54-215	dup:Гарбуз					
PLX-54-216	dup:Гарбуз					
PLX-54-217	dup:Гарбуз					
PLX-54-218	dup:Гарбуз					
PLX-54-219	dup:Гарбуз					
PLX-54-220	dup:Гарбуз					
PLX-54-221	dup:Гарбуз					
PLX-54-222	dup:Гарбуз					
PLX-54-223	dup:Гарбуз					
PLX-54-224	dup:Гарбуз					
PLX-54-225	dup:Гарбуз					
PLX-54-226	dup:Гарбуз					
PLX-54-227	dup:Гарбуз					
PLX-54-228	dup:Гарбуз					
PLX-54-229	dup:Гарбуз					
PLX-54-230	dup:Гарбуз					
PLX-54-231	dup:Гарбуз					
PLX-540	dup:Гарбуз					
PLX-542	dup:Гарбуз					
PLX-544	dup:Гарбуз		Shopping_ads	ne_v_prajsi		
PLX-5441	dup:Гарбуз					
PLX-5442	dup:Гарбуз					
PLX-5443	dup:Гарбуз					
PLX-5444	dup:Гарбуз					
PLX-5445	dup:Гарбуз					
PLX-545	dup:Гарбуз					
PLX-5468	dup:Гарбуз					
PLX-547	dup:Гарбуз					
PLX-548	dup:Гарбуз					
PLX-55-001	dup:Гарбуз					
PLX-55-002	dup:Гарбуз					
PLX-55-003	dup:Гарбуз					
PLX-5501	dup:Гарбуз					
PLX-5502	dup:Гарбуз					
PLX-5503	dup:Гарбуз					
PLX-5512	dup:Едім		Shopping_ads	ne_v_nayavnosti		
PLX-56	dup:Гарбуз					
PLX-56-001	dup:Гарбуз					
PLX-56-003	dup:Гарбуз					
PLX-56-004	dup:Гарбуз					
PLX-56-005	dup:Гарбуз					
PLX-56-006	dup:Гарбуз					
PLX-56-007	dup:Гарбуз					
PLX-56-008	dup:Гарбуз					
PLX-56-010	dup:Гарбуз					
PLX-57-004	dup:Гарбуз					
PLX-57553	dup:Гарбуз					
PLX-57554	dup:Гарбуз					
PLX-57555	dup:Гарбуз					
PLX-57556	dup:Гарбуз					
PLX-57562	dup:Гарбуз					
PLX-58-001	dup:Гарбуз					
PLX-58-002	dup:Гарбуз					
PLX-581	dup:Гарбуз					
PLX-582	dup:Гарбуз					
PLX-583	dup:Гарбуз					
PLX-59-001	dup:Гарбуз					
PLX-60	dup:Гарбуз					
PLX-60-002			Shopping_ads	ne_v_nayavnosti		
PLX-601	dup:Гарбуз					
PLX-602T	dup:Гарбуз					
PLX-61-001	dup:Гарбуз					prybutok
PLX-6106	dup:Гарбуз					
PLX-617	dup:Гарбуз					
PLX-618	dup:Гарбуз					
PLX-62-001	dup:Гарбуз					
PLX-62-002	dup:Гарбуз					
PLX-620	dup:Гарбуз					
PLX-62721	dup:Гарбуз					
PLX-62722	dup:Гарбуз					
PLX-62723	dup:Гарбуз					
PLX-62724	dup:Гарбуз					
PLX-62768	dup:Гарбуз					
PLX-62798	dup:Гарбуз					
PLX-63	dup:Гарбуз		Shopping_ads	ne_v_prajsi		
PLX-63-213-АВ	dup:Гарбуз					
PLX-641R	dup:Гарбуз					
PLX-664	dup:Гарбуз					
PLX-665	dup:Гарбуз					
PLX-666	dup:Гарбуз					
PLX-68	dup:Гарбуз					
PLX-69303	dup:Гарбуз					
PLX-69609	dup:Гарбуз					
PLX-69616	dup:Гарбуз					
PLX-69624	dup:Гарбуз					
PLX-7-001	dup:Гарбуз					
PLX-7-002-001	dup:Гарбуз					
PLX-7-002-002	dup:Едім		Shopping_ads	ne_v_nayavnosti		
PLX-7-002-003	dup:Гарбуз					
PLX-7-003	dup:Гарбуз					
PLX-7-004	dup:Гарбуз					
PLX-7-005	dup:Гарбуз					
PLX-7-007	dup:Гарбуз					
PLX-7-008	dup:Гарбуз					
PLX-7-010	dup:Гарбуз					
PLX-7-019	dup:Гарбуз					
PLX-7-020	dup:Гарбуз					
PLX-7-021	dup:Гарбуз					
PLX-70-001	dup:Гарбуз					
PLX-70-002	dup:Гарбуз					
PLX-70-003	dup:Гарбуз					
PLX-70-004	dup:Гарбуз					
PLX-70-011	dup:Гарбуз					
PLX-70-012	dup:Гарбуз					
PLX-70-015	dup:Гарбуз					
PLX-70-017	dup:Гарбуз					
PLX-70-018	dup:Гарбуз					
PLX-70-019	dup:Гарбуз					
PLX-70-020	dup:Гарбуз					
PLX-70-021			Shopping_ads	ne_v_nayavnosti		
PLX-70-022	dup:Гарбуз					
PLX-70-023	dup:Гарбуз					
PLX-70-024	dup:Гарбуз					
PLX-70-025	dup:Гарбуз					
PLX-70-026	dup:Гарбуз					
PLX-70-027	dup:Гарбуз					
PLX-70-028	dup:Гарбуз					
PLX-70-029	dup:Гарбуз					
PLX-70-030	dup:Гарбуз					
PLX-70-031	dup:Гарбуз					
PLX-70-032	dup:Гарбуз					
PLX-70-033	dup:Гарбуз					
PLX-70-034	dup:Гарбуз					
PLX-70-040	dup:Гарбуз					
PLX-70-041	dup:Гарбуз					prybutok
PLX-70-042	dup:Гарбуз					
PLX-70-043	dup:Гарбуз					
PLX-70-044	dup:Гарбуз					prybutok
PLX-70-055	dup:Гарбуз					
PLX-70-056	dup:Гарбуз					
PLX-70-057	dup:Гарбуз					
PLX-70-058	dup:Гарбуз					prybutok
PLX-70-059	dup:Гарбуз					
PLX-70-060	dup:Гарбуз					
PLX-70-061	dup:Гарбуз					
PLX-70-062	dup:Гарбуз					
PLX-70-063	dup:Гарбуз					prybutok
PLX-70-064	dup:Гарбуз					
PLX-70-065	dup:Гарбуз					
PLX-70-066	dup:Гарбуз					
PLX-70-067	dup:Гарбуз					
PLX-70-068	dup:Гарбуз					prybutok
PLX-70-069	dup:Гарбуз					
PLX-70-070	dup:Гарбуз					
PLX-70-071	dup:Гарбуз					
PLX-70-072	dup:Гарбуз					
PLX-70-073	dup:Гарбуз					prybutok
PLX-70-074	dup:Гарбуз					
PLX-70-075	dup:Гарбуз					
PLX-70-076	dup:Гарбуз					
PLX-70-077	dup:Гарбуз					
PLX-70-078	dup:Гарбуз					
PLX-70-079	dup:Гарбуз					
PLX-70-080	dup:Гарбуз					
PLX-70-082	dup:Гарбуз					
PLX-70-083	dup:Гарбуз					
PLX-70-084	dup:Гарбуз					
PLX-70-085	dup:Гарбуз					
PLX-70-086	dup:Гарбуз					prybutok
PLX-70-087	dup:Едім		Shopping_ads	ne_v_nayavnosti		
PLX-70-088	dup:Гарбуз					
PLX-70-090	dup:Гарбуз					
PLX-70-091	dup:Гарбуз					
PLX-70-092	dup:Гарбуз					
PLX-70-093	dup:Гарбуз					
PLX-70-094	dup:Гарбуз					prybutok
PLX-70-095	dup:Гарбуз					
PLX-70-096	dup:Гарбуз					
PLX-70-097	dup:Гарбуз					
PLX-70-098	dup:Гарбуз					
PLX-70-099	dup:Гарбуз					
PLX-70-100	dup:Гарбуз					
PLX-70-101	dup:Гарбуз					
PLX-70-102	dup:Гарбуз					
PLX-70-103	dup:Гарбуз					
PLX-70-104	dup:Гарбуз					
PLX-70-105	dup:Гарбуз					
PLX-70-106	dup:Гарбуз					
PLX-70-107	dup:Гарбуз					
PLX-70-108	dup:Едім		Shopping_ads	ne_v_nayavnosti		
PLX-70-109	dup:Гарбуз					
PLX-70-112	dup:Едім		Shopping_ads	ne_v_nayavnosti		
PLX-70-113	dup:Гарбуз					
PLX-70-114	dup:Едім		Shopping_ads	ne_v_nayavnosti		
PLX-70-116	dup:Едім		Shopping_ads	ne_v_nayavnosti		
PLX-70-117	dup:Гарбуз					
PLX-70-118	dup:Гарбуз					
PLX-70-119	dup:Гарбуз					
PLX-70-120	dup:Едім		Shopping_ads	ne_v_nayavnosti		
PLX-70-121	dup:Едім		Shopping_ads	ne_v_nayavnosti		
PLX-70-123	dup:Едім		Shopping_ads	ne_v_nayavnosti		
PLX-70-125	dup:Гарбуз					
PLX-70-126	dup:Едім		Shopping_ads	ne_v_nayavnosti		
PLX-70-127	dup:Гарбуз					
PLX-70-129	dup:Едім		Shopping_ads	ne_v_nayavnosti		
PLX-70-130	dup:Едім		Shopping_ads	ne_v_nayavnosti		
PLX-70-131	dup:Едім		Shopping_ads	ne_v_nayavnosti		
PLX-70-132	dup:Гарбуз					
PLX-70-133	dup:Гарбуз					prybutok
PLX-70-134	dup:Гарбуз					
PLX-70-135	dup:Гарбуз					
PLX-70-136	dup:Гарбуз					
PLX-70-137	dup:Гарбуз					
PLX-70-141	dup:Гарбуз					
PLX-70-142	dup:Гарбуз					
PLX-70-143	dup:Гарбуз		Shopping_ads	season_off		
PLX-70-144	dup:Гарбуз		Shopping_ads	season_off		
PLX-70-146	dup:Гарбуз					
PLX-702	dup:Гарбуз					
PLX-707	dup:Гарбуз					
PLX-708	dup:Гарбуз					
PLX-709	dup:Гарбуз					
PLX-710	dup:Гарбуз					
PLX-711	dup:Гарбуз					
PLX-712	dup:Гарбуз					
PLX-713	dup:Гарбуз					
PLX-714	dup:Едім		Shopping_ads	ne_v_nayavnosti		
PLX-715	dup:Гарбуз					
PLX-716	dup:Гарбуз					
PLX-717	dup:Гарбуз					
PLX-73	dup:Гарбуз					prybutok
PLX-7311	dup:Гарбуз					
PLX-7312	dup:Едім		Shopping_ads	ne_v_nayavnosti		
PLX-7313	dup:Едім		Shopping_ads	ne_v_nayavnosti		
PLX-7321	dup:Едім		Shopping_ads	ne_v_nayavnosti		
PLX-7322	dup:Едім		Shopping_ads	ne_v_nayavnosti		
PLX-7412	dup:Гарбуз					
PLX-7413	dup:Гарбуз					
PLX-7414	dup:Гарбуз					
PLX-746	dup:Гарбуз					
PLX-770	dup:Гарбуз					
PLX-771	dup:Гарбуз					
PLX-771-01-04	dup:Гарбуз					
PLX-772-01-04	dup:Гарбуз					
PLX-773-01-04	dup:Гарбуз					
PLX-796-01-04	dup:Гарбуз					
PLX-798-01-04	dup:Гарбуз					
PLX-81203	dup:Гарбуз					
PLX-81204	dup:Гарбуз					
PLX-81206	dup:Гарбуз					
PLX-81208	dup:Гарбуз					
PLX-81210	dup:Гарбуз					
PLX-81212	dup:Гарбуз					
PLX-81215	dup:Гарбуз					
PLX-813	dup:Гарбуз		Shopping_ads	ne_v_prajsi		
PLX-814	dup:Гарбуз					
PLX-815	dup:Гарбуз					
PLX-816	dup:Гарбуз					
PLX-817	dup:Гарбуз					
PLX-818	dup:Гарбуз					
PLX-819	dup:Гарбуз					
PLX-820	dup:Гарбуз					
PLX-828090	dup:Гарбуз					
PLX-828091	dup:Гарбуз					
PLX-828092	dup:Гарбуз					
PLX-828095	dup:Гарбуз					
PLX-828096	dup:Гарбуз					
PLX-828099	dup:Гарбуз					
PLX-828106	dup:Гарбуз					
PLX-828107	dup:Едім		Shopping_ads	ne_v_nayavnosti		
PLX-828111	dup:Гарбуз					
PLX-828114	dup:Гарбуз					
PLX-828115	dup:Гарбуз					
PLX-829			Shopping_ads	ne_v_nayavnosti		
PLX-83	dup:Гарбуз					
PLX-830314	dup:Гарбуз					
PLX-830319	dup:Гарбуз					
PLX-830320	dup:Гарбуз					
PLX-830322	dup:Гарбуз					
PLX-830325	dup:Гарбуз					
PLX-830520	dup:Едім		Shopping_ads	ne_v_nayavnosti		
PLX-840	dup:Гарбуз					
PLX-843	dup:Гарбуз					
PLX-844			Shopping_ads	ne_v_nayavnosti		
PLX-85-0423-AB	dup:Гарбуз					
PLX-85-0423-SN/CP	dup:Гарбуз					
PLX-851	dup:Гарбуз					
PLX-86	dup:Гарбуз					
PLX-864	dup:Гарбуз					
PLX-871			Shopping_ads	ne_v_nayavnosti		
PLX-872	dup:Гарбуз					
PLX-878	dup:Гарбуз					
PLX-879	dup:Гарбуз					
PLX-880	dup:Гарбуз					
PLX-881	dup:Гарбуз					
PLX-883	dup:Гарбуз					
PLX-89	dup:Гарбуз					
PLX-895204	dup:Гарбуз					
PLX-895642	dup:Гарбуз					
PLX-899422	dup:Гарбуз					
PLX-899461	dup:Гарбуз					
PLX-90011064	dup:Гарбуз					
PLX-90016132	dup:Гарбуз					prybutok
PLX-90016224	dup:Едім		Shopping_ads	ne_v_nayavnosti		prybutok
PLX-90016225	dup:Едім		Shopping_ads	ne_v_nayavnosti		prybutok
PLX-90016226	dup:Гарбуз					
PLX-90016227	dup:Едім		Shopping_ads	ne_v_nayavnosti		
PLX-90016228	dup:Едім		Shopping_ads	ne_v_nayavnosti		
PLX-90016230	dup:Едім		Shopping_ads	ne_v_nayavnosti		
PLX-90016234	dup:Едім		Shopping_ads	ne_v_nayavnosti		prybutok
PLX-90016235	dup:Гарбуз					prybutok
PLX-90016237	dup:Едім		Shopping_ads	ne_v_nayavnosti		
PLX-90016239	dup:Едім		Shopping_ads	ne_v_nayavnosti		
PLX-90016240	dup:Едім		Shopping_ads	ne_v_nayavnosti		
PLX-90016266	dup:Едім		Shopping_ads	ne_v_nayavnosti		
PLX-90016272	dup:Едім		Shopping_ads	ne_v_nayavnosti		
PLX-90016283	dup:Едім		Shopping_ads	ne_v_nayavnosti		
PLX-90016285	dup:Гарбуз					
PLX-90016293	dup:Гарбуз					
PLX-90016294	dup:Гарбуз					prybutok
PLX-90016295	dup:Гарбуз					
PLX-90016296	dup:Гарбуз					prybutok
PLX-90016297	dup:Едім		Shopping_ads	ne_v_nayavnosti		
PLX-90016298	dup:Гарбуз					
PLX-90016300	dup:Едім		Shopping_ads	ne_v_nayavnosti		prybutok
PLX-90016301	dup:Едім		Shopping_ads	ne_v_nayavnosti		
PLX-90016302	dup:Гарбуз					
PLX-90016303	dup:Гарбуз					
PLX-90016304	dup:Едім		Shopping_ads	ne_v_nayavnosti		
PLX-90016552	dup:Гарбуз					
PLX-90016555	dup:Гарбуз					
PLX-90016556	dup:Гарбуз					
PLX-90016560	dup:Гарбуз					
PLX-90016561	dup:Гарбуз					
PLX-90016562	dup:Гарбуз					
PLX-90016563	dup:Гарбуз					
PLX-90016564	dup:Гарбуз					
PLX-90016565	dup:Гарбуз					
PLX-90016566	dup:Гарбуз					
PLX-90016567	dup:Гарбуз					
PLX-90016568	dup:Гарбуз					
PLX-90016578	dup:Гарбуз					
PLX-90016581	dup:Гарбуз					
PLX-90016582	dup:Гарбуз					prybutok
PLX-90016583	dup:Гарбуз					prybutok
PLX-90016584	dup:Гарбуз					
PLX-90016585	dup:Гарбуз					
PLX-90016586	dup:Гарбуз					
PLX-90016610	dup:Гарбуз					
PLX-90016718	dup:Гарбуз					
PLX-90016719	dup:Гарбуз					
PLX-90016970	dup:Гарбуз					
PLX-90016971	dup:Гарбуз					
PLX-90016972	dup:Гарбуз					
PLX-90016973	dup:Гарбуз					
PLX-90016974	dup:Гарбуз					
PLX-90016975	dup:Гарбуз					
PLX-90016976	dup:Гарбуз					
PLX-90016986	dup:Гарбуз					
PLX-90016987	dup:Едім		Shopping_ads	ne_v_nayavnosti		
PLX-90025682	dup:Едім		Shopping_ads	ne_v_nayavnosti		
PLX-90025801	dup:Гарбуз					
PLX-90025802	dup:Гарбуз					
PLX-90025803	dup:Гарбуз					
PLX-90025931	dup:Гарбуз					
PLX-90025932	dup:Гарбуз					
PLX-90025934	dup:Гарбуз					
PLX-90025949	dup:Гарбуз					
PLX-90025950	dup:Гарбуз					
PLX-90025951			Shopping_ads	ne_v_nayavnosti		
PLX-90025952	dup:Гарбуз					
PLX-90025953	dup:Гарбуз					
PLX-90025955	dup:Едім		Shopping_ads	ne_v_nayavnosti		
PLX-90025956	dup:Гарбуз					
PLX-90025957	dup:Гарбуз					prybutok
PLX-90025958	dup:Гарбуз					prybutok
PLX-90025960	dup:Гарбуз					prybutok
PLX-90026693	dup:Гарбуз					
PLX-90026694	dup:Гарбуз					
PLX-90026695	dup:Гарбуз					
PLX-90026696	dup:Гарбуз					
PLX-90026697	dup:Гарбуз					
PLX-90026699	dup:Гарбуз					
PLX-90026700	dup:Гарбуз					
PLX-90026701	dup:Гарбуз					
PLX-90026702	dup:Гарбуз					
PLX-90026704	dup:Гарбуз					
PLX-90026705	dup:Гарбуз					
PLX-90026706	dup:Гарбуз					
PLX-90026707	dup:Гарбуз					
PLX-90026708	dup:Гарбуз					
PLX-90026709	dup:Гарбуз					
PLX-90026710	dup:Гарбуз					
PLX-90026711	dup:Гарбуз					
PLX-90026713	dup:Гарбуз					
PLX-90026715	dup:Гарбуз					
PLX-90026717	dup:Гарбуз					
PLX-90026718	dup:Гарбуз					
PLX-90026719	dup:Гарбуз					
PLX-90026720	dup:Гарбуз					prybutok
PLX-90026721	dup:Гарбуз					prybutok
PLX-90026722	dup:Гарбуз					prybutok
PLX-90026723	dup:Гарбуз					
PLX-90026724	dup:Гарбуз					
PLX-90026725	dup:Гарбуз					
PLX-90026726	dup:Гарбуз					
PLX-90026727	dup:Гарбуз					
PLX-90026728	dup:Гарбуз					
PLX-90026729	dup:Гарбуз					
PLX-90026730	dup:Гарбуз					
PLX-90026732	dup:Гарбуз					
PLX-90026733	dup:Гарбуз					
PLX-90026735	dup:Гарбуз					
PLX-90026736	dup:Едім		Shopping_ads	ne_v_nayavnosti		
PLX-90026737	dup:Гарбуз					
PLX-90026738	dup:Гарбуз					
PLX-90026739	dup:Гарбуз					
PLX-90026740	dup:Гарбуз					
PLX-90026741	dup:Гарбуз					
PLX-90026742	dup:Гарбуз					
PLX-90026743	dup:Гарбуз					
PLX-90026744	dup:Гарбуз					
PLX-90026746	dup:Гарбуз					
PLX-90026747	dup:Гарбуз					
PLX-90026748	dup:Гарбуз					
PLX-90026750	dup:Гарбуз					
PLX-90026752	dup:Гарбуз					
PLX-90026753	dup:Гарбуз					
PLX-90026754	dup:Гарбуз					
PLX-90026755	dup:Гарбуз					
PLX-90026756	dup:Гарбуз					
PLX-90026757	dup:Гарбуз					
PLX-90026758	dup:Гарбуз					
PLX-90026870	dup:Гарбуз					
PLX-90026871	dup:Гарбуз					
PLX-90026872	dup:Гарбуз					
PLX-90026873	dup:Гарбуз					
PLX-90026874	dup:Гарбуз					
PLX-90026875	dup:Гарбуз					
PLX-90026876	dup:Гарбуз					
PLX-90026877	dup:Гарбуз					
PLX-90026878	dup:Гарбуз					
PLX-90026879	dup:Гарбуз					
PLX-90026880	dup:Гарбуз					
PLX-90026881	dup:Гарбуз					
PLX-900440	dup:Едім		Shopping_ads	ne_v_nayavnosti		
PLX-900442	dup:Гарбуз					
PLX-900444	dup:Гарбуз					
PLX-901	dup:Гарбуз					
PLX-91	dup:Едім		Shopping_ads	ne_v_nayavnosti		
PLX-91662	dup:Гарбуз					
PLX-91681	dup:Гарбуз					
PLX-92174	dup:Гарбуз					
PLX-923	dup:Гарбуз					
PLX-924	dup:Гарбуз					
PLX-929	dup:Едім		Shopping_ads	ne_v_nayavnosti		
PLX-93641	dup:Гарбуз					
PLX-940002			Shopping_ads	ne_v_nayavnosti		
PLX-940004	dup:Гарбуз					
PLX-940006	dup:Гарбуз					
PLX-940008	dup:Гарбуз					
PLX-940022	dup:Гарбуз					
PLX-940026	dup:Гарбуз					
PLX-940027	dup:Едім		Shopping_ads	ne_v_nayavnosti		
PLX-940028	dup:Гарбуз					
PLX-940029	dup:Едім		Shopping_ads	ne_v_nayavnosti		
PLX-940030	dup:Гарбуз					
PLX-940031	dup:Гарбуз					
PLX-940036	dup:Гарбуз					
PLX-940037	dup:Гарбуз					
PLX-940038	dup:Гарбуз		Shopping_ads	ne_v_prajsi		
PLX-940039	dup:Гарбуз					
PLX-940040	dup:Гарбуз					
PLX-941	dup:Гарбуз					
PLX-950	dup:Гарбуз					
PLX-951345	dup:Гарбуз					
PLX-951346	dup:Гарбуз					
PLX-951347	dup:Гарбуз					
PLX-951348	dup:Едім		Shopping_ads	ne_v_nayavnosti		
PLX-951352	dup:Едім		Shopping_ads	ne_v_nayavnosti		
PLX-951353	dup:Гарбуз					
PLX-951354	dup:Едім		Shopping_ads	ne_v_nayavnosti		
PLX-951355	dup:Едім		Shopping_ads	ne_v_nayavnosti		
PLX-951362	dup:Едім		Shopping_ads	ne_v_nayavnosti		
PLX-951405	dup:Едім		Shopping_ads	ne_v_nayavnosti		
PLX-951406	dup:Гарбуз					
PLX-951425	dup:Гарбуз					
PLX-951431	dup:Гарбуз					
PLX-951432	dup:Едім		Shopping_ads	ne_v_nayavnosti		
PLX-951433	dup:Едім		Shopping_ads	ne_v_nayavnosti		
PLX-951434	dup:Гарбуз					
PLX-951436	dup:Гарбуз					
PLX-951437	dup:Гарбуз					
PLX-951438	dup:Едім		Shopping_ads	ne_v_nayavnosti		
PLX-951439	dup:Гарбуз					
PLX-951452	dup:Гарбуз					
PLX-951453	dup:Гарбуз					
PLX-951456	dup:Гарбуз					
PLX-951457	dup:Гарбуз					
PLX-951458	dup:Едім		Shopping_ads	ne_v_nayavnosti		
PLX-951459	dup:Гарбуз					
PLX-951483	dup:Гарбуз					
PLX-951484	dup:Гарбуз					
PLX-951485	dup:Едім		Shopping_ads	ne_v_nayavnosti		
PLX-951486	dup:Гарбуз					
PLX-951503	dup:Гарбуз					prybutok
PLX-951506	dup:Гарбуз					
PLX-951511	dup:Гарбуз		Shopping_ads	ne_v_prajsi		
PLX-951516	dup:Гарбуз					
PLX-951900	dup:Гарбуз					
PLX-951903	dup:Гарбуз					
PLX-951904	dup:Гарбуз					
PLX-951906	dup:Гарбуз					
PLX-954	dup:Гарбуз					
PLX-955	dup:Едім		Shopping_ads	ne_v_nayavnosti		
PLX-956	dup:Гарбуз					
PLX-9636	dup:Гарбуз					
PLX-965	dup:Гарбуз					
PLX-965080	dup:Гарбуз					
PLX-965081	dup:Гарбуз					
PLX-967	dup:Гарбуз					
PLX-968	dup:Гарбуз					
PLX-969	dup:Едім		Shopping_ads	ne_v_nayavnosti		
PLX-981	dup:Едім		Shopping_ads	ne_v_nayavnosti		
PLX-983	dup:Гарбуз					
PLX-98412	dup:Гарбуз					
PLX-98413	dup:Гарбуз					
PLX-985	dup:Гарбуз					
PLX-990	dup:Гарбуз					
PLX-A-0423	dup:Гарбуз					
PLX-AB-1272	dup:Едім		Shopping_ads	ne_v_nayavnosti		
PLX-AW-170141000	dup:Едім		Shopping_ads	ne_v_nayavnosti		
PLX-AW-170141500	dup:Гарбуз					
PLX-AW-17014800	dup:Гарбуз					
PLX-AW-170600	dup:Едім		Shopping_ads	ne_v_nayavnosti		
PLX-B2W, RAL8019	dup:Гарбуз					
PLX-B2W, RAL9005	dup:Гарбуз					
PLX-B2W, RAL9006	dup:Гарбуз					
PLX-B2W, RAL9016	dup:Гарбуз					
PLX-B3D, RAL8019	dup:Гарбуз					
PLX-B3D, RAL9006	dup:Гарбуз					
PLX-B3W, RAL8019	dup:Гарбуз					
PLX-B3W, RAL9005	dup:Гарбуз					
PLX-B3W, RAL9006	dup:Гарбуз					
PLX-B3W, RAL9016	dup:Гарбуз					
PLX-B4W, RAL8019	dup:Гарбуз					
PLX-B4W, RAL9005	dup:Гарбуз					
PLX-B4W, RAL9006	dup:Гарбуз					
PLX-B4W, RAL9016	dup:Гарбуз					
PLX-B5W, RAL8019	dup:Гарбуз					
PLX-B5W, RAL9005	dup:Гарбуз					
PLX-B5W, RAL9006	dup:Гарбуз					
PLX-B5W, RAL9016	dup:Гарбуз					
PLX-BC 2940	dup:Гарбуз					
PLX-BC2950	dup:Гарбуз					
PLX-BC2960	dup:Гарбуз					
PLX-BC2970	dup:Едім		Shopping_ads	ne_v_nayavnosti		
PLX-BK 28Z АВ	dup:Гарбуз		Shopping_ads	ne_v_nayavnosti		
PLX-BK16A BN/GP	dup:Гарбуз					
PLX-BK16Z АВ	dup:Гарбуз					
PLX-BMX-611			Shopping_ads	ne_v_nayavnosti		
PLX-BMX-613			Shopping_ads	ne_v_nayavnosti		
PLX-C-0416	dup:Гарбуз					
PLX-CL100200	dup:Гарбуз					
PLX-CL150200	dup:Гарбуз					
PLX-CL200200	dup:Гарбуз					
PLX-D-0030			Shopping_ads	ne_v_nayavnosti		
PLX-D-0031	dup:Гарбуз					
PLX-D-0032	dup:Гарбуз					
PLX-D-03-101	dup:Едім		Shopping_ads	ne_v_nayavnosti		
PLX-D-03-102	dup:Гарбуз					
PLX-D-03-103	dup:Гарбуз		Shopping_ads	ne_v_prajsi		
PLX-D-03-104	dup:Гарбуз					
PLX-DM 005-001	dup:Гарбуз					
PLX-DM-101	dup:Гарбуз					
PLX-DM-102	dup:Гарбуз					
PLX-DM-103	dup:Гарбуз					
PLX-DM-104	dup:Гарбуз					
PLX-DM-105	dup:Гарбуз					
PLX-DM-106	dup:Гарбуз					
PLX-DM-151	dup:Гарбуз					
PLX-DM-152	dup:Едім		Shopping_ads	ne_v_nayavnosti		
PLX-DM-154	dup:Гарбуз					
PLX-E-02-101	dup:Гарбуз					
PLX-ES-1030	dup:Едім		Shopping_ads	ne_v_nayavnosti		
PLX-ES-1040	dup:Едім		Shopping_ads	ne_v_nayavnosti		
PLX-FL 1550L	dup:Гарбуз					
PLX-FL1540	dup:Гарбуз					
PLX-FL1550	dup:Гарбуз					
PLX-FL1565	dup:Гарбуз					
PLX-FL1565L	dup:Гарбуз					
PLX-FP-0022	dup:Гарбуз					
PLX-FP-0417	dup:Гарбуз					
PLX-FP-0568	dup:Гарбуз					
PLX-FP-0569	dup:Гарбуз					prybutok
PLX-FRS-0472	dup:Гарбуз					prybutok
PLX-FU-0419	dup:Едім		Shopping_ads	ne_v_nayavnosti		
PLX-FU-0421	dup:Едім		Shopping_ads	ne_v_nayavnosti		
PLX-G00316	dup:Гарбуз					
PLX-G00387	dup:Гарбуз					
PLX-GF-0422	dup:Гарбуз		Shopping_ads	ne_v_prajsi		
PLX-GF-0517	dup:Гарбуз					
PLX-GR 38	dup:Гарбуз					
PLX-GR 50	dup:Гарбуз					
PLX-GR 50 - L	dup:Гарбуз					
PLX-GR 60 - L	dup:Гарбуз					
PLX-GR 63	dup:Гарбуз					
PLX-GR 75	dup:Гарбуз					
PLX-H-42CP-L	dup:Гарбуз					
PLX-H464	dup:Гарбуз					
PLX-H465	dup:Гарбуз					
PLX-H466	dup:Гарбуз					
PLX-HA40	dup:Гарбуз					
PLX-HA50	dup:Гарбуз					
PLX-HA60	dup:Гарбуз					
PLX-HA70	dup:Гарбуз					
PLX-HK3030SN	dup:Гарбуз					
PLX-HK3030TBR	dup:Гарбуз					
PLX-HK3030TSN	dup:Гарбуз					
PLX-HK3040SN	dup:Гарбуз					
PLX-HK3040TSN	dup:Гарбуз					
PLX-HK3050SN	dup:Гарбуз					
PLX-HK3050TSN	dup:Гарбуз					
PLX-HK3060SN	dup:Гарбуз					
PLX-HK3535SN	dup:Гарбуз					
PLX-HK3535TSN	dup:Гарбуз					
PLX-HK3545SN	dup:Гарбуз					
PLX-HK3545TSN	dup:Гарбуз					
PLX-HK3555SN	dup:Гарбуз					
PLX-HK3555TSN	dup:Гарбуз					
PLX-HK4030TSN	dup:Едім		Shopping_ads	ne_v_nayavnosti		
PLX-HK4040SN	dup:Гарбуз					
PLX-HK4040TSN	dup:Гарбуз					
PLX-HK4050TSN	dup:Едім		Shopping_ads	ne_v_nayavnosti		
PLX-HK4055TSN	dup:Гарбуз					
PLX-HK4060TSN	dup:Гарбуз					
PLX-HK4545SN	dup:Гарбуз					
PLX-HK4545TSN	dup:Гарбуз					
PLX-HK4550TSN	dup:Гарбуз					
PLX-HK5030TSN	dup:Гарбуз					
PLX-HK5040SN	dup:Гарбуз					
PLX-HK5040TSN	dup:Едім		Shopping_ads	ne_v_nayavnosti		
PLX-HK5045SN	dup:Едім		Shopping_ads	ne_v_nayavnosti		
PLX-HK5045TSN	dup:Гарбуз					
PLX-HK5050SN	dup:Гарбуз					
PLX-HK5540TSN	dup:Гарбуз					
PLX-HK5555SN	dup:Гарбуз					
PLX-HK5555TSN	dup:Едім		Shopping_ads	ne_v_nayavnosti		
PLX-HK6030TSN	dup:Гарбуз					
PLX-HK6040BR	dup:Едім		Shopping_ads	ne_v_nayavnosti		
PLX-HK6040SN	dup:Едім		Shopping_ads	ne_v_nayavnosti		
PLX-HK6040TBR	dup:Гарбуз					
PLX-HK6060SN	dup:Гарбуз					
PLX-HRS-0413	dup:Гарбуз					
PLX-HT-066-020	dup:Гарбуз		Shopping_ads	season_off		
PLX-HT-066-025	dup:Гарбуз		Shopping_ads	season_off		
PLX-HT-066-030	dup:Гарбуз		Shopping_ads	ne_v_nayavnosti		
PLX-HT-11-293	dup:Гарбуз		Shopping_ads	season_off		
PLX-HT-11-294	dup:Гарбуз		Shopping_ads	season_off		
PLX-HT-11-295	dup:Гарбуз		Shopping_ads	season_off		
PLX-HT-17-201	dup:Гарбуз					
PLX-HT-17-202	dup:Гарбуз					
PLX-HT-17-203	dup:Гарбуз					
PLX-HT-17-204	dup:Гарбуз					
PLX-HT-17-205	dup:Гарбуз					prybutok
PLX-HT-17-206	dup:Гарбуз					
PLX-HT-17-402	dup:Гарбуз					
PLX-HT-17-403	dup:Гарбуз					
PLX-HT-17-404	dup:Гарбуз					
PLX-HT-17-405	dup:Гарбуз					
PLX-HT-17-406	dup:Гарбуз					prybutok
PLX-HT-17-407	dup:Гарбуз					
PLX-HT-17-505	dup:Гарбуз					prybutok
PLX-HT-17-602	dup:Гарбуз					
PLX-HT-17-603	dup:Гарбуз					
PLX-HT-17-604	dup:Едім		Shopping_ads	ne_v_nayavnosti		
PLX-HT-17-605	dup:Гарбуз					
PLX-HT-17-701	dup:Гарбуз					
PLX-HT-17-703	dup:Гарбуз		Shopping_ads	ne_v_prajsi		
PLX-HT-17-704	dup:Гарбуз					
PLX-HT-17-901	dup:Гарбуз					
PLX-HT-17-902	dup:Гарбуз					
PLX-HT-17-903	dup:Гарбуз					
PLX-HT-17-904	dup:Гарбуз					
PLX-HT-17-905	dup:Гарбуз					prybutok
PLX-HT-17-906	dup:Гарбуз					
PLX-HT-19-003	dup:Гарбуз					
PLX-HT-21-030	dup:Гарбуз					
PLX-HT-21-040	dup:Гарбуз					
PLX-HT-21-100	dup:Гарбуз					
PLX-HT-21-102	dup:Гарбуз					
PLX-HT-21-103	dup:Гарбуз					
PLX-HT-21-108	dup:Гарбуз					
PLX-HT-21-109	dup:Гарбуз					
PLX-HT-21-110	dup:Гарбуз					
PLX-HT-21-111	dup:Гарбуз					
PLX-HT-21-112	dup:Гарбуз					
PLX-HT-21-113	dup:Гарбуз					
PLX-HT-21-114	dup:Гарбуз					
PLX-HT-21-116	dup:Гарбуз					
PLX-HT-21-117	dup:Гарбуз					
PLX-HT-21-118	dup:Гарбуз					
PLX-HT-21-119	dup:Гарбуз					
PLX-HT-21-120	dup:Гарбуз					
PLX-HT-21-121	dup:Гарбуз					
PLX-HT-21-129	dup:Гарбуз					
PLX-HT-21-130	dup:Гарбуз					
PLX-HT-21-131	dup:Гарбуз					
PLX-HT-21-203	dup:Гарбуз					
PLX-HT-21-204	dup:Гарбуз					
PLX-HT-21-205	dup:Гарбуз					
PLX-HT-21-206	dup:Гарбуз					
PLX-HT-21-207	dup:Гарбуз					
PLX-HT-21-208	dup:Гарбуз					
PLX-HT-21-209	dup:Гарбуз					
PLX-HT-21-210	dup:Гарбуз					
PLX-HT-21-227	dup:Гарбуз					
PLX-HT-21-228	dup:Гарбуз					
PLX-HT-21-229	dup:Гарбуз					
PLX-HT-21-230	dup:Гарбуз					
PLX-HT-21-255	dup:Гарбуз					
PLX-HT-21-305	dup:Гарбуз					
PLX-HT-21-306	dup:Гарбуз					
PLX-HT-21-307	dup:Гарбуз					
PLX-HT-21-308	dup:Гарбуз					prybutok
PLX-HT-21-309	dup:Гарбуз					
PLX-HT-21-310	dup:Гарбуз					
PLX-HT-21-311	dup:Гарбуз					
PLX-HT-21-312	dup:Гарбуз					
PLX-HT-21-313	dup:Гарбуз					
PLX-HT-21-314	dup:Гарбуз					
PLX-HT-21-315	dup:Гарбуз					
PLX-HT-22-003	dup:Едім		Shopping_ads	ne_v_nayavnosti		
PLX-HT-23-005	dup:Гарбуз					
PLX-HT-23-020	dup:Гарбуз					
PLX-HT-31-010	dup:Гарбуз					
PLX-HT-31-011	dup:Гарбуз					
PLX-HT-31-012	dup:Гарбуз					
PLX-HT-31-013	dup:Гарбуз					
PLX-HT-31-014	dup:Гарбуз					
PLX-HT-31-018	dup:Гарбуз					
PLX-HT-31-022	dup:Гарбуз					
PLX-HT-31-026	dup:Гарбуз					
PLX-HT-31-027	dup:Гарбуз					
PLX-HT-31-028	dup:Гарбуз					
PLX-HT-33-001	dup:Едім		Shopping_ads	ne_v_nayavnosti		
PLX-HT-33-008	dup:Гарбуз					
PLX-HT-36-007	dup:Гарбуз					
PLX-HT-36-012	dup:Гарбуз					
PLX-HT-37-006	dup:Гарбуз					
PLX-HT-37-007	dup:Гарбуз					
PLX-HT-37-008	dup:Гарбуз					
PLX-HT-37-009	dup:Гарбуз		Shopping_ads	ne_v_nayavnosti		
PLX-HT-42-001	dup:Гарбуз					
PLX-HT-42-002	dup:Едім		Shopping_ads	ne_v_nayavnosti		
PLX-HT-42-003	dup:Гарбуз					
PLX-HT-42-101	dup:Гарбуз					
PLX-HT-42-102	dup:Едім		Shopping_ads	ne_v_nayavnosti		
PLX-HT-42-103	dup:Гарбуз					
PLX-HT-42-201	dup:Гарбуз					prybutok
PLX-HT-42-202	dup:Гарбуз					prybutok
PLX-HT-42-203	dup:Гарбуз					
PLX-HT-42-301	dup:Гарбуз					
PLX-HT-42-303	dup:Едім		Shopping_ads	ne_v_nayavnosti		prybutok
PLX-HT-42-305	dup:Гарбуз					
PLX-HT-42-306	dup:Гарбуз					prybutok
PLX-HT-45-150	dup:Гарбуз					
PLX-HT-45-151	dup:Гарбуз					
PLX-HT-45-152	dup:Гарбуз					
PLX-HT-45-201	dup:Гарбуз					
PLX-HT-45-202	dup:Гарбуз					
PLX-HT-45-203	dup:Гарбуз					
PLX-HT-45-204	dup:Гарбуз					
PLX-HT-45-205	dup:Гарбуз					
PLX-HT-45-206	dup:Гарбуз					
PLX-HT-45-207	dup:Гарбуз					
PLX-HT-45-211	dup:Гарбуз					
PLX-HT-45-411	dup:Гарбуз					
PLX-HT-45-412	dup:Гарбуз					
PLX-HT-45-415	dup:Гарбуз					
PLX-HT-45-416	dup:Гарбуз					
PLX-HT-45-531	dup:Едім		Shopping_ads	ne_v_nayavnosti		
PLX-HT-45-532	dup:Гарбуз		Shopping_ads	season_off		
PLX-HT-45-541	dup:Гарбуз		Shopping_ads	ne_v_nayavnosti		
PLX-HT-45-551	dup:Гарбуз		Shopping_ads	season_off		
PLX-HT-45-552	dup:Гарбуз		Shopping_ads	season_off		
PLX-HT-45-700	dup:Едім		Shopping_ads	ne_v_nayavnosti		
PLX-HT-45-701	dup:Гарбуз		Shopping_ads	season_off		
PLX-HT-45-702	dup:Гарбуз		Shopping_ads	season_off		
PLX-HT-45-703	dup:Гарбуз		Shopping_ads	season_off		
PLX-HT-45-704	dup:Гарбуз		Shopping_ads	season_off		
PLX-HT-45-705	dup:Гарбуз		Shopping_ads	season_off		
PLX-HT-45-706	dup:Гарбуз		Shopping_ads	season_off		
PLX-HT-45-707	dup:Гарбуз		Shopping_ads	season_off		
PLX-HT-45-708	dup:Гарбуз					
PLX-HT-45-709	dup:Гарбуз					
PLX-HT-45-711	dup:Гарбуз		Shopping_ads	season_off		
PLX-HT-45-712	dup:Гарбуз		Shopping_ads	season_off		
PLX-HT-45-720	dup:Гарбуз		Shopping_ads	season_off		
PLX-HT-45-721	dup:Гарбуз		Shopping_ads	season_off		
PLX-HT-45-722	dup:Гарбуз		Shopping_ads	season_off		
PLX-HT-45-723	dup:Гарбуз		Shopping_ads	season_off		
PLX-HT-45-730	dup:Гарбуз		Shopping_ads	season_off		
PLX-HT-45-731	dup:Гарбуз		Shopping_ads	season_off		
PLX-HT-45-732	dup:Гарбуз		Shopping_ads	season_off		
PLX-HT-45-737	dup:Гарбуз		Shopping_ads	season_off		
PLX-HT-45-738	dup:Гарбуз		Shopping_ads	season_off		
PLX-HT-45-740	dup:Гарбуз		Shopping_ads	season_off		
PLX-HT-45-741	dup:Гарбуз		Shopping_ads	season_off		
PLX-HT-45-742	dup:Гарбуз		Shopping_ads	season_off		
PLX-HT-45-743	dup:Гарбуз		Shopping_ads	season_off		
PLX-HT-45-745	dup:Гарбуз		Shopping_ads	season_off		
PLX-HT-45-751	dup:Гарбуз		Shopping_ads	season_off		
PLX-HT-45-752	dup:Гарбуз		Shopping_ads	season_off		
PLX-HT-46-001	dup:Гарбуз					
PLX-HT-46-002	dup:Гарбуз					
PLX-HT-46-004	dup:Едім		Shopping_ads	ne_v_nayavnosti		
PLX-HT-80201	dup:Гарбуз					
PLX-HT-80204	dup:Гарбуз					
PLX-HT-80206	dup:Гарбуз					
PLX-HT-80226	dup:Гарбуз					
PLX-IT-10062	dup:Гарбуз					
PLX-IT-10063	dup:Гарбуз					
PLX-IT-10064	dup:Гарбуз					
PLX-IT-10065	dup:Гарбуз					
PLX-IT-20123	dup:Гарбуз					
PLX-IT-20124	dup:Гарбуз					
PLX-IT-20125	dup:Гарбуз					
PLX-IT-20126	dup:Гарбуз					
PLX-IT-25152	dup:Гарбуз					
PLX-IT-30185	dup:Гарбуз					
PLX-K-120*75-AB-R	dup:Гарбуз					
PLX-K078158	dup:Гарбуз					
PLX-K078159	dup:Гарбуз					
PLX-K17353	dup:Гарбуз					
PLX-K17357	dup:Гарбуз					
PLX-K17358	dup:Гарбуз					
PLX-K17378	dup:Гарбуз					
PLX-K84072	dup:Гарбуз					
PLX-K84073	dup:Гарбуз					
PLX-K84088	dup:Гарбуз					
PLX-K84089	dup:Гарбуз					
PLX-K84090	dup:Едім		Shopping_ads	ne_v_nayavnosti		
PLX-LD-0394	dup:Гарбуз					prybutok
PLX-LN-0413	dup:Гарбуз					
PLX-LN-0428	dup:Гарбуз					
PLX-LN-0429	dup:Гарбуз					
PLX-LN-0581	dup:Гарбуз					
PLX-LN-0582	dup:Гарбуз		Shopping_ads	ne_v_prajsi		
PLX-LN-0583	dup:Гарбуз					
PLX-LN-0586	dup:Гарбуз					
PLX-LXCP40	dup:Гарбуз					
PLX-LXCP50	dup:Едім		Shopping_ads	ne_v_nayavnosti		
PLX-LXCP60	dup:Гарбуз					
PLX-LXCP60L	dup:Гарбуз					
PLX-LXCP70	dup:Гарбуз					
PLX-M-03-107	dup:Гарбуз					
PLX-M-04-103			Shopping_ads	ne_v_nayavnosti		
PLX-M-04-104			Shopping_ads	ne_v_nayavnosti		
PLX-M-04-106	dup:Гарбуз					
PLX-M-04-113	dup:Едім		Shopping_ads	ne_v_nayavnosti		
PLX-M-180	dup:Гарбуз		Shopping_ads	season_off		
PLX-M-37.5M2	dup:Гарбуз		Shopping_ads	season_off		
PLX-M100L/R	dup:Гарбуз					
PLX-M15M	dup:Гарбуз		Shopping_ads	season_off		
PLX-M189 5кл	dup:Гарбуз					
PLX-M22M	dup:Гарбуз		Shopping_ads	season_off		
PLX-M30M	dup:Гарбуз		Shopping_ads	season_off		
PLX-M45M	dup:Гарбуз		Shopping_ads	season_off		
PLX-M45M2	dup:Гарбуз		Shopping_ads	season_off		
PLX-M60M	dup:Гарбуз		Shopping_ads	season_off		
PLX-M60M2	dup:Гарбуз		Shopping_ads	season_off		
PLX-M60k3	dup:Гарбуз					
PLX-M60М k5	dup:Гарбуз					
PLX-M706	dup:Гарбуз					
PLX-M70k3	dup:Гарбуз					
PLX-M75M	dup:Гарбуз		Shopping_ads	season_off		
PLX-N-03-101	dup:Гарбуз					
PLX-N427	dup:Гарбуз					
PLX-N961	dup:Гарбуз					
PLX-N963	dup:Гарбуз					
PLX-N965	dup:Гарбуз					
PLX-NI-1094 WN-6	dup:Гарбуз					
PLX-NI-1108 WN-6	dup:Гарбуз					
PLX-NK-108	dup:Гарбуз		Shopping_ads	ne_v_prajsi		
PLX-NK-112	dup:Гарбуз		Shopping_ads	ne_v_prajsi		
PLX-NL20	dup:Гарбуз					
PLX-NXBA2A-2S	dup:Гарбуз					
PLX-NXBA2A-4S	dup:Гарбуз					
PLX-NXBA3A-2B	dup:Гарбуз					
PLX-NXBA3A-2S	dup:Гарбуз					
PLX-NXBA3A-4B	dup:Гарбуз					
PLX-NXBA3A-4S	dup:Гарбуз					
PLX-PL 32-H14 AB	dup:Гарбуз		Shopping_ads	ne_v_prajsi		
PLX-PL 32-H14 BN/GP	dup:Гарбуз					
PLX-PL 32-H14 SN/СР	dup:Гарбуз		Shopping_ads	ne_v_prajsi		
PLX-PVC 55	dup:Гарбуз					
PLX-PVC 70	dup:Гарбуз					
PLX-Q-07-103	dup:Гарбуз					
PLX-Q-80-120	dup:Гарбуз					
PLX-R-0023	dup:Едім		Shopping_ads	ne_v_nayavnosti		
PLX-R-0024	dup:Гарбуз					
PLX-R-0025			Shopping_ads	ne_v_nayavnosti		
PLX-R-0026	dup:Гарбуз					
PLX-R-0027	dup:Гарбуз					
PLX-R-0051	dup:Гарбуз					
PLX-R-0052	dup:Гарбуз					
PLX-R-0053	dup:Гарбуз					
PLX-R-0080	dup:Гарбуз					
PLX-R-0082	dup:Гарбуз					
PLX-R-0084	dup:Гарбуз					
PLX-R-0085	dup:Едім		Shopping_ads	ne_v_nayavnosti		
PLX-R-0086	dup:Гарбуз					
PLX-R-0087	dup:Гарбуз					
PLX-R-0088	dup:Гарбуз					
PLX-R-0089	dup:Гарбуз					
PLX-R-01-201	dup:Гарбуз					
PLX-R-01-203	dup:Гарбуз					
PLX-R-01-401	dup:Гарбуз					
PLX-R-01-403	dup:Гарбуз					
PLX-R-0127	dup:Гарбуз					
PLX-R-0128	dup:Едім		Shopping_ads	ne_v_nayavnosti		
PLX-R-0129	dup:Едім		Shopping_ads	ne_v_nayavnosti		
PLX-R-0130	dup:Гарбуз					
PLX-R-0131	dup:Едім		Shopping_ads	ne_v_nayavnosti		
PLX-R-0132	dup:Гарбуз					
PLX-R-0143	dup:Гарбуз					
PLX-R-0145	dup:Гарбуз					
PLX-R-0223	dup:Гарбуз					
PLX-R-0250	dup:Едім		Shopping_ads	ne_v_nayavnosti		
PLX-R-0256	dup:Едім		Shopping_ads	ne_v_nayavnosti		
PLX-R-0260	dup:Гарбуз					
PLX-R-0262	dup:Гарбуз					
PLX-R-0264	dup:Гарбуз					
PLX-R-0266	dup:Гарбуз					
PLX-R-0271	dup:Гарбуз					
PLX-R-0272	dup:Гарбуз					
PLX-R-0273	dup:Гарбуз					prybutok
PLX-R-0280	dup:Гарбуз					
PLX-R-0305	dup:Едім		Shopping_ads	ne_v_nayavnosti		
PLX-R-0318	dup:Едім		Shopping_ads	ne_v_nayavnosti		
PLX-R-0362	dup:Гарбуз					prybutok
PLX-R-0363	dup:Гарбуз					prybutok
PLX-R-0393	dup:Гарбуз					
PLX-R-0395	dup:Гарбуз					
PLX-R-0398	dup:Гарбуз					
PLX-R-0401	dup:Гарбуз					
PLX-R-0494	dup:Гарбуз					
PLX-R-0496	dup:Гарбуз					
PLX-R-0497	dup:Гарбуз					
PLX-R-0501	dup:Гарбуз					
PLX-R-0512	dup:Гарбуз					prybutok
PLX-R-0513	dup:Гарбуз					
PLX-R-0582	dup:Едім		Shopping_ads	ne_v_nayavnosti		
PLX-R-0588	dup:Гарбуз					
PLX-R-0589	dup:Гарбуз					
PLX-R-0590	dup:Гарбуз					
PLX-R-0591	dup:Гарбуз					
PLX-R-0592	dup:Гарбуз					
PLX-R-0596	dup:Гарбуз					
PLX-R-0597	dup:Гарбуз					
PLX-R-0598	dup:Гарбуз					
PLX-R-0599	dup:Гарбуз					
PLX-R-0600	dup:Гарбуз					
PLX-R-0601	dup:Гарбуз					
PLX-R-0602	dup:Гарбуз					
PLX-R-0603	dup:Гарбуз					
PLX-R-0604	dup:Гарбуз					
PLX-R-0729	dup:Гарбуз					
PLX-R-0808	dup:Гарбуз					
PLX-R-0813	dup:Гарбуз					
PLX-R-0815	dup:Гарбуз					
PLX-R-0876	dup:Едім		Shopping_ads	ne_v_nayavnosti		
PLX-R-0909	dup:Гарбуз					
PLX-R-0910	dup:Гарбуз					
PLX-R-0911	dup:Гарбуз					
PLX-R-0912	dup:Гарбуз					
PLX-R-0913	dup:Гарбуз					
PLX-R-0914	dup:Гарбуз					
PLX-R-0915	dup:Гарбуз					
PLX-R-0948	dup:Едім		Shopping_ads	ne_v_nayavnosti		
PLX-R-0949	dup:Гарбуз					
PLX-R-12-005	dup:Гарбуз					
PLX-RS-0656	dup:Едім		Shopping_ads	ne_v_nayavnosti		
PLX-RS-0659	dup:Гарбуз					
PLX-S28Z  LP 04-H20 АВ	dup:Едім		Shopping_ads	ne_v_nayavnosti		
PLX-S312-Б	dup:Гарбуз					
PLX-S312-П	dup:Гарбуз		Shopping_ads	ne_v_prajsi		
PLX-SKK-210312	dup:Гарбуз					
PLX-SL1540	dup:Гарбуз					
PLX-SL1550	dup:Гарбуз					
PLX-SL1550L	dup:Гарбуз					
PLX-SL1565	dup:Гарбуз					
PLX-SL1565L	dup:Гарбуз					
PLX-SRF2740	dup:Гарбуз					
PLX-SRF2750	dup:Гарбуз					
PLX-SRF2760	dup:Гарбуз					
PLX-SRF2770	dup:Гарбуз					
PLX-SS-0424	dup:Гарбуз					
PLX-SS-0425	dup:Гарбуз					
PLX-SS-0518	dup:Едім		Shopping_ads	ne_v_nayavnosti		
PLX-SS-0602	dup:Гарбуз		Shopping_ads	ne_v_prajsi		
PLX-SS-0603	dup:Гарбуз					
PLX-SS-0617	dup:Гарбуз					
PLX-SS-0619	dup:Гарбуз					
PLX-SS-0620	dup:Гарбуз					
PLX-ST9250	dup:Гарбуз					
PLX-ST9260	dup:Гарбуз					
PLX-ST9270	dup:Гарбуз					
PLX-ST9280	dup:Гарбуз					
PLX-ST9870	dup:Гарбуз					prybutok
PLX-ST9880	dup:Гарбуз					
PLX-SU-0427	dup:Гарбуз					
PLX-T-1272-TS	dup:Гарбуз					
PLX-T40	dup:Гарбуз					
PLX-T50	dup:Едім		Shopping_ads	ne_v_nayavnosti		
PLX-TW-0006	dup:Гарбуз					prybutok
PLX-TW-0008	dup:Гарбуз					
PLX-TW-0010	dup:Гарбуз					
PLX-TW-0012	dup:Едім		Shopping_ads	ne_v_nayavnosti		
PLX-TW-2008	dup:Едім		Shopping_ads	ne_v_nayavnosti		
PLX-TW-2106	dup:Гарбуз					
PLX-WL1003	dup:Гарбуз					
PLX-WL101	dup:Гарбуз					
PLX-WL1013	dup:Гарбуз					
PLX-WL1016	dup:Гарбуз					
PLX-WL1019	dup:Гарбуз					
PLX-WL102	dup:Гарбуз					prybutok
PLX-WL1036	dup:Гарбуз		Shopping_ads	ne_v_prajsi		
PLX-WL104	dup:Гарбуз					prybutok
PLX-WL111	dup:Гарбуз					
PLX-WL121	dup:Гарбуз					
PLX-WL122	dup:Гарбуз					prybutok
PLX-WL124	dup:Гарбуз					
PLX-WL131	dup:Гарбуз					
PLX-WL132	dup:Гарбуз					
PLX-WL135	dup:Гарбуз		Shopping_ads	ne_v_prajsi		
PLX-WL136	dup:Гарбуз					
PLX-WL137	dup:Гарбуз					
PLX-WL140	dup:Гарбуз					prybutok
PLX-WL141	dup:Гарбуз					
PLX-WL142	dup:Гарбуз					
PLX-WL143	dup:Гарбуз					
PLX-WL145	dup:Гарбуз		Shopping_ads	ne_v_prajsi		
PLX-WL150	dup:Гарбуз					
PLX-WL151	dup:Гарбуз					
PLX-WL2004	dup:Гарбуз					
PLX-WL3002	dup:Гарбуз					
PLX-WL3005	dup:Гарбуз					prybutok
PLX-WL3020	dup:Гарбуз					
PLX-WL4003	dup:Гарбуз					
PLX-WL4008	dup:Гарбуз					
PLX-WL5012	dup:Гарбуз					
PLX-WL5013	dup:Гарбуз					
PLX-WL5017	dup:Гарбуз					
PLX-WL6005	dup:Гарбуз					
PLX-WL6009	dup:Гарбуз					prybutok
PLX-WL6029	dup:Гарбуз					
PLX-WL7011	dup:Гарбуз					
PLX-WL7016			Shopping_ads	ne_v_nayavnosti		
PLX-WL7035	dup:Гарбуз					
PLX-WL8014	dup:Гарбуз					
PLX-WL8017	dup:Гарбуз					
PLX-WL9005	dup:Гарбуз					
PLX-WL9005m	dup:Гарбуз					
PLX-WL9006	dup:Гарбуз					
PLX-WL9010	dup:Гарбуз					
PLX-WL9010m	dup:Гарбуз					
PLX-WR444100	dup:Гарбуз					
PLX-А-0258	dup:Гарбуз					
PLX-А-0564(чорне)	dup:Гарбуз					
PLX-А0000018351	dup:Гарбуз					prybutok
PLX-А0000018404	dup:Гарбуз		Shopping_ads	ne_v_prajsi		
PLX-А0000019665	dup:Гарбуз					
PLX-А0000019683	dup:Гарбуз					
PLX-А0000019687	dup:Гарбуз					
PLX-А0000019688	dup:Гарбуз					
PLX-А0022206	dup:Гарбуз					
PLX-А0022207	dup:Гарбуз					
PLX-А0022211	dup:Гарбуз					
PLX-А0023094	dup:Гарбуз					
PLX-А0023495	dup:Гарбуз					
PLX-А0023659	dup:Гарбуз					
PLX-А0024147			Shopping_ads	ne_v_nayavnosti		
PLX-А0024149	dup:Гарбуз					
PLX-А0024205	dup:Едім		Shopping_ads	ne_v_nayavnosti		
PLX-А0024732	dup:Гарбуз					
PLX-А0024733	dup:Гарбуз					
PLX-А0025085	dup:Гарбуз					
PLX-А0025088	dup:Гарбуз					
PLX-А0025089	dup:Гарбуз					
PLX-А0025091	dup:Гарбуз					
PLX-А0025092	dup:Гарбуз					
PLX-А0025148	dup:Гарбуз					prybutok
PLX-А0025183	dup:Гарбуз					
PLX-А0025184	dup:Гарбуз					
PLX-А0025185	dup:Гарбуз					
PLX-А0025203	dup:Гарбуз					
PLX-А0025205	dup:Гарбуз					
PLX-А0025213	dup:Гарбуз					
PLX-А0025252	dup:Гарбуз					
PLX-А0025253	dup:Гарбуз					
PLX-А0025254	dup:Гарбуз					
PLX-А0025259	dup:Едім		Shopping_ads	ne_v_nayavnosti		
PLX-А0025263	dup:Гарбуз					
PLX-А0025340	dup:Гарбуз					
PLX-А0025341	dup:Гарбуз					
PLX-А0025349	dup:Гарбуз					
PLX-А0025350	dup:Гарбуз					
PLX-А0025351	dup:Гарбуз					
PLX-А0025352	dup:Гарбуз					
PLX-А0025353	dup:Гарбуз					
PLX-А0025354	dup:Гарбуз					
PLX-А0025355	dup:Гарбуз					
PLX-А0025356	dup:Гарбуз					
PLX-А0025357	dup:Гарбуз					
PLX-А0025358	dup:Гарбуз					
PLX-А0025359	dup:Гарбуз					
PLX-А0025360	dup:Гарбуз					
PLX-А0025361	dup:Гарбуз					
PLX-А0025437	dup:Гарбуз		Shopping_ads	ne_v_prajsi		
PLX-А0025438	dup:Гарбуз		Shopping_ads	ne_v_prajsi		
PLX-А0025455	dup:Гарбуз					
PLX-А0025456	dup:Гарбуз					
PLX-А0025457	dup:Гарбуз					
PLX-А0025458	dup:Гарбуз					
PLX-А0025459	dup:Гарбуз					
PLX-А0025460	dup:Гарбуз					
PLX-А0025461	dup:Гарбуз					
PLX-А0025462	dup:Гарбуз					
PLX-А0025463	dup:Гарбуз					
PLX-А0025464	dup:Гарбуз					
PLX-А0025465	dup:Гарбуз					
PLX-А0025466	dup:Гарбуз					
PLX-А0025467	dup:Гарбуз					
PLX-А0025468	dup:Гарбуз					
PLX-А0025469	dup:Гарбуз					
PLX-А0025470	dup:Гарбуз					
PLX-А0025471	dup:Гарбуз					
PLX-А0025482	dup:Гарбуз					
PLX-А0025483	dup:Гарбуз					
PLX-А0025495	dup:Гарбуз					
PLX-А0025496	dup:Едім		Shopping_ads	ne_v_nayavnosti		
PLX-А0025497	dup:Гарбуз					
PLX-А0025505	dup:Едім		Shopping_ads	ne_v_nayavnosti		
PLX-А0025507			Shopping_ads	ne_v_nayavnosti		
PLX-А0025508	dup:Гарбуз					
PLX-А0025509	dup:Гарбуз					
PLX-А0025549	dup:Едім		Shopping_ads	ne_v_nayavnosti		
PLX-А0025562	dup:Гарбуз					
PLX-А0025563	dup:Гарбуз					
PLX-А0025580	dup:Гарбуз					
PLX-А0025581	dup:Гарбуз					
PLX-А0025582	dup:Гарбуз					
PLX-А0025583	dup:Гарбуз		Shopping_ads	ne_v_prajsi		
PLX-А0025584	dup:Гарбуз					
PLX-А0025588	dup:Гарбуз					prybutok
PLX-А0025626	dup:Гарбуз					
PLX-А0025662	dup:Гарбуз					
PLX-А0025663	dup:Гарбуз					
PLX-А0025664	dup:Гарбуз					
PLX-А0025665	dup:Гарбуз					
PLX-А0025676	dup:Гарбуз					
PLX-А0025678	dup:Гарбуз					
PLX-А0025679	dup:Гарбуз					
PLX-А0025680	dup:Гарбуз					
PLX-А0025681	dup:Гарбуз					
PLX-А0025682	dup:Гарбуз					
PLX-А0025687	dup:Едім		Shopping_ads	ne_v_nayavnosti		
PLX-А0025697	dup:Гарбуз					
PLX-А0025761	dup:Гарбуз					
PLX-А0025817	dup:Гарбуз					prybutok
PLX-А0025833	dup:Гарбуз					
PLX-А0025834	dup:Едім		Shopping_ads	ne_v_nayavnosti		
PLX-А0025835	dup:Едім		Shopping_ads	ne_v_nayavnosti		
PLX-В10-120K	dup:Гарбуз					
PLX-В8-120	dup:Гарбуз					
PLX-В8-65	dup:Гарбуз					
PLX-В8-65K	dup:Гарбуз					
PLX-В8-80	dup:Гарбуз					
PLX-ВP 04-Н6 BB(SN)	dup:Гарбуз					
PLX-ВН 04-H39 BN/GР	dup:Едім		Shopping_ads	ne_v_nayavnosti		
PLX-ВН 04-H39 SN/GР	dup:Гарбуз					
PLX-ВН 04-H53 BN/GP	dup:Гарбуз					
PLX-ВН 04-Н50 SN/CP	dup:Гарбуз					
PLX-ВН 04-Н52 АВ	dup:Гарбуз					
PLX-ВН 04-Н53 АВ	dup:Гарбуз					
PLX-ВН 04-Н54 SN/СР	dup:Гарбуз					
PLX-ВС2-10	dup:Гарбуз					
PLX-ВС2-2А	dup:Гарбуз					
PLX-ЗВС-12	dup:Едім		Shopping_ads	ne_v_nayavnosti		
PLX-ЗКП2-40	dup:Гарбуз	ads_zero				stop
PLX-ЗН-6	dup:Едім		Shopping_ads	ne_v_nayavnosti		
PLX-ЗН-8	dup:Едім		Shopping_ads	ne_v_nayavnosti		
PLX-К18201	dup:Гарбуз					
PLX-К84079	dup:Гарбуз					
PLX-К90148	dup:Гарбуз					
PLX-КР-16714	dup:Едім		Shopping_ads	ne_v_nayavnosti		
PLX-КТ-1272	dup:Гарбуз					
PLX-М-131СК	dup:Едім		Shopping_ads	ne_v_nayavnosti		
PLX-М-150	dup:Гарбуз					
PLX-М-200	dup:Гарбуз					
PLX-М-250	dup:Гарбуз					
PLX-М-30110	dup:Гарбуз					
PLX-М-30130	dup:Гарбуз					
PLX-М-3070	dup:Гарбуз					
PLX-М-40140	dup:Гарбуз					
PLX-М-50150	dup:Гарбуз					
PLX-М-50180	dup:Гарбуз					
PLX-М216	dup:Гарбуз					
PLX-М22	dup:Гарбуз					
PLX-МН-30110	dup:Гарбуз					
PLX-МН-30130	dup:Гарбуз					
PLX-МН-3090	dup:Гарбуз					
PLX-МН-40140	dup:Гарбуз					
PLX-МНк-3070	dup:Гарбуз					
PLX-НТ-21-400	dup:Едім		Shopping_ads	ne_v_nayavnosti		
PLX-НТ-21-401	dup:Гарбуз					
PLX-НТ-22-201	dup:Гарбуз					
PLX-НТ-22-202	dup:Гарбуз					
PLX-НТ-22-203	dup:Гарбуз					
PLX-НТ-45-606	dup:Гарбуз					
PLX-НФ-00000011	dup:Гарбуз					
PLX-НФ-00000184	dup:Гарбуз					
PLX-НФ-00000198	dup:Гарбуз					
PLX-НФ-00000329	dup:Гарбуз					
PLX-НФ-00000357	dup:Гарбуз					
PLX-НФ-00000372	dup:Гарбуз					
PLX-НФ-00000373	dup:Едім		Shopping_ads	ne_v_nayavnosti		
PLX-НФ-00000374	dup:Гарбуз					
PLX-НФ-00000375	dup:Гарбуз					
PLX-НФ-00000376	dup:Гарбуз					
PLX-НФ-00000380	dup:Гарбуз					
PLX-НФ-00000381	dup:Гарбуз					
PLX-НФ-00000382	dup:Гарбуз					
PLX-НФ-00000384	dup:Гарбуз					
PLX-НФ-00000385	dup:Гарбуз					
PLX-НФ-00000386	dup:Гарбуз					
PLX-НФ-00000387	dup:Гарбуз					
PLX-НФ-00000389	dup:Гарбуз					
PLX-НФ-00000390	dup:Гарбуз					
PLX-НФ-00000392	dup:Гарбуз					
PLX-НФ-00000393	dup:Едім		Shopping_ads	ne_v_nayavnosti		
PLX-НФ-00000394	dup:Едім		Shopping_ads	ne_v_nayavnosti		
PLX-НФ-00000396	dup:Гарбуз					
PLX-НФ-00000397	dup:Гарбуз					
PLX-НФ-00000399	dup:Гарбуз					
PLX-НФ-00000400	dup:Гарбуз					
PLX-НФ-00000401	dup:Гарбуз					
PLX-НФ-00000402	dup:Гарбуз					
PLX-НФ-00000403	dup:Гарбуз					
PLX-НФ-00000404	dup:Гарбуз					
PLX-НФ-00000405	dup:Гарбуз					
PLX-НФ-00000406	dup:Гарбуз					
PLX-НФ-00000407	dup:Гарбуз					
PLX-НФ-00000408	dup:Гарбуз					
PLX-НФ-00000409	dup:Гарбуз					
PLX-НФ-00000410	dup:Гарбуз					
PLX-НФ-00000411	dup:Гарбуз					
PLX-НФ-00000412	dup:Гарбуз					
PLX-НФ-00000413	dup:Гарбуз					
PLX-НФ-00000414	dup:Гарбуз					
PLX-НФ-00000415	dup:Гарбуз					
PLX-НФ-00000416	dup:Гарбуз					
PLX-НФ-00000417	dup:Гарбуз					
PLX-НФ-00000418	dup:Едім		Shopping_ads	ne_v_nayavnosti		
PLX-НФ-00000419	dup:Гарбуз					
PLX-НФ-00000420	dup:Гарбуз					
PLX-НФ-00000421	dup:Гарбуз					
PLX-НФ-00000422	dup:Гарбуз					
PLX-НФ-00000430	dup:Гарбуз					
PLX-НФ-00000435	dup:Гарбуз					
PLX-НФ-00000436	dup:Гарбуз					
PLX-НФ-00000437	dup:Гарбуз					
PLX-НФ-00000438	dup:Гарбуз					
PLX-НФ-00000439	dup:Гарбуз					
PLX-НФ-00000440	dup:Гарбуз					
PLX-НФ-00000441	dup:Гарбуз					
PLX-НФ-00000442	dup:Гарбуз					
PLX-НФ-00000443	dup:Гарбуз					
PLX-НФ-00000444	dup:Гарбуз					
PLX-НФ-00000449	dup:Гарбуз					
PLX-НФ-00000450	dup:Едім		Shopping_ads	ne_v_nayavnosti		
PLX-НФ-00000451	dup:Гарбуз					
PLX-НФ-00000458	dup:Гарбуз					
PLX-НФ-00000459	dup:Едім		Shopping_ads	ne_v_nayavnosti		
PLX-НФ-00000460	dup:Гарбуз					
PLX-НФ-00000461	dup:Гарбуз					
PLX-НФ-00000462	dup:Гарбуз					
PLX-НФ-00000463	dup:Гарбуз					
PLX-НФ-00000464	dup:Гарбуз					
PLX-НФ-00000465	dup:Гарбуз					
PLX-НФ-00000466	dup:Гарбуз					
PLX-НФ-00000467	dup:Гарбуз					
PLX-НФ-00000469	dup:Гарбуз					
PLX-НФ-00000473	dup:Гарбуз					
PLX-НФ-00000474	dup:Гарбуз					
PLX-НФ-00000475	dup:Гарбуз					
PLX-НФ-00000478	dup:Гарбуз					
PLX-НФ-00000479	dup:Гарбуз					
PLX-НФ-00000480	dup:Гарбуз					
PLX-НФ-00000481	dup:Едім		Shopping_ads	ne_v_nayavnosti		
PLX-НФ-00000482	dup:Гарбуз					
PLX-НФ-00000483	dup:Гарбуз					
PLX-НФ-00000484	dup:Гарбуз					
PLX-НФ-00000485	dup:Гарбуз					
PLX-НФ-00000486	dup:Гарбуз					
PLX-НФ-00000487	dup:Гарбуз					
PLX-НФ-00000489	dup:Гарбуз					
PLX-НФ-00000490	dup:Гарбуз					
PLX-НФ-00000491	dup:Гарбуз					
PLX-НФ-00000492	dup:Гарбуз					
PLX-НФ-00000493	dup:Гарбуз					
PLX-НФ-00000494	dup:Гарбуз					
PLX-НФ-00000495	dup:Гарбуз					
PLX-НФ-00000496	dup:Гарбуз					
PLX-НФ-00000497	dup:Гарбуз					
PLX-НФ-00000498	dup:Гарбуз					
PLX-НФ-00000499	dup:Гарбуз					
PLX-НФ-00000500	dup:Гарбуз					
PLX-НФ-00000501	dup:Гарбуз					
PLX-НФ-00000502	dup:Гарбуз					
PLX-НФ-00000503	dup:Гарбуз					
PLX-НФ-00000504	dup:Едім		Shopping_ads	ne_v_nayavnosti		
PLX-НФ-00000505	dup:Гарбуз					
PLX-НФ-00000506	dup:Едім		Shopping_ads	ne_v_nayavnosti		
PLX-НФ-00000507	dup:Гарбуз					
PLX-НФ-00000508	dup:Гарбуз					
PLX-НФ-00000509	dup:Едім		Shopping_ads	ne_v_nayavnosti		
PLX-НФ-00000510	dup:Гарбуз					
PLX-НФ-00000511	dup:Едім		Shopping_ads	ne_v_nayavnosti		
PLX-НФ-00000512	dup:Гарбуз					
PLX-НФ-00000513	dup:Гарбуз					
PLX-НФ-00000514	dup:Гарбуз					
PLX-НФ-00000515	dup:Гарбуз					
PLX-НФ-00000516	dup:Гарбуз					
PLX-НФ-00000519	dup:Гарбуз					
PLX-НФ-00000520	dup:Гарбуз					
PLX-НФ-00000521	dup:Гарбуз					
PLX-НФ-00000522	dup:Гарбуз					
PLX-НФ-00000523	dup:Гарбуз					
PLX-НФ-00000524	dup:Гарбуз					
PLX-НФ-00000526	dup:Гарбуз					
PLX-НФ-00000536	dup:Едім		Shopping_ads	ne_v_nayavnosti		
PLX-НФ-00000537	dup:Гарбуз					
PLX-НФ-00000538	dup:Гарбуз					
PLX-НФ-00000539	dup:Гарбуз					
PLX-НФ-00000542	dup:Гарбуз					
PLX-НФ-00000543	dup:Едім		Shopping_ads	ne_v_nayavnosti		
PLX-НФ-00000544	dup:Гарбуз					
PLX-НФ-00000545	dup:Гарбуз					
PLX-НФ-00000547	dup:Гарбуз					
PLX-НФ-00000548	dup:Гарбуз					
PLX-НФ-00000549	dup:Гарбуз					
PLX-НФ-00000551	dup:Едім		Shopping_ads	ne_v_nayavnosti		
PLX-НФ-00000560	dup:Гарбуз					
PLX-НФ-00000561	dup:Гарбуз					
PLX-НФ-00000562	dup:Гарбуз					
PLX-НФ-00000563	dup:Гарбуз					
PLX-НФ-00000564	dup:Едім		Shopping_ads	ne_v_nayavnosti		
PLX-НФ-00000565	dup:Гарбуз					
PLX-НФ-00000566	dup:Гарбуз					
PLX-НФ-00000567	dup:Гарбуз					
PLX-НФ-00000568	dup:Гарбуз					
PLX-НФ-00000569	dup:Гарбуз					
PLX-НФ-00000570	dup:Гарбуз					
PLX-НФ-00000571	dup:Гарбуз					
PLX-НФ-00000572	dup:Гарбуз					
PLX-НФ-00000573	dup:Гарбуз					
PLX-НФ-00000574	dup:Гарбуз					
PLX-НФ-00000575	dup:Гарбуз					
PLX-НФ-00000576	dup:Гарбуз					
PLX-НФ-00000577	dup:Гарбуз					
PLX-НФ-00000578	dup:Гарбуз					
PLX-НФ-00000579	dup:Гарбуз					
PLX-НФ-00000580	dup:Гарбуз					
PLX-НФ-00000581	dup:Гарбуз					
PLX-НФ-00000582	dup:Гарбуз					
PLX-НФ-00000583	dup:Гарбуз					
PLX-НФ-00000584	dup:Гарбуз					
PLX-НФ-00000585	dup:Гарбуз					
PLX-НФ-00000586	dup:Гарбуз					
PLX-НФ-00000587	dup:Гарбуз					
PLX-НФ-00000588	dup:Гарбуз					
PLX-НФ-00000589	dup:Гарбуз					
PLX-НФ-00000590	dup:Гарбуз					
PLX-НФ-00000591	dup:Гарбуз					
PLX-НФ-00000592	dup:Гарбуз					
PLX-НФ-00000593	dup:Гарбуз					
PLX-НФ-00000594	dup:Гарбуз					
PLX-НФ-00000595	dup:Гарбуз					
PLX-НФ-00000596	dup:Гарбуз					
PLX-НФ-00000597	dup:Гарбуз					
PLX-НФ-00000598	dup:Гарбуз					
PLX-НФ-00000599	dup:Гарбуз					
PLX-НФ-00000600	dup:Гарбуз					
PLX-НФ-00000601	dup:Гарбуз					
PLX-НФ-00000602	dup:Едім		Shopping_ads	ne_v_nayavnosti		
PLX-НФ-00000603	dup:Гарбуз					
PLX-НФ-00000604	dup:Гарбуз					
PLX-НФ-00000613	dup:Гарбуз					
PLX-НФ-00000616	dup:Гарбуз					
PLX-НФ-00000617	dup:Гарбуз					
PLX-НФ-00000619	dup:Гарбуз					
PLX-НФ-00000620	dup:Едім		Shopping_ads	ne_v_nayavnosti		
PLX-НФ-00000621	dup:Едім		Shopping_ads	ne_v_nayavnosti		
PLX-НФ-00000622	dup:Гарбуз					
PLX-НФ-00000623	dup:Гарбуз					
PLX-НФ-00000624	dup:Едім		Shopping_ads	ne_v_nayavnosti		
PLX-НФ-00000625	dup:Гарбуз					
PLX-НФ-00000626	dup:Гарбуз					
PLX-НФ-00000627	dup:Гарбуз					
PLX-НФ-00000628	dup:Гарбуз					
PLX-НФ-00000629	dup:Гарбуз					
PLX-НФ-00000630	dup:Гарбуз					
PLX-НФ-00000631	dup:Гарбуз					
PLX-НФ-00000648	dup:Гарбуз		Shopping_ads	ne_v_prajsi		
PLX-НФ-00000649	dup:Гарбуз					
PLX-НФ-00000650	dup:Гарбуз					
PLX-НФ-00000651	dup:Гарбуз					
PLX-НФ-00000652	dup:Гарбуз					
PLX-НФ-00000653	dup:Гарбуз					
PLX-НФ-00000654	dup:Гарбуз					
PLX-НФ-00000656	dup:Гарбуз					
PLX-НФ-00000657	dup:Гарбуз					
PLX-НФ-00000658	dup:Гарбуз					
PLX-НФ-00000659	dup:Гарбуз					
PLX-НФ-00000660	dup:Гарбуз					
PLX-НФ-00000661	dup:Гарбуз					
PLX-НФ-00000662	dup:Гарбуз					
PLX-НФ-00000663	dup:Гарбуз					
PLX-НФ-00000664	dup:Гарбуз					
PLX-НФ-00000665	dup:Гарбуз					
PLX-НФ-00000666	dup:Гарбуз					
PLX-НФ-00000667	dup:Гарбуз					
PLX-НФ-00000668	dup:Гарбуз					
PLX-НФ-00000669	dup:Гарбуз					
PLX-НФ-00000670	dup:Гарбуз					
PLX-НФ-00000671	dup:Гарбуз					
PLX-НФ-00000672	dup:Едім		Shopping_ads	ne_v_nayavnosti		
PLX-НФ-00000673	dup:Едім		Shopping_ads	ne_v_nayavnosti		
PLX-НФ-00000674	dup:Гарбуз					
PLX-НФ-00000675	dup:Гарбуз					
PLX-НФ-00000676	dup:Едім		Shopping_ads	ne_v_nayavnosti		
PLX-НФ-00000677	dup:Гарбуз					
PLX-НФ-00000678	dup:Едім		Shopping_ads	ne_v_nayavnosti		
PLX-НФ-00000679	dup:Гарбуз					
PLX-НФ-00000680	dup:Гарбуз					
PLX-НФ-00000681	dup:Гарбуз					
PLX-НФ-00000682	dup:Гарбуз					
PLX-НФ-00000683	dup:Гарбуз					
PLX-НФ-00000684	dup:Гарбуз					
PLX-НФ-00000685	dup:Гарбуз					
PLX-НФ-00000686	dup:Гарбуз					
PLX-НФ-00000687	dup:Гарбуз					
PLX-НФ-00000689	dup:Гарбуз					
PLX-НФ-00000690	dup:Гарбуз					
PLX-НФ-00000691	dup:Гарбуз					
PLX-НФ-00000692	dup:Гарбуз					
PLX-НФ-00000693	dup:Гарбуз					
PLX-НФ-00000694	dup:Гарбуз					
PLX-НФ-00000695	dup:Гарбуз					
PLX-НФ-00000696	dup:Гарбуз					
PLX-НФ-00000709	dup:Гарбуз					
PLX-НФ-00000710	dup:Гарбуз					
PLX-НФ-00000711	dup:Гарбуз					
PLX-НФ-00000712	dup:Гарбуз					
PLX-НФ-00000714	dup:Гарбуз					
PLX-НФ-00000715	dup:Гарбуз					
PLX-НФ-00000716	dup:Гарбуз					
PLX-НФ-00000717	dup:Гарбуз					
PLX-НФ-00000718	dup:Гарбуз					
PLX-НФ-00000719	dup:Гарбуз					
PLX-НФ-00000720	dup:Гарбуз					
PLX-НФ-00000788	dup:Гарбуз					
PLX-НФ-00000789	dup:Гарбуз					
PLX-НФ-00000790	dup:Гарбуз					
PLX-НФ-00000791	dup:Гарбуз					
PLX-НФ-00000792	dup:Гарбуз					
PLX-НФ-00000794	dup:Гарбуз					
PLX-НФ-00000796	dup:Едім		Shopping_ads	ne_v_nayavnosti		
PLX-НФ-00000798	dup:Гарбуз					
PLX-НФ-00000799	dup:Гарбуз					
PLX-НФ-00000800	dup:Гарбуз					
PLX-НФ-00000801	dup:Гарбуз					
PLX-НФ-00000802	dup:Гарбуз					
PLX-НФ-00000803	dup:Гарбуз					
PLX-НФ-00000804	dup:Гарбуз					
PLX-НФ-00000805	dup:Едім		Shopping_ads	ne_v_nayavnosti		
PLX-НФ-00000806	dup:Гарбуз					
PLX-НФ-00000807	dup:Гарбуз					
PLX-НФ-00000809	dup:Едім		Shopping_ads	ne_v_nayavnosti		
PLX-НФ-00000810	dup:Едім		Shopping_ads	ne_v_nayavnosti		
PLX-НФ-00000812	dup:Гарбуз					
PLX-НФ-00000813	dup:Гарбуз					
PLX-НФ-00000814	dup:Гарбуз					
PLX-НФ-00000816	dup:Гарбуз					
PLX-НФ-00000818	dup:Гарбуз					
PLX-НФ-00000824	dup:Едім		Shopping_ads	ne_v_nayavnosti		
PLX-НФ-00000836	dup:Гарбуз					
PLX-НФ-00000837	dup:Гарбуз					
PLX-НФ-00000838	dup:Гарбуз					
PLX-НФ-00000839	dup:Гарбуз					
PLX-НФ-00000840	dup:Гарбуз					
PLX-НФ-00000841	dup:Гарбуз					
PLX-НФ-00000842	dup:Гарбуз					
PLX-НФ-00000843	dup:Гарбуз					
PLX-НФ-00000844	dup:Едім		Shopping_ads	ne_v_nayavnosti		
PLX-НФ-00000845	dup:Гарбуз					
PLX-НФ-00000846	dup:Гарбуз					
PLX-НФ-00000847	dup:Гарбуз					
PLX-НФ-00000848	dup:Гарбуз					
PLX-НФ-00000849	dup:Гарбуз					
PLX-НФ-00000850	dup:Едім		Shopping_ads	ne_v_nayavnosti		
PLX-НФ-00000851	dup:Гарбуз					
PLX-НФ-00000852	dup:Гарбуз					
PLX-НФ-00000853	dup:Едім		Shopping_ads	ne_v_nayavnosti		
PLX-НФ-00000854	dup:Гарбуз					
PLX-НФ-00000855	dup:Гарбуз					
PLX-НФ-00000856	dup:Гарбуз					
PLX-НФ-00000857	dup:Гарбуз					
PLX-НФ-00000858	dup:Гарбуз					
PLX-НФ-00000859	dup:Гарбуз					
PLX-НФ-00000860	dup:Гарбуз					
PLX-НФ-00000861	dup:Гарбуз					
PLX-НФ-00000862	dup:Гарбуз					
PLX-НФ-00000863	dup:Гарбуз					
PLX-НФ-00000864	dup:Гарбуз					
PLX-НФ-00000870	dup:Гарбуз					
PLX-НФ-00000871	dup:Едім		Shopping_ads	ne_v_nayavnosti		
PLX-НФ-00000875	dup:Гарбуз					
PLX-НФ-00000879	dup:Гарбуз					
PLX-НФ-00000880	dup:Гарбуз					
PLX-НФ-00000881	dup:Гарбуз					
PLX-НФ-00000883	dup:Гарбуз					
PLX-НФ-00000884	dup:Гарбуз					
PLX-НФ-00000885	dup:Гарбуз					
PLX-НФ-00000887	dup:Гарбуз					
PLX-НФ-00000888	dup:Гарбуз					
PLX-НФ-00000889	dup:Гарбуз					
PLX-НФ-00000892	dup:Гарбуз					
PLX-НФ-00000895	dup:Едім		Shopping_ads	ne_v_nayavnosti		
PLX-НФ-00000896	dup:Гарбуз					
PLX-НФ-00000897	dup:Гарбуз					
PLX-НФ-00000898	dup:Едім		Shopping_ads	ne_v_nayavnosti		
PLX-НФ-00000899	dup:Едім		Shopping_ads	ne_v_nayavnosti		
PLX-НФ-00000900	dup:Едім		Shopping_ads	ne_v_nayavnosti		
PLX-НФ-00000901	dup:Гарбуз					
PLX-НФ-00000905	dup:Гарбуз					
PLX-НФ-00000906	dup:Едім		Shopping_ads	ne_v_nayavnosti		
PLX-НФ-00000907	dup:Гарбуз					
PLX-НФ-00000908	dup:Гарбуз					
PLX-НФ-00000909	dup:Гарбуз					
PLX-НФ-00000911	dup:Гарбуз					
PLX-НФ-00000913	dup:Гарбуз					
PLX-НФ-00000914	dup:Гарбуз					
PLX-НФ-00000968	dup:Гарбуз					
PLX-НФ-00000969	dup:Гарбуз					
PLX-НФ-00000970	dup:Гарбуз					
PLX-НФ-00000976	dup:Гарбуз					
PLX-НФ-00000977	dup:Гарбуз					
PLX-НФ-00000978	dup:Гарбуз					
PLX-НФ-00000979	dup:Гарбуз					
PLX-НФ-00000980	dup:Гарбуз					
PLX-НФ-00000981	dup:Гарбуз					
PLX-НФ-00000982	dup:Гарбуз					
PLX-НФ-00000983	dup:Гарбуз					
PLX-НФ-00000984	dup:Гарбуз					
PLX-НФ-00000985	dup:Едім		Shopping_ads	ne_v_nayavnosti		
PLX-НФ-00000990	dup:Едім		Shopping_ads	ne_v_nayavnosti		
PLX-НФ-00000991	dup:Гарбуз					
PLX-НФ-00000992	dup:Гарбуз					
PLX-НФ-00000993	dup:Гарбуз					
PLX-НФ-00000994	dup:Гарбуз					
PLX-НФ-00000995	dup:Гарбуз					
PLX-НФ-00000996	dup:Гарбуз					
PLX-НФ-00000998	dup:Едім		Shopping_ads	ne_v_nayavnosti		
PLX-НФ-00000999	dup:Едім		Shopping_ads	ne_v_nayavnosti		
PLX-НФ-00001002	dup:Гарбуз					
PLX-НФ-00001004	dup:Гарбуз					
PLX-НФ-00001005	dup:Гарбуз					
PLX-НФ-00001006	dup:Гарбуз					
PLX-НФ-00001008	dup:Гарбуз					
PLX-НФ-00001014	dup:Гарбуз					
PLX-НФ-00001015	dup:Гарбуз					
PLX-НФ-00001016	dup:Гарбуз					
PLX-НФ-00001017	dup:Гарбуз					
PLX-НФ-00001018	dup:Гарбуз					
PLX-НФ-00001020	dup:Гарбуз					
PLX-НФ-00001021	dup:Гарбуз					
PLX-НФ-00001022	dup:Гарбуз					
PLX-НФ-00001023	dup:Гарбуз					
PLX-НФ-00001024	dup:Гарбуз					
PLX-НФ-00001026	dup:Гарбуз					
PLX-НФ-00001027	dup:Гарбуз					
PLX-НФ-00001035	dup:Гарбуз					
PLX-НФ-00001036	dup:Гарбуз					
PLX-НФ-00001037	dup:Гарбуз					
PLX-НФ-00001039	dup:Гарбуз					
PLX-НФ-00001040	dup:Гарбуз					
PLX-НФ-00001041	dup:Гарбуз					
PLX-НФ-00001042	dup:Гарбуз					
PLX-НФ-00001043	dup:Гарбуз					
PLX-НФ-00001044	dup:Гарбуз					
PLX-НФ-00001045	dup:Гарбуз					
PLX-НФ-00001046	dup:Гарбуз					
PLX-НФ-00001048	dup:Гарбуз					
PLX-НФ-00001049	dup:Гарбуз					
PLX-НФ-00001050	dup:Гарбуз					
PLX-НФ-00001052	dup:Гарбуз					
PLX-НФ-00001053	dup:Гарбуз					
PLX-НФ-00001054	dup:Едім		Shopping_ads	ne_v_nayavnosti		
PLX-НФ-00001055	dup:Гарбуз					
PLX-НФ-00001057	dup:Гарбуз					
PLX-НФ-00001058	dup:Гарбуз					
PLX-НФ-00001059	dup:Гарбуз					
PLX-НФ-00001060	dup:Гарбуз					
PLX-НФ-00001061	dup:Гарбуз					
PLX-НФ-00001062	dup:Гарбуз					
PLX-НФ-00001063	dup:Гарбуз					
PLX-НФ-00001065	dup:Гарбуз					
PLX-НФ-00001066	dup:Гарбуз					
PLX-НФ-00001067	dup:Гарбуз					
PLX-НФ-00001068	dup:Гарбуз					
PLX-НФ-00001072	dup:Гарбуз					
PLX-НФ-00001073	dup:Гарбуз					
PLX-НФ-00001074	dup:Гарбуз					
PLX-НФ-00001075	dup:Гарбуз					
PLX-НФ-00001076	dup:Гарбуз					
PLX-НФ-00001077	dup:Гарбуз					
PLX-НФ-00001078	dup:Гарбуз					
PLX-НФ-00001079	dup:Гарбуз					
PLX-НФ-00001080	dup:Гарбуз					
PLX-НФ-00001081	dup:Гарбуз					
PLX-НФ-00001082	dup:Гарбуз					
PLX-НФ-00001083	dup:Гарбуз					
PLX-НФ-00001084	dup:Гарбуз					
PLX-НФ-00001085	dup:Гарбуз					
PLX-НФ-00001086	dup:Гарбуз					
PLX-НФ-00001087	dup:Гарбуз					
PLX-НФ-00001088	dup:Гарбуз					
PLX-НФ-00001089	dup:Гарбуз					
PLX-НФ-00001090	dup:Гарбуз					
PLX-НФ-00001091	dup:Гарбуз					
PLX-НФ-00001093	dup:Гарбуз					
PLX-НФ-00001094	dup:Гарбуз					
PLX-НФ-00001095	dup:Гарбуз					
PLX-НФ-00001097	dup:Гарбуз					
PLX-НФ-00001099	dup:Гарбуз					
PLX-НФ-00001100	dup:Едім		Shopping_ads	ne_v_nayavnosti		
PLX-НФ-00001101	dup:Гарбуз					
PLX-НФ-00001102	dup:Гарбуз					
PLX-НФ-00001103	dup:Гарбуз					
PLX-НФ-00001104	dup:Гарбуз					
PLX-НФ-00001105	dup:Гарбуз					
PLX-НФ-00001106	dup:Гарбуз					
PLX-НФ-00001108	dup:Гарбуз					
PLX-НФ-00001109	dup:Едім		Shopping_ads	ne_v_nayavnosti		
PLX-НФ-00001111	dup:Гарбуз					
PLX-НФ-00001113	dup:Гарбуз					
PLX-НФ-00001114	dup:Гарбуз					
PLX-НФ-00001124	dup:Гарбуз					
PLX-НФ-00001125	dup:Едім		Shopping_ads	ne_v_nayavnosti		
PLX-НФ-00001129	dup:Гарбуз					
PLX-НФ-00001130	dup:Гарбуз					
PLX-НФ-00001131	dup:Гарбуз					
PLX-НФ-00001132	dup:Гарбуз					
PLX-НФ-00001133	dup:Гарбуз					
PLX-НФ-00001134	dup:Гарбуз					
PLX-НФ-00001135	dup:Гарбуз					
PLX-НФ-00001137	dup:Гарбуз					
PLX-НФ-00001138	dup:Гарбуз					
PLX-НФ-00001139	dup:Гарбуз					
PLX-НФ-00001141	dup:Гарбуз					
PLX-НФ-00001142	dup:Гарбуз					
PLX-НФ-00001143	dup:Гарбуз					
PLX-НФ-00001144	dup:Гарбуз					
PLX-НФ-00001145	dup:Гарбуз					
PLX-НФ-00001146	dup:Гарбуз					
PLX-НФ-00001147	dup:Гарбуз					
PLX-НФ-00001148	dup:Гарбуз					
PLX-НФ-00001149	dup:Гарбуз					
PLX-НФ-00001150	dup:Гарбуз					
PLX-НФ-00001151	dup:Гарбуз					
PLX-НФ-00001152	dup:Гарбуз					
PLX-НФ-00001153	dup:Гарбуз					
PLX-НФ-00001154	dup:Гарбуз					
PLX-НФ-00001155	dup:Гарбуз					
PLX-НФ-00001156	dup:Гарбуз					
PLX-НФ-00001157	dup:Гарбуз					
PLX-НФ-00001158	dup:Гарбуз					
PLX-НФ-00001159	dup:Гарбуз					
PLX-НФ-00001160	dup:Гарбуз					
PLX-НФ-00001161	dup:Гарбуз					
PLX-НФ-00001166	dup:Гарбуз					
PLX-НФ-00001167	dup:Гарбуз					
PLX-НФ-00001168	dup:Гарбуз					
PLX-НФ-00001169	dup:Гарбуз					
PLX-НФ-00001170	dup:Гарбуз					
PLX-НФ-00001171	dup:Гарбуз					
PLX-НФ-00001172	dup:Гарбуз					
PLX-НФ-00001174	dup:Едім		Shopping_ads	ne_v_nayavnosti		
PLX-НФ-00001192	dup:Гарбуз					
PLX-НФ-00001193	dup:Гарбуз					
PLX-НФ-00001194	dup:Гарбуз					
PLX-НФ-00001195	dup:Гарбуз					
PLX-НФ-00001196	dup:Гарбуз					
PLX-НФ-00001197	dup:Гарбуз					
PLX-НФ-00001198	dup:Гарбуз					
PLX-НФ-00001199	dup:Гарбуз					
PLX-НФ-00001200	dup:Гарбуз					
PLX-НФ-00001201	dup:Гарбуз					
PLX-НФ-00001202	dup:Гарбуз					
PLX-НФ-00001203	dup:Гарбуз					
PLX-НФ-00001204	dup:Гарбуз					
PLX-НФ-00001205	dup:Гарбуз					
PLX-НФ-00001206	dup:Гарбуз					
PLX-НФ-00001207	dup:Гарбуз					
PLX-НФ-00001208	dup:Гарбуз					
PLX-НФ-00001209	dup:Гарбуз					
PLX-НФ-00001210	dup:Гарбуз					
PLX-НФ-00001211	dup:Гарбуз					
PLX-НФ-00001212	dup:Гарбуз					
PLX-НФ-00001213	dup:Гарбуз					
PLX-НФ-00001214	dup:Гарбуз					
PLX-НФ-00001215	dup:Гарбуз					
PLX-НФ-00001216	dup:Гарбуз					
PLX-НФ-00001217	dup:Гарбуз					
PLX-НФ-00001218	dup:Гарбуз					
PLX-НФ-00001219	dup:Гарбуз					
PLX-НФ-00001220	dup:Гарбуз					
PLX-НФ-00001221	dup:Гарбуз					
PLX-НФ-00001222	dup:Гарбуз					
PLX-НФ-00001224	dup:Гарбуз					
PLX-НФ-00001225	dup:Гарбуз					
PLX-НФ-00001227	dup:Гарбуз					
PLX-НФ-00001228	dup:Гарбуз					
PLX-НФ-00001229	dup:Гарбуз					
PLX-НФ-00001230	dup:Гарбуз					
PLX-НФ-00001245	dup:Гарбуз					
PLX-НФ-00001246	dup:Гарбуз					
PLX-НФ-00001247	dup:Гарбуз					
PLX-НФ-00001290	dup:Гарбуз					
PLX-НФ-00001291	dup:Гарбуз					
PLX-НФ-00001292	dup:Гарбуз					
PLX-НФ-00001293	dup:Гарбуз					
PLX-НФ-00001294	dup:Гарбуз					
PLX-НФ-00001295	dup:Гарбуз					
PLX-НФ-00001296	dup:Едім		Shopping_ads	ne_v_nayavnosti		
PLX-НФ-00001297	dup:Гарбуз					
PLX-НФ-00001298	dup:Гарбуз					
PLX-НФ-00001299	dup:Гарбуз					
PLX-НФ-00001300	dup:Гарбуз					
PLX-НФ-00001301	dup:Гарбуз					
PLX-НФ-00001302	dup:Гарбуз					
PLX-НФ-00001303	dup:Гарбуз					
PLX-НФ-00001304	dup:Гарбуз					
PLX-НФ-00001305	dup:Гарбуз					
PLX-НФ-00001306	dup:Гарбуз					
PLX-НФ-00001307	dup:Гарбуз					
PLX-НФ-00001308	dup:Гарбуз					
PLX-НФ-00001309	dup:Гарбуз					
PLX-НФ-00001310	dup:Гарбуз					
PLX-НФ-00001311	dup:Гарбуз					
PLX-НФ-00001312	dup:Гарбуз					
PLX-НФ-00001313	dup:Гарбуз					
PLX-НФ-00001314	dup:Гарбуз					
PLX-НФ-00001320	dup:Гарбуз					
PLX-НФ-00001355	dup:Гарбуз					
PLX-НФ-00001356	dup:Гарбуз					
PLX-НФ-00001357	dup:Гарбуз					
PLX-НФ-00001366	dup:Гарбуз					
PLX-НФ-00001368	dup:Гарбуз					
PLX-НФ-00001375	dup:Гарбуз					
PLX-НФ-00001376	dup:Гарбуз					
PLX-НФ-00001390	dup:Гарбуз					
PLX-НФ-00001391	dup:Гарбуз					
PLX-НФ-00001392	dup:Гарбуз					
PLX-НФ-00001395	dup:Гарбуз					
PLX-НФ-00001396	dup:Гарбуз					
PLX-НФ-00001399	dup:Гарбуз					
PLX-НФ-00001400	dup:Гарбуз					
PLX-НФ-00001401	dup:Гарбуз					
PLX-НФ-00001403	dup:Гарбуз					
PLX-НФ-00001404	dup:Гарбуз					
PLX-НФ-00001405	dup:Гарбуз					
PLX-НФ-00001410	dup:Едім		Shopping_ads	ne_v_nayavnosti		
PLX-НФ-00001411	dup:Гарбуз					
PLX-НФ-00001414	dup:Гарбуз					
PLX-НФ-00001415	dup:Гарбуз					
PLX-НФ-00001416	dup:Гарбуз					
PLX-НФ-00001417	dup:Гарбуз					
PLX-НФ-00001418	dup:Едім		Shopping_ads	ne_v_nayavnosti		
PLX-НФ-00001420	dup:Гарбуз					
PLX-НФ-00001421	dup:Гарбуз					
PLX-НФ-00001422	dup:Гарбуз					
PLX-НФ-00001423	dup:Гарбуз					
PLX-НФ-00001424	dup:Едім		Shopping_ads	ne_v_nayavnosti		
PLX-НФ-00001426	dup:Гарбуз					
PLX-НФ-00001427	dup:Гарбуз					
PLX-НФ-00001428	dup:Гарбуз					
PLX-НФ-00001429	dup:Гарбуз					
PLX-НФ-00001430	dup:Гарбуз					
PLX-НФ-00001431	dup:Гарбуз					
PLX-НФ-00001432	dup:Гарбуз					
PLX-НФ-00001433	dup:Гарбуз					
PLX-НФ-00001434	dup:Гарбуз					
PLX-НФ-00001456	dup:Гарбуз					
PLX-НФ-00001457	dup:Гарбуз					
PLX-НФ-00001458	dup:Гарбуз					
PLX-НФ-00001459	dup:Едім		Shopping_ads	ne_v_nayavnosti		
PLX-НФ-00001462	dup:Гарбуз					
PLX-НФ-00001463	dup:Гарбуз					
PLX-НФ-00001464	dup:Гарбуз					
PLX-НФ-00001465	dup:Гарбуз					
PLX-НФ-00001466	dup:Гарбуз					
PLX-НФ-00001467	dup:Гарбуз					
PLX-НФ-00001468	dup:Едім		Shopping_ads	ne_v_nayavnosti		
PLX-НФ-00001469	dup:Гарбуз					
PLX-НФ-00001470	dup:Гарбуз					
PLX-НФ-00001472	dup:Гарбуз					prybutok
PLX-НФ-00001473	dup:Гарбуз					
PLX-НФ-00001474	dup:Гарбуз					
PLX-НФ-00001475	dup:Гарбуз					
PLX-НФ-00001477	dup:Гарбуз					
PLX-НФ-00001478	dup:Гарбуз					
PLX-НФ-00001479	dup:Едім		Shopping_ads	ne_v_nayavnosti		
PLX-НФ-00001481	dup:Гарбуз					
PLX-НФ-00001482	dup:Едім		Shopping_ads	ne_v_nayavnosti		
PLX-НФ-00001483	dup:Гарбуз					
PLX-НФ-00001484	dup:Гарбуз					
PLX-НФ-00001485	dup:Гарбуз					
PLX-НФ-00001486	dup:Гарбуз					
PLX-НФ-00001487	dup:Гарбуз					
PLX-НФ-00001488	dup:Гарбуз					
PLX-НФ-00001489	dup:Гарбуз					
PLX-НФ-00001490	dup:Гарбуз					
PLX-НФ-00001491	dup:Гарбуз					
PLX-НФ-00001492	dup:Гарбуз					
PLX-НФ-00001493	dup:Едім		Shopping_ads	ne_v_nayavnosti		
PLX-НФ-00001494	dup:Гарбуз					
PLX-НФ-00001495	dup:Гарбуз					
PLX-НФ-00001496	dup:Едім		Shopping_ads	ne_v_nayavnosti		
PLX-НФ-00001497	dup:Гарбуз					
PLX-НФ-00001498	dup:Гарбуз					
PLX-НФ-00001499	dup:Гарбуз					
PLX-НФ-00001508	dup:Гарбуз					
PLX-НФ-00001510	dup:Гарбуз					
PLX-НФ-00001511	dup:Гарбуз					
PLX-НФ-00001512	dup:Гарбуз					
PLX-НФ-00001513	dup:Гарбуз					
PLX-НФ-00001514	dup:Гарбуз					
PLX-НФ-00001516	dup:Гарбуз					
PLX-НФ-00001517	dup:Гарбуз					
PLX-НФ-00001518	dup:Гарбуз					
PLX-НФ-00001519	dup:Гарбуз					
PLX-НФ-00001520	dup:Гарбуз					
PLX-НФ-00001521	dup:Гарбуз					
PLX-НФ-00001522	dup:Гарбуз					
PLX-НФ-00001523	dup:Гарбуз					
PLX-НФ-00001524	dup:Гарбуз					
PLX-НФ-00001525	dup:Гарбуз					
PLX-НФ-00001526	dup:Гарбуз					
PLX-НФ-00001529	dup:Гарбуз					
PLX-НФ-00001530	dup:Гарбуз					
PLX-НФ-00001531	dup:Гарбуз					
PLX-НФ-00001532	dup:Гарбуз					
PLX-НФ-00001533	dup:Гарбуз					
PLX-НФ-00001534	dup:Гарбуз					
PLX-НФ-00001535	dup:Гарбуз					
PLX-НФ-00001536	dup:Гарбуз					
PLX-НФ-00001537	dup:Гарбуз					
PLX-НФ-00001538	dup:Гарбуз					
PLX-НФ-00001539	dup:Гарбуз					
PLX-НФ-00001541	dup:Гарбуз					
PLX-НФ-00001542	dup:Гарбуз					
PLX-НФ-00001543	dup:Гарбуз					
PLX-НФ-00001544	dup:Гарбуз					
PLX-НФ-00001545	dup:Гарбуз					
PLX-НФ-00001546	dup:Гарбуз					
PLX-НФ-00001548	dup:Гарбуз					
PLX-НФ-00001549	dup:Гарбуз					
PLX-НФ-00001550	dup:Гарбуз					
PLX-НФ-00001552	dup:Гарбуз					
PLX-НФ-00001553	dup:Гарбуз					
PLX-НФ-00001565	dup:Гарбуз					
PLX-НФ-00001566	dup:Гарбуз					
PLX-НФ-00001567	dup:Гарбуз					
PLX-НФ-00001568	dup:Гарбуз					
PLX-НФ-00001569	dup:Гарбуз					
PLX-НФ-00001570	dup:Гарбуз					
PLX-НФ-00001571	dup:Гарбуз					
PLX-НФ-00001572	dup:Гарбуз					
PLX-НФ-00001573	dup:Гарбуз					
PLX-НФ-00001574	dup:Гарбуз					
PLX-НФ-00001575	dup:Гарбуз					
PLX-НФ-00001576	dup:Гарбуз					
PLX-НФ-00001577	dup:Гарбуз					
PLX-НФ-00001578	dup:Гарбуз					
PLX-НФ-00001579	dup:Гарбуз					
PLX-НФ-00001580	dup:Гарбуз					
PLX-НФ-00001581	dup:Гарбуз					
PLX-НФ-00001582	dup:Гарбуз					
PLX-НФ-00001583	dup:Гарбуз					
PLX-НФ-00001584	dup:Гарбуз					
PLX-НФ-00001585	dup:Гарбуз					
PLX-НФ-00001586	dup:Гарбуз					
PLX-НФ-00001587	dup:Гарбуз					
PLX-НФ-00001588	dup:Гарбуз					
PLX-НФ-00001589	dup:Гарбуз					
PLX-НФ-00001590	dup:Гарбуз					
PLX-НФ-00001592	dup:Гарбуз					
PLX-НФ-00001593	dup:Гарбуз					
PLX-НФ-00001595	dup:Гарбуз					
PLX-НФ-00001596	dup:Гарбуз					
PLX-НФ-00001597	dup:Гарбуз					
PLX-НФ-00001598	dup:Гарбуз					
PLX-НФ-00001599	dup:Гарбуз					
PLX-НФ-00001600	dup:Гарбуз					
PLX-НФ-00001601	dup:Гарбуз					
PLX-НФ-00001602	dup:Гарбуз					
PLX-НФ-00001603	dup:Едім		Shopping_ads	ne_v_nayavnosti		
PLX-НФ-00001604	dup:Гарбуз					
PLX-НФ-00001605	dup:Гарбуз					
PLX-НФ-00001606	dup:Гарбуз					
PLX-НФ-00001607	dup:Гарбуз					
PLX-НФ-00001608	dup:Гарбуз					
PLX-НФ-00001609	dup:Гарбуз					
PLX-НФ-00001610	dup:Гарбуз					
PLX-НФ-00001611	dup:Гарбуз					
PLX-НФ-00001612	dup:Гарбуз					
PLX-НФ-00001613	dup:Гарбуз					
PLX-НФ-00001614	dup:Гарбуз					
PLX-НФ-00001615	dup:Гарбуз					
PLX-НФ-00001616	dup:Гарбуз					
PLX-НФ-00001617	dup:Гарбуз					
PLX-НФ-00001618	dup:Гарбуз					
PLX-НФ-00001619	dup:Гарбуз					
PLX-НФ-00001620	dup:Гарбуз					
PLX-НФ-00001621	dup:Гарбуз					
PLX-НФ-00001622	dup:Гарбуз					
PLX-НФ-00001650	dup:Гарбуз					
PLX-НФ-00001652	dup:Гарбуз					
PLX-НФ-00001653	dup:Гарбуз					
PLX-НФ-00001654	dup:Гарбуз					
PLX-НФ-00001655	dup:Гарбуз					
PLX-НФ-00001656	dup:Гарбуз					
PLX-НФ-00001667	dup:Гарбуз					
PLX-НФ-00001668	dup:Едім		Shopping_ads	ne_v_nayavnosti		
PLX-НФ-00001669	dup:Гарбуз					
PLX-НФ-00001670	dup:Гарбуз					
PLX-НФ-00001671	dup:Гарбуз					
PLX-НФ-00001672	dup:Гарбуз					
PLX-НФ-00001673	dup:Гарбуз					
PLX-НФ-00001675	dup:Гарбуз					
PLX-НФ-00001676	dup:Гарбуз					
PLX-НФ-00001677	dup:Гарбуз					
PLX-НФ-00001684	dup:Гарбуз					
PLX-НФ-00001685	dup:Гарбуз					
PLX-НФ-00001686	dup:Гарбуз					
PLX-НФ-00001691	dup:Гарбуз					
PLX-НФ-00001713	dup:Гарбуз					
PLX-НФ-00001715	dup:Гарбуз					
PLX-НФ-00001716	dup:Гарбуз					
PLX-НФ-00001717	dup:Гарбуз					
PLX-НФ-00001719	dup:Гарбуз					
PLX-НФ-00001722	dup:Гарбуз					
PLX-НФ-00001747	dup:Гарбуз					
PLX-НФ-00001748	dup:Гарбуз					
PLX-НФ-00001749	dup:Гарбуз					
PLX-НФ-00001750	dup:Гарбуз					
PLX-НФ-00001752	dup:Гарбуз					
PLX-НФ-00001753	dup:Гарбуз					
PLX-НФ-00001754	dup:Гарбуз					
PLX-НФ-00001755	dup:Гарбуз					
PLX-НФ-00001756	dup:Гарбуз					
PLX-НФ-00001757	dup:Гарбуз					
PLX-НФ-00001758	dup:Гарбуз					
PLX-НФ-00001759	dup:Гарбуз					
PLX-НФ-00001760	dup:Гарбуз					
PLX-НФ-00001761	dup:Гарбуз					
PLX-НФ-00001762	dup:Гарбуз					
PLX-НФ-00001763	dup:Гарбуз					
PLX-НФ-00001764	dup:Гарбуз					
PLX-НФ-00001765	dup:Гарбуз					
PLX-НФ-00001766	dup:Гарбуз					
PLX-НФ-00001767	dup:Гарбуз					
PLX-НФ-00001769	dup:Гарбуз					
PLX-НФ-00001790	dup:Гарбуз					
PLX-НФ-00001791	dup:Гарбуз					
PLX-НФ-00001802	dup:Гарбуз					
PLX-НФ-00001803	dup:Гарбуз					
PLX-НФ-00001804	dup:Гарбуз					
PLX-НФ-00001805	dup:Гарбуз					
PLX-НФ-00001806	dup:Гарбуз					
PLX-НФ-00001807	dup:Гарбуз					
PLX-НФ-00001808	dup:Гарбуз					
PLX-НФ-00001809	dup:Гарбуз					
PLX-НФ-00001810	dup:Гарбуз					
PLX-НФ-00001811	dup:Гарбуз					
PLX-НФ-00001812	dup:Гарбуз					
PLX-НФ-00001813	dup:Гарбуз					
PLX-НФ-00001814	dup:Гарбуз					
PLX-НФ-00001815	dup:Гарбуз					
PLX-НФ-00001816	dup:Гарбуз					
PLX-НФ-00001817	dup:Гарбуз					
PLX-НФ-00001818	dup:Гарбуз					
PLX-НФ-00001819	dup:Гарбуз					
PLX-НФ-00001829	dup:Гарбуз					
PLX-НФ-00001830	dup:Гарбуз					
PLX-НФ-00001831	dup:Гарбуз					
PLX-НФ-00001832	dup:Гарбуз					
PLX-НФ-00001833	dup:Гарбуз					
PLX-НФ-00001834	dup:Гарбуз					
PLX-НФ-00001835	dup:Гарбуз					
PLX-НФ-00001836	dup:Гарбуз					
PLX-НФ-00001837	dup:Гарбуз					
PLX-НФ-00001838	dup:Гарбуз					
PLX-НФ-00001839	dup:Гарбуз					
PLX-НФ-00001843	dup:Гарбуз					
PLX-НФ-00001846	dup:Гарбуз					
PLX-НФ-00001847	dup:Гарбуз					
PLX-НФ-00001848	dup:Гарбуз					
PLX-НФ-00001850	dup:Гарбуз					
PLX-НФ-00001851	dup:Гарбуз					
PLX-НФ-00001852	dup:Гарбуз					
PLX-НФ-00001853	dup:Гарбуз					
PLX-НФ-00001854	dup:Едім		Shopping_ads	ne_v_nayavnosti		
PLX-НФ-00001856	dup:Гарбуз					
PLX-НФ-00001857	dup:Гарбуз					
PLX-НФ-00001859	dup:Гарбуз					
PLX-НФ-00001860	dup:Гарбуз					
PLX-НФ-00001862	dup:Гарбуз					
PLX-НФ-00001863	dup:Гарбуз					
PLX-НФ-00001865	dup:Гарбуз					
PLX-НФ-00001868	dup:Гарбуз					
PLX-НФ-00001875	dup:Гарбуз					
PLX-НФ-00001876	dup:Гарбуз					
PLX-НФ-00001877	dup:Гарбуз					
PLX-НФ-00001878	dup:Гарбуз					
PLX-НФ-00001879	dup:Гарбуз					
PLX-НФ-00001880	dup:Гарбуз					
PLX-НФ-00001881	dup:Едім		Shopping_ads	ne_v_nayavnosti		
PLX-НФ-00001882	dup:Гарбуз					
PLX-НФ-00001883	dup:Гарбуз					
PLX-НФ-00001884	dup:Гарбуз					
PLX-НФ-00001885	dup:Гарбуз					
PLX-НФ-00001886	dup:Гарбуз					
PLX-НФ-00001887	dup:Гарбуз					
PLX-НФ-00001890	dup:Гарбуз					
PLX-НФ-00001894	dup:Едім		Shopping_ads	ne_v_nayavnosti		
PLX-НФ-00001896	dup:Гарбуз					
PLX-НФ-00001897	dup:Гарбуз					
PLX-НФ-00001899	dup:Гарбуз					
PLX-НФ-00001900	dup:Гарбуз					
PLX-НФ-00001901	dup:Гарбуз					
PLX-НФ-00001903	dup:Гарбуз					
PLX-НФ-00001904	dup:Гарбуз					
PLX-НФ-00001905	dup:Гарбуз					
PLX-НФ-00001907	dup:Гарбуз					
PLX-НФ-00001909	dup:Гарбуз					
PLX-НФ-00001910	dup:Гарбуз					
PLX-НФ-00001911	dup:Гарбуз		Shopping_ads	ne_v_prajsi		
PLX-НФ-00001912	dup:Гарбуз					
PLX-НФ-00001913	dup:Гарбуз					
PLX-НФ-00001914	dup:Гарбуз					
PLX-НФ-00001915	dup:Гарбуз					
PLX-НФ-00001917	dup:Гарбуз					
PLX-НФ-00001919	dup:Гарбуз					
PLX-НФ-00001920	dup:Едім		Shopping_ads	ne_v_nayavnosti		
PLX-НФ-00001921	dup:Едім		Shopping_ads	ne_v_nayavnosti		
PLX-НФ-00001922	dup:Гарбуз					
PLX-НФ-00001923	dup:Гарбуз					
PLX-НФ-00001924	dup:Гарбуз					
PLX-НФ-00001925	dup:Гарбуз					
PLX-НФ-00001927	dup:Гарбуз					
PLX-НФ-00001928	dup:Гарбуз					
PLX-НФ-00001929	dup:Гарбуз					
PLX-НФ-00001930	dup:Гарбуз					
PLX-НФ-00001931	dup:Гарбуз					
PLX-НФ-00001933	dup:Гарбуз					
PLX-НФ-00001934	dup:Гарбуз					
PLX-НФ-00001935	dup:Гарбуз					
PLX-НФ-00001936	dup:Гарбуз					
PLX-НФ-00001937	dup:Гарбуз					
PLX-НФ-00001946	dup:Гарбуз					
PLX-НФ-00001947	dup:Гарбуз					
PLX-НФ-00001948	dup:Гарбуз					
PLX-НФ-00001949	dup:Гарбуз					
PLX-НФ-00001950	dup:Гарбуз					
PLX-НФ-00001951	dup:Гарбуз					
PLX-НФ-00001953	dup:Гарбуз					
PLX-НФ-00001954	dup:Гарбуз					
PLX-НФ-00001955	dup:Гарбуз					
PLX-НФ-00001956	dup:Гарбуз					
PLX-НФ-00001957	dup:Гарбуз					
PLX-НФ-00001958	dup:Гарбуз					
PLX-НФ-00001959	dup:Гарбуз					
PLX-НФ-00002053	dup:Гарбуз					
PLX-НФ-00002054	dup:Гарбуз					
PLX-НФ-00002055	dup:Гарбуз					
PLX-НФ-00002065	dup:Гарбуз					
PLX-НФ-00002066	dup:Гарбуз					
PLX-НФ-00002067	dup:Гарбуз					
PLX-НФ-00002068	dup:Гарбуз					
PLX-НФ-00002069	dup:Гарбуз					
PLX-НФ-00002070	dup:Гарбуз					
PLX-НФ-00002071	dup:Гарбуз					
PLX-НФ-00002072	dup:Гарбуз					
PLX-НФ-00002073	dup:Гарбуз					
PLX-НФ-00002075	dup:Гарбуз					
PLX-НФ-00002076	dup:Гарбуз					
PLX-НФ-00002077	dup:Гарбуз					
PLX-НФ-00002079	dup:Гарбуз					
PLX-НФ-00002080	dup:Гарбуз					
PLX-НФ-00002167	dup:Гарбуз					
PLX-НФ-00002168	dup:Гарбуз					
PLX-НФ-00002187	dup:Гарбуз					
PLX-НФ-00002189	dup:Гарбуз					
PLX-НФ-00002190	dup:Гарбуз					
PLX-НФ-00002192	dup:Гарбуз					
PLX-НФ-00002193	dup:Гарбуз					
PLX-НФ-00002216	dup:Гарбуз					
PLX-НФ-00002217	dup:Гарбуз					
PLX-НФ-00002218	dup:Гарбуз					
PLX-НФ-00002219	dup:Гарбуз					
PLX-НФ-00002220	dup:Гарбуз					
PLX-НФ-00002221	dup:Гарбуз					
PLX-НФ-00002222	dup:Гарбуз					
PLX-НФ-00002223	dup:Гарбуз					
PLX-НФ-00002224	dup:Гарбуз					
PLX-НФ-00002225	dup:Гарбуз					
PLX-НФ-00002226	dup:Гарбуз					
PLX-НФ-00002227	dup:Гарбуз					
PLX-НФ-00002234	dup:Гарбуз					
PLX-НФ-00002235	dup:Гарбуз					
PLX-НФ-00002236	dup:Гарбуз					
PLX-НФ-00002237	dup:Гарбуз					
PLX-НФ-00002238	dup:Гарбуз					
PLX-НФ-00002239	dup:Гарбуз					
PLX-НФ-00002240	dup:Гарбуз					
PLX-НФ-00002241	dup:Едім		Shopping_ads	ne_v_nayavnosti		
PLX-НФ-00002243	dup:Гарбуз					
PLX-НФ-00002244	dup:Гарбуз					
PLX-НФ-00002245	dup:Гарбуз					
PLX-НФ-00002246	dup:Гарбуз					
PLX-НФ-00002247	dup:Гарбуз					
PLX-НФ-00002248	dup:Гарбуз					
PLX-НФ-00002249	dup:Гарбуз					
PLX-НФ-00002250	dup:Гарбуз					
PLX-НФ-00002251	dup:Гарбуз					
PLX-НФ-00002252	dup:Гарбуз					
PLX-НФ-00002253	dup:Гарбуз					
PLX-НФ-00002254	dup:Гарбуз					
PLX-НФ-00002255	dup:Гарбуз					
PLX-НФ-00002257	dup:Гарбуз					
PLX-НФ-00002258	dup:Гарбуз					
PLX-НФ-00002259	dup:Гарбуз					
PLX-НФ-00002260	dup:Гарбуз					
PLX-НФ-00002261	dup:Гарбуз					
PLX-НФ-00002262	dup:Гарбуз					
PLX-НФ-00002265	dup:Гарбуз					
PLX-НФ-00002266	dup:Гарбуз					
PLX-НФ-00002267	dup:Гарбуз					
PLX-НФ-00002269	dup:Гарбуз					
PLX-НФ-00002270	dup:Гарбуз					
PLX-НФ-00002271	dup:Гарбуз					
PLX-НФ-00002272	dup:Гарбуз					
PLX-НФ-00002274	dup:Гарбуз					
PLX-НФ-00002275	dup:Гарбуз					
PLX-НФ-00002276	dup:Гарбуз					
PLX-НФ-00002277	dup:Гарбуз					
PLX-НФ-00002279	dup:Едім		Shopping_ads	ne_v_nayavnosti		
PLX-НФ-00002280	dup:Гарбуз					
PLX-НФ-00002281	dup:Едім		Shopping_ads	ne_v_nayavnosti		
PLX-НФ-00002285	dup:Гарбуз					
PLX-НФ-00002286	dup:Гарбуз					
PLX-НФ-00002330	dup:Гарбуз					
PLX-НФ-00002331	dup:Гарбуз					
PLX-НФ-00002332	dup:Гарбуз					
PLX-НФ-00002335	dup:Гарбуз					
PLX-НФ-00002336	dup:Гарбуз					
PLX-НФ-00002337	dup:Гарбуз					
PLX-НФ-00002338	dup:Гарбуз					
PLX-НФ-00002339	dup:Гарбуз					
PLX-НФ-00002344	dup:Гарбуз					
PLX-НФ-00002350	dup:Гарбуз					
PLX-НФ-00002396	dup:Гарбуз					
PLX-НФ-00002397	dup:Гарбуз					
PLX-НФ-00002398	dup:Гарбуз					
PLX-НФ-00002399	dup:Едім		Shopping_ads	ne_v_nayavnosti		
PLX-НФ-00002400	dup:Гарбуз					
PLX-НФ-00002401	dup:Гарбуз					
PLX-НФ-00002402	dup:Гарбуз					
PLX-НФ-00002403	dup:Гарбуз					
PLX-НФ-00002404	dup:Едім		Shopping_ads	ne_v_nayavnosti		
PLX-НФ-00002405	dup:Гарбуз					
PLX-НФ-00002441	dup:Гарбуз					
PLX-НФ-00002442	dup:Гарбуз					
PLX-НФ-00002444	dup:Гарбуз					
PLX-НФ-00002445	dup:Гарбуз					
PLX-НФ-00002446	dup:Гарбуз					
PLX-НФ-00002452	dup:Гарбуз					
PLX-НФ-00002457	dup:Гарбуз					
PLX-НФ-00002458	dup:Гарбуз					
PLX-НФ-00002459	dup:Гарбуз					
PLX-НФ-00002460	dup:Гарбуз					
PLX-НФ-00002461	dup:Гарбуз					
PLX-НФ-00002462	dup:Гарбуз					
PLX-НФ-00002464	dup:Гарбуз					
PLX-НФ-00002465	dup:Гарбуз					
PLX-НФ-00002466	dup:Гарбуз					
PLX-НФ-00002468	dup:Гарбуз					
PLX-НФ-00002469	dup:Гарбуз					
PLX-НФ-00002470	dup:Гарбуз					
PLX-НФ-00002471	dup:Гарбуз					
PLX-НФ-00002472	dup:Гарбуз					
PLX-НФ-00002473	dup:Гарбуз					
PLX-НФ-00002474	dup:Гарбуз					
PLX-НФ-00002475	dup:Гарбуз					
PLX-НФ-00002476	dup:Гарбуз					
PLX-НФ-00002477	dup:Гарбуз					
PLX-НФ-00002478	dup:Гарбуз					
PLX-НФ-00002479	dup:Гарбуз					
PLX-НФ-00002480	dup:Гарбуз					
PLX-НФ-00002481	dup:Гарбуз					
PLX-НФ-00002482	dup:Гарбуз					
PLX-НФ-00002483	dup:Гарбуз					
PLX-НФ-00002484	dup:Гарбуз					
PLX-НФ-00002514	dup:Гарбуз					
PLX-НФ-00002515	dup:Гарбуз					
PLX-НФ-00002516	dup:Гарбуз					
PLX-НФ-00002517	dup:Гарбуз					
PLX-НФ-00002518	dup:Гарбуз					
PLX-НФ-00002519	dup:Гарбуз					
PLX-НФ-00002520	dup:Гарбуз					
PLX-НФ-00002521	dup:Гарбуз					
PLX-НФ-00002522	dup:Гарбуз					
PLX-НФ-00002523	dup:Гарбуз					
PLX-НФ-00002526	dup:Гарбуз					
PLX-НФ-00002527	dup:Гарбуз					
PLX-НФ-00002528	dup:Гарбуз					
PLX-НФ-00002529	dup:Гарбуз					
PLX-НФ-00002530	dup:Гарбуз					
PLX-НФ-00002531	dup:Гарбуз					
PLX-НФ-00002533	dup:Гарбуз					
PLX-НФ-00002534	dup:Гарбуз					
PLX-НФ-00002575	dup:Гарбуз					
PLX-НФ-00002586	dup:Гарбуз					
PLX-НФ-00002587	dup:Гарбуз					
PLX-НФ-00002588	dup:Гарбуз					
PLX-НФ-00002589	dup:Гарбуз					
PLX-НФ-00002590	dup:Гарбуз					
PLX-НФ-00002591	dup:Гарбуз					
PLX-НФ-00002592	dup:Гарбуз					
PLX-НФ-00002593	dup:Гарбуз					
PLX-НФ-00002594	dup:Гарбуз					
PLX-НФ-00002595	dup:Гарбуз					
PLX-НФ-00002596	dup:Гарбуз					
PLX-НФ-00002597	dup:Гарбуз					
PLX-НФ-00002618	dup:Гарбуз					
PLX-НФ-00002619	dup:Гарбуз					
PLX-НФ-00002620	dup:Гарбуз					
PLX-НФ-00002621	dup:Гарбуз					
PLX-НФ-00002622	dup:Гарбуз					
PLX-НФ-00002623	dup:Гарбуз					
PLX-НФ-00002624	dup:Гарбуз					
PLX-НФ-00002625	dup:Гарбуз					
PLX-НФ-00002626	dup:Гарбуз					
PLX-НФ-00002628	dup:Гарбуз					
PLX-НФ-00002629	dup:Гарбуз					
PLX-НФ-00002630	dup:Гарбуз					
PLX-НФ-00002631	dup:Гарбуз					
PLX-НФ-00002632	dup:Гарбуз					
PLX-НФ-00002633	dup:Гарбуз					
PLX-НФ-00002634	dup:Гарбуз					
PLX-НФ-00002635	dup:Гарбуз					
PLX-НФ-00002636	dup:Гарбуз					
PLX-НФ-00002637	dup:Гарбуз					
PLX-НФ-00002638	dup:Гарбуз					
PLX-НФ-00002639	dup:Гарбуз					
PLX-НФ-00002640	dup:Гарбуз					
PLX-НФ-00002642	dup:Гарбуз					
PLX-НФ-00002643	dup:Гарбуз					
PLX-НФ-00002644	dup:Гарбуз					
PLX-НФ-00002645	dup:Гарбуз					
PLX-НФ-00002646	dup:Гарбуз					
PLX-НФ-00002647	dup:Гарбуз					
PLX-НФ-00002648	dup:Гарбуз					
PLX-НФ-00002649	dup:Гарбуз					
PLX-НФ-00002650	dup:Гарбуз					
PLX-НФ-00002651	dup:Гарбуз					
PLX-НФ-00002652	dup:Гарбуз					
PLX-НФ-00002653	dup:Гарбуз					
PLX-НФ-00002654	dup:Гарбуз					
PLX-НФ-00002657	dup:Гарбуз					
PLX-НФ-00002658	dup:Гарбуз					
PLX-НФ-00002659	dup:Гарбуз					
PLX-НФ-00002660	dup:Гарбуз					
PLX-НФ-00002661	dup:Гарбуз					
PLX-НФ-00002662	dup:Гарбуз					
PLX-НФ-00002663	dup:Гарбуз					
PLX-НФ-00002664	dup:Гарбуз					
PLX-НФ-00002667	dup:Гарбуз					
PLX-НФ-00002668	dup:Гарбуз					
PLX-НФ-00002669	dup:Гарбуз					
PLX-НФ-00002670	dup:Гарбуз					
PLX-НФ-00002671	dup:Гарбуз					
PLX-НФ-00002672	dup:Гарбуз					
PLX-НФ-00002673	dup:Гарбуз					
PLX-НФ-00002676	dup:Гарбуз					
PLX-НФ-00002678	dup:Гарбуз					
PLX-НФ-00002679	dup:Гарбуз					
PLX-НФ-00002680	dup:Гарбуз					
PLX-НФ-00002681	dup:Гарбуз					
PLX-НФ-00002684	dup:Едім		Shopping_ads	ne_v_nayavnosti		
PLX-НФ-00002685	dup:Гарбуз					
PLX-НФ-00002686	dup:Гарбуз					
PLX-НФ-00002687	dup:Гарбуз					
PLX-НФ-00002688	dup:Гарбуз					
PLX-НФ-00002691	dup:Гарбуз					
PLX-НФ-00002692	dup:Гарбуз					
PLX-НФ-00002693	dup:Гарбуз					
PLX-НФ-00002694	dup:Гарбуз					
PLX-НФ-00002695	dup:Гарбуз					
PLX-НФ-00002696	dup:Гарбуз					
PLX-НФ-00002699	dup:Гарбуз					
PLX-НФ-00002700	dup:Гарбуз					
PLX-НФ-00002701	dup:Гарбуз					
PLX-НФ-00002702	dup:Гарбуз					
PLX-НФ-00002703	dup:Гарбуз					
PLX-НФ-00002706	dup:Гарбуз					
PLX-НФ-00002707	dup:Гарбуз					
PLX-НФ-00002708	dup:Гарбуз					
PLX-НФ-00002709	dup:Гарбуз					
PLX-НФ-00002712	dup:Гарбуз					
PLX-НФ-00002713	dup:Гарбуз					
PLX-НФ-00002716	dup:Гарбуз					
PLX-НФ-00002720	dup:Гарбуз					
PLX-НФ-00002721	dup:Гарбуз					
PLX-НФ-00002724	dup:Гарбуз					
PLX-НФ-00002725	dup:Гарбуз					
PLX-НФ-00002728	dup:Гарбуз					
PLX-НФ-00002729	dup:Гарбуз					
PLX-НФ-00002733	dup:Гарбуз					
PLX-НФ-00002734	dup:Гарбуз					
PLX-НФ-00002735	dup:Гарбуз					
PLX-НФ-00002736	dup:Гарбуз					
PLX-НФ-00002739	dup:Гарбуз					
PLX-НФ-00002741	dup:Гарбуз					
PLX-НФ-00002742	dup:Едім		Shopping_ads	ne_v_nayavnosti		
PLX-НФ-00002743	dup:Гарбуз					
PLX-НФ-00002744	dup:Гарбуз					
PLX-НФ-00002745	dup:Гарбуз					
PLX-НФ-00002747	dup:Гарбуз					
PLX-НФ-00002748	dup:Гарбуз					
PLX-НФ-00002749	dup:Гарбуз					
PLX-НФ-00002750	dup:Гарбуз					
PLX-НФ-00002753	dup:Гарбуз					
PLX-НФ-00002756	dup:Гарбуз					
PLX-НФ-00002757	dup:Гарбуз					
PLX-НФ-00002758	dup:Гарбуз					
PLX-НФ-00002759	dup:Гарбуз					
PLX-НФ-00002760	dup:Гарбуз					
PLX-НФ-00002761	dup:Гарбуз					
PLX-НФ-00002762	dup:Гарбуз					
PLX-НФ-00002763	dup:Гарбуз					
PLX-НФ-00002764	dup:Едім		Shopping_ads	ne_v_nayavnosti		
PLX-НФ-00002765	dup:Едім		Shopping_ads	ne_v_nayavnosti		
PLX-НФ-00002766	dup:Гарбуз					
PLX-НФ-00002767	dup:Едім		Shopping_ads	ne_v_nayavnosti		
PLX-НФ-00002768	dup:Гарбуз					
PLX-НФ-00002769	dup:Едім		Shopping_ads	ne_v_nayavnosti		
PLX-НФ-00002770	dup:Едім		Shopping_ads	ne_v_nayavnosti		
PLX-НФ-00002771	dup:Едім		Shopping_ads	ne_v_nayavnosti		
PLX-НФ-00002772	dup:Гарбуз					
PLX-НФ-00002775	dup:Гарбуз					
PLX-НФ-00002776	dup:Едім		Shopping_ads	ne_v_nayavnosti		
PLX-НФ-00002777	dup:Гарбуз					
PLX-НФ-00002778	dup:Гарбуз					
PLX-НФ-00002779	dup:Гарбуз					
PLX-НФ-00002780	dup:Гарбуз					
PLX-НФ-00002781	dup:Гарбуз					
PLX-НФ-00002782	dup:Гарбуз					
PLX-НФ-00002783	dup:Гарбуз					
PLX-НФ-00002784	dup:Гарбуз					
PLX-НФ-00002798	dup:Гарбуз					
PLX-НФ-00002799	dup:Гарбуз					
PLX-НФ-00002800	dup:Гарбуз					
PLX-НФ-00002801	dup:Гарбуз					
PLX-НФ-00002802	dup:Гарбуз					
PLX-НФ-00002803	dup:Гарбуз					
PLX-НФ-00002805	dup:Гарбуз					
PLX-НФ-00002806	dup:Гарбуз					
PLX-НФ-00002821	dup:Гарбуз					
PLX-НФ-00002822	dup:Гарбуз					
PLX-НФ-00002824	dup:Гарбуз					
PLX-НФ-00002825	dup:Гарбуз					
PLX-НФ-00002826	dup:Гарбуз					
PLX-НФ-00002827	dup:Гарбуз					
PLX-НФ-00002828	dup:Гарбуз					
PLX-НФ-00002831	dup:Едім		Shopping_ads	ne_v_nayavnosti		
PLX-НФ-00002832	dup:Гарбуз					
PLX-НФ-00002833	dup:Гарбуз					
PLX-НФ-00002834	dup:Едім		Shopping_ads	ne_v_nayavnosti		
PLX-НФ-00002835	dup:Гарбуз					
PLX-НФ-00002838	dup:Гарбуз					
PLX-НФ-00002842	dup:Гарбуз					
PLX-НФ-00002843	dup:Гарбуз					
PLX-НФ-00002854	dup:Гарбуз					
PLX-НФ-00002855	dup:Гарбуз					
PLX-НФ-00002856	dup:Гарбуз					
PLX-НФ-00002857	dup:Едім		Shopping_ads	ne_v_nayavnosti		
PLX-НФ-00002914	dup:Гарбуз					
PLX-НФ-00002915	dup:Гарбуз					
PLX-НФ-00002916	dup:Гарбуз					
PLX-НФ-00002917	dup:Гарбуз					
PLX-НФ-00002918	dup:Гарбуз					
PLX-НФ-00002919	dup:Гарбуз					
PLX-НФ-00002921	dup:Гарбуз					
PLX-НФ-00002924	dup:Гарбуз					
PLX-НФ-00002925	dup:Гарбуз					
PLX-НФ-00002927	dup:Гарбуз					
PLX-НФ-00002928	dup:Гарбуз					
PLX-НФ-00002929	dup:Гарбуз					
PLX-НФ-00002931	dup:Гарбуз					
PLX-НФ-00002932	dup:Гарбуз					
PLX-НФ-00002933	dup:Гарбуз					
PLX-НФ-00002946	dup:Гарбуз					
PLX-НФ-00002979	dup:Гарбуз					
PLX-НФ-00002980	dup:Гарбуз					
PLX-НФ-00002983	dup:Гарбуз					
PLX-НФ-00002986	dup:Гарбуз		Shopping_ads	ne_v_prajsi		
PLX-НФ-00002987	dup:Гарбуз					
PLX-НФ-00003002	dup:Гарбуз					
PLX-НФ-00003003	dup:Гарбуз					
PLX-НФ-00003007	dup:Гарбуз					
PLX-НФ-00003145	dup:Едім		Shopping_ads	ne_v_nayavnosti		
PLX-НФ-00003146	dup:Гарбуз					
PLX-НФ-00003147	dup:Гарбуз					
PLX-НФ-00003148	dup:Гарбуз					
PLX-НФ-00003156	dup:Гарбуз					
PLX-НФ-00003157	dup:Гарбуз					
PLX-НФ-00003158	dup:Гарбуз					
PLX-НФ-00003159	dup:Гарбуз					
PLX-НФ-00003160	dup:Гарбуз					
PLX-НФ-00003161	dup:Гарбуз					
PLX-НФ-00003162	dup:Гарбуз					
PLX-НФ-00003163	dup:Гарбуз					
PLX-НФ-00003164	dup:Гарбуз					
PLX-НФ-00003165	dup:Гарбуз					
PLX-НФ-00003168	dup:Гарбуз					
PLX-НФ-00003201	dup:Гарбуз					
PLX-НФ-00003203	dup:Гарбуз					
PLX-НФ-00003204	dup:Гарбуз					
PLX-НФ-00003205	dup:Гарбуз					
PLX-НФ-00003206	dup:Гарбуз					prybutok
PLX-НФ-00003209	dup:Гарбуз					
PLX-НФ-00003210	dup:Гарбуз					
PLX-НФ-00003211	dup:Гарбуз					
PLX-НФ-00003212	dup:Гарбуз					
PLX-НФ-00003213	dup:Гарбуз					
PLX-НФ-00003214	dup:Гарбуз					
PLX-НФ-00003216	dup:Гарбуз					
PLX-НФ-00003235	dup:Гарбуз					
PLX-НФ-00003236	dup:Гарбуз					
PLX-НФ-00003237	dup:Гарбуз					
PLX-НФ-00003248	dup:Гарбуз					
PLX-НФ-00003249	dup:Гарбуз					
PLX-НФ-00003250	dup:Гарбуз					
PLX-НФ-00003251	dup:Гарбуз					
PLX-НФ-00003252	dup:Гарбуз					
PLX-НФ-00003253	dup:Гарбуз					
PLX-НФ-00003254	dup:Гарбуз					
PLX-НФ-00003255	dup:Гарбуз					
PLX-НФ-00003256	dup:Гарбуз					
PLX-НФ-00003334	dup:Гарбуз					
PLX-НФ-00003337	dup:Гарбуз					
PLX-НФ-00003341	dup:Гарбуз					
PLX-НФ-00003345	dup:Гарбуз					
PLX-НФ-00003348	dup:Гарбуз					
PLX-НФ-00003351	dup:Гарбуз					
PLX-НФ-00003353	dup:Гарбуз					
PLX-НФ-00003355	dup:Гарбуз					
PLX-НФ-00003357	dup:Гарбуз					
PLX-НФ-00003362	dup:Гарбуз					
PLX-НФ-00003363	dup:Гарбуз					
PLX-НФ-00003364	dup:Гарбуз					
PLX-НФ-00003365	dup:Гарбуз					
PLX-НФ-00003366	dup:Гарбуз					
PLX-НФ-00003367	dup:Гарбуз					
PLX-НФ-00003368	dup:Гарбуз					
PLX-НФ-00003369	dup:Гарбуз					
PLX-НФ-00003370	dup:Гарбуз					
PLX-НФ-00003371	dup:Гарбуз					
PLX-НФ-00003372	dup:Гарбуз					
PLX-НФ-00003373	dup:Гарбуз					
PLX-НФ-00003476	dup:Гарбуз					
PLX-НФ-00003477	dup:Гарбуз					
PLX-НФ-00003478	dup:Гарбуз					
PLX-НФ-00003479	dup:Гарбуз					
PLX-НФ-00003480	dup:Гарбуз					
PLX-НФ-00003481	dup:Гарбуз					
PLX-НФ-00003482	dup:Гарбуз					
PLX-НФ-00003483	dup:Гарбуз					
PLX-НФ-00003484	dup:Гарбуз					
PLX-НФ-00003591	dup:Едім		Shopping_ads	ne_v_nayavnosti		
PLX-НФ-00003592	dup:Гарбуз					
PLX-НФ-00003593	dup:Гарбуз					
PLX-НФ-00003594	dup:Гарбуз					
PLX-НФ-00003595	dup:Гарбуз					
PLX-НФ-00003596	dup:Гарбуз					
PLX-НФ-00003610	dup:Гарбуз					
PLX-НФ-00003611	dup:Гарбуз					
PLX-НФ-00003612	dup:Гарбуз					
PLX-НФ-00003614	dup:Гарбуз					
PLX-НФ-00003615	dup:Гарбуз					
PLX-НФ-00003616	dup:Гарбуз					
PLX-НФ-00003621	dup:Гарбуз					
PLX-НФ-00003622	dup:Гарбуз					
PLX-НФ-00003623	dup:Гарбуз					
PLX-НФ-00003844	dup:Гарбуз					
PLX-НФ-00003845	dup:Гарбуз					
PLX-НФ-00003846	dup:Гарбуз					prybutok
PLX-НФ-00003847	dup:Гарбуз					
PLX-НФ-00003865	dup:Гарбуз					
PLX-НФ-00003866	dup:Гарбуз					
PLX-НФ-00003867	dup:Гарбуз					
PLX-НФ-00003872	dup:Гарбуз					
PLX-НФ-00003874	dup:Гарбуз					
PLX-НФ-00003934	dup:Гарбуз					
PLX-НФ-00003935	dup:Гарбуз					
PLX-НФ-00003936	dup:Гарбуз					
PLX-НФ-00003937	dup:Гарбуз					
PLX-НФ-00003938	dup:Гарбуз					
PLX-НФ-00003939	dup:Гарбуз					
PLX-НФ-00003940	dup:Гарбуз					
PLX-НФ-00003941	dup:Гарбуз					
PLX-НФ-00003942	dup:Гарбуз					
PLX-НФ-00003943	dup:Гарбуз					
PLX-НФ-00003944	dup:Гарбуз					
PLX-НФ-00003945	dup:Едім		Shopping_ads	ne_v_nayavnosti		
PLX-НФ-00003947	dup:Гарбуз					
PLX-НФ-00003948	dup:Гарбуз					
PLX-НФ-00003954	dup:Гарбуз					
PLX-НФ-00003955	dup:Гарбуз					
PLX-НФ-00003957	dup:Гарбуз					
PLX-НФ-00003958	dup:Гарбуз					
PLX-НФ-00003959	dup:Гарбуз					
PLX-НФ-00003965	dup:Гарбуз					
PLX-НФ-00003993	dup:Гарбуз					
PLX-НФ-00003994	dup:Гарбуз					
PLX-НФ-00003995	dup:Гарбуз					
PLX-П-14	dup:Гарбуз					
PLX-П-16	dup:Гарбуз					
PLX-П-18	dup:Гарбуз					
PLX-П-20	dup:Гарбуз					
PLX-П-22	dup:Гарбуз					
PLX-П-24	dup:Гарбуз					
PLX-П-26	dup:Гарбуз					
PLX-П-28	dup:Гарбуз					
PLX-П-30	dup:Гарбуз					
PLX-П-32	dup:Гарбуз					
PLX-П-34	dup:Едім		Shopping_ads	ne_v_nayavnosti		
PLX-П-36	dup:Гарбуз					
PLX-П-40	dup:Гарбуз					
PLX-СК-01-01	dup:Гарбуз					
PLX-СК-01-02	dup:Гарбуз					
PLX-СК-01-03	dup:Гарбуз					
PLX-СК-01-05	dup:Гарбуз					
PLX-СК-01-06	dup:Гарбуз					
PLX-СК-01-07	dup:Гарбуз					
PLX-СК-01-08	dup:Гарбуз					
PLX-СК-01-09	dup:Гарбуз					
PLX-СК-01-10	dup:Гарбуз					
PLX-СК-01-11	dup:Гарбуз					
PLX-СК-01-12	dup:Гарбуз					
PLX-СК-01-13	dup:Гарбуз					
PLX-СК-01-14	dup:Гарбуз		Shopping_ads	ne_v_prajsi		
PLX-СК-01-15	dup:Гарбуз					
PLX-СК-01-16	dup:Гарбуз					
PLX-СК-01-17	dup:Гарбуз		Shopping_ads	ne_v_prajsi		
PLX-СК-01-18	dup:Гарбуз					
PLX-СК-02-01	dup:Гарбуз					
PLX-СК-02-02	dup:Гарбуз					
PLX-СК-02-04	dup:Гарбуз					
PLX-СК-02-05	dup:Гарбуз					
PLX-СК-03-01	dup:Гарбуз					
PLX-СК-03-03	dup:Гарбуз					
PLX-СК-03-04	dup:Гарбуз					
PLX-СК-03-05	dup:Гарбуз					
PLX-СК-03-06	dup:Гарбуз					
PLX-СК-03-07	dup:Гарбуз					
PLX-СК-03-08	dup:Гарбуз					
PLX-СК-03-09	dup:Гарбуз					
PLX-СК-03-10	dup:Гарбуз					
PLX-СК-03-11	dup:Гарбуз					
PLX-СК-03-12	dup:Гарбуз					
PLX-СК-03-13	dup:Гарбуз					
PLX-СК-03-14	dup:Гарбуз					
PLX-СК-03-16	dup:Едім		Shopping_ads	ne_v_nayavnosti		
PLX-СК-03-19	dup:Гарбуз					
PLX-СК-03-20	dup:Гарбуз					
PLX-СК-03-21	dup:Гарбуз					
PLX-СК-03-22	dup:Гарбуз					
PLX-СК-03-23	dup:Гарбуз					
PLX-СК-03-24	dup:Гарбуз					
PLX-СК-03-25	dup:Гарбуз					
PLX-СК-03-П-04	dup:Гарбуз					
PLX-СК-03-П-05	dup:Гарбуз					prybutok
PLX-СК-03-П-06	dup:Гарбуз					
PLX-СК-03-П-07	dup:Гарбуз					
PLX-СК-03-Ш-01	dup:Гарбуз					
PLX-СК-03-Ш-02	dup:Гарбуз					
PLX-СК-03-Ш-03	dup:Гарбуз					
PLX-СК-03-Ш-04	dup:Гарбуз					
PLX-СК-03-Ш-05	dup:Гарбуз					
PLX-СК-03-Ш-07	dup:Гарбуз					
PLX-СК-03-Ш-08	dup:Гарбуз					
PLX-СК-03-Ш-09	dup:Гарбуз					
PLX-СК-03-Ш-10	dup:Гарбуз					
PLX-СК-03-Ш-11	dup:Гарбуз					
PLX-СК-03-Ш-12	dup:Гарбуз					
PLX-СК-03-Ш-13	dup:Гарбуз					
PLX-СК-03-Ш-14	dup:Гарбуз					
PLX-СК-03-Ш-15	dup:Гарбуз					
PLX-СК-03-Ш-16	dup:Гарбуз					
PLX-СК-03-Ш-17	dup:Гарбуз					prybutok
PLX-СК-03-Ш-18	dup:Гарбуз					
PLX-СК-03-Ш-19	dup:Гарбуз					
PLX-СК-03-Ш-20	dup:Гарбуз					
PLX-СК-03-Ш-21	dup:Гарбуз					
PLX-СК-03-Ш-22	dup:Гарбуз					
PLX-СК-03-Ш-23	dup:Гарбуз					
PLX-СК-03-Ш-24	dup:Гарбуз					
PLX-СК-03-Ш-25	dup:Гарбуз					
PLX-СК-03-Ш-26	dup:Гарбуз					
PLX-СК-03-Ш-27	dup:Гарбуз					
PLX-СК-03-Ш-29	dup:Гарбуз					
PLX-СК-04-01	dup:Гарбуз					
PLX-СК-04-02	dup:Гарбуз					
PLX-СК-04-03	dup:Гарбуз					
PLX-СК-04-04	dup:Гарбуз					
PLX-СК-04-05	dup:Гарбуз					
PLX-СК-04-06	dup:Едім		Shopping_ads	ne_v_nayavnosti		
PLX-СК-04-07	dup:Гарбуз					
PLX-СК-04-08	dup:Гарбуз					
PLX-СК-04-09	dup:Гарбуз					
PLX-СК-04-10	dup:Гарбуз					
PLX-СК-04-11	dup:Гарбуз					
PLX-СК-04-12	dup:Гарбуз					
PLX-СК-04-13	dup:Гарбуз					
PLX-СК-04-14	dup:Гарбуз					
PLX-СК-04-15	dup:Гарбуз					
PLX-СК-04-16	dup:Гарбуз					
PLX-СК-04-17	dup:Гарбуз					
PLX-СК-04-18	dup:Едім		Shopping_ads	ne_v_nayavnosti		
PLX-СК-04-19	dup:Гарбуз					
PLX-СК-04-20	dup:Гарбуз					
PLX-СК-04-21	dup:Гарбуз					
PLX-СК-04-22	dup:Гарбуз					
PLX-СК-04-23	dup:Гарбуз					
PLX-СК-04-24	dup:Гарбуз					
PLX-СК-04-25	dup:Гарбуз					
PLX-СК-04-26	dup:Гарбуз					
PLX-СК-04-27	dup:Гарбуз					
PLX-СК-04-28	dup:Гарбуз					
PLX-СК-04-29	dup:Гарбуз					
PLX-СК-04-30	dup:Гарбуз					
PLX-СК-04-31	dup:Гарбуз					
PLX-СК-04-32	dup:Гарбуз					
PLX-СК-04-33	dup:Гарбуз					
PLX-СК-04-34	dup:Гарбуз					
PLX-СК-04-35	dup:Гарбуз					
PLX-СК-04-36	dup:Гарбуз					
PLX-СК-04-37	dup:Гарбуз					
PLX-СК-05-01	dup:Гарбуз					
PLX-СК-05-02	dup:Гарбуз					
PLX-СК-05-03	dup:Гарбуз					
PLX-СК-05-04	dup:Гарбуз					
PLX-СК-05-05	dup:Гарбуз					
PLX-СК-05-06	dup:Гарбуз					
PLX-СК-05-07	dup:Гарбуз					
PLX-СК-05-08	dup:Гарбуз					
PLX-СК-05-09	dup:Гарбуз					
PLX-СК-05-10	dup:Гарбуз					
PLX-СК-05-11	dup:Гарбуз					
PLX-СК-05-12	dup:Гарбуз					
PLX-СК-05-13	dup:Гарбуз					
PLX-СК-05-14	dup:Гарбуз					
PLX-СК-05-15	dup:Гарбуз					
PLX-СК-05-16	dup:Гарбуз					stop
PLX-СК-05-17	dup:Гарбуз					stop
PLX-СК-05-18	dup:Гарбуз					
PLX-СК-05-19	dup:Гарбуз					
PLX-СК-05-25	dup:Гарбуз					
PLX-СК-05-26	dup:Гарбуз					
PLX-СК-05-28	dup:Гарбуз					
PLX-СК-05-29	dup:Гарбуз					
PLX-СК-05-31	dup:Гарбуз					
PLX-СК-05-32	dup:Гарбуз					
PLX-СК-05-33	dup:Гарбуз					
PLX-СК-05-34			Shopping_ads	ne_v_nayavnosti		
PLX-СК-05-36	dup:Гарбуз					prybutok
PLX-СК-05-37	dup:Гарбуз					prybutok
PLX-СК-05-38	dup:Едім		Shopping_ads	ne_v_nayavnosti		
PLX-СК-05-39	dup:Едім		Shopping_ads	ne_v_nayavnosti		
PLX-СК-05-40	dup:Гарбуз					
PLX-СК-05-41	dup:Гарбуз					
PLX-СК-05-42	dup:Гарбуз					
PLX-СК-05-47	dup:Гарбуз					
PLX-СК-05-51	dup:Едім		Shopping_ads	ne_v_nayavnosti		
PLX-СК-06-01	dup:Гарбуз					
PLX-СК-06-02	dup:Гарбуз					
PLX-СК-06-03	dup:Гарбуз					
PLX-СК-06-04	dup:Гарбуз					
PLX-СК-06-05	dup:Гарбуз					
PLX-СК-06-06	dup:Гарбуз					
PLX-СК-06-07	dup:Гарбуз					
PLX-СК-06-08	dup:Гарбуз					
PLX-СК-06-09	dup:Гарбуз					
PLX-СК-06-10	dup:Гарбуз					
PLX-СК-06-11	dup:Гарбуз					
PLX-СК-06-12	dup:Гарбуз					
PLX-СК-06-13	dup:Гарбуз					
PLX-СК-06-14	dup:Гарбуз					
PLX-СК-06-15	dup:Гарбуз					
PLX-СК-06-16	dup:Гарбуз					
PLX-СК-07-02	dup:Гарбуз					
PLX-СК-07-03	dup:Едім		Shopping_ads	ne_v_nayavnosti		
PLX-СК-07-04	dup:Гарбуз					
PLX-СК-07-05	dup:Гарбуз					
PLX-СК-07-06	dup:Гарбуз					
PLX-СК-07-09	dup:Гарбуз					
PLX-СК-07-11	dup:Гарбуз					prybutok
PLX-СК-07-12	dup:Гарбуз					
PLX-СК-07-13	dup:Гарбуз					
PLX-СК-07-14	dup:Гарбуз					
PLX-СК-07-15	dup:Гарбуз					
PLX-СК-07-16	dup:Гарбуз					
PLX-СК-07-17	dup:Гарбуз					
PLX-СК-07-18	dup:Гарбуз					
PLX-СК-07-19	dup:Гарбуз					
PLX-СК-07-21	dup:Гарбуз					
PLX-СК-07-24	dup:Гарбуз					
PLX-СК-07-25	dup:Гарбуз					
PLX-СК-07-26	dup:Гарбуз					
PLX-СК-07-27	dup:Гарбуз					
PLX-СК-07-28	dup:Гарбуз					
PLX-СК-07-29	dup:Гарбуз					
PLX-СК-07-30	dup:Гарбуз					
PLX-СК-07-31	dup:Гарбуз					
PLX-СК-07-32	dup:Гарбуз					
PLX-СК-07-33	dup:Гарбуз					
PLX-СК-07-34	dup:Гарбуз					
PLX-СК-07-35	dup:Гарбуз					
PLX-СК-07-37	dup:Гарбуз					
PLX-СК-07-38	dup:Гарбуз					
PLX-СК-07-41	dup:Гарбуз					
PLX-СК-07-42	dup:Гарбуз					
PLX-СК-07-43	dup:Гарбуз					
PLX-СК-07-44	dup:Гарбуз					
PLX-СК-07-45	dup:Гарбуз					
PLX-СК-08-01	dup:Гарбуз					
PLX-СК-08-02	dup:Гарбуз					
PLX-СК-08-03	dup:Гарбуз					
PLX-СК-08-04	dup:Гарбуз					
PLX-СК-08-05	dup:Гарбуз					
PLX-СК-09-01	dup:Гарбуз					
PLX-СК-09-02	dup:Гарбуз					
PLX-СК-09-03	dup:Гарбуз					
PLX-СК-09-04	dup:Гарбуз					
PLX-СК-09-05	dup:Гарбуз					
PLX-СК-12-002	dup:Гарбуз					
PLX-СК-12-003	dup:Едім		Shopping_ads	ne_v_nayavnosti		
PLX-СК-12-004	dup:Гарбуз					
PLX-СК-12-007	dup:Гарбуз					
PLX-СК-12-437	dup:Гарбуз					
PLX-СК-12-438	dup:Гарбуз					
PLX-СК-12-473	dup:Гарбуз					
PLX-СН-102125М	dup:Гарбуз					
PLX-Ш-100	dup:Гарбуз					
PLX-Ш-150	dup:Гарбуз					
PLX-Ш-200	dup:Гарбуз					
PLX-Ш-250	dup:Гарбуз					
PLX-Ш-300	dup:Гарбуз					
PLX-Ш-350	dup:Гарбуз					
PLX-Ш-40	dup:Гарбуз					
PLX-Ш-450	dup:Гарбуз					
PLX-Ш-60	dup:Гарбуз					
PLX-Ш-600	dup:Гарбуз					
PLX-Ш-80	dup:Гарбуз					
PLX-ЩБ-25	dup:Гарбуз					
PLX-ЩБ-40	dup:Гарбуз					
PLX-ЩБ-50	dup:Гарбуз					
PLX-ЩК-0010	dup:Гарбуз					
PLX-ЩК-0020	dup:Гарбуз					
PLX-ЩК-0040	dup:Гарбуз					
PLX-ЩК-0050	dup:Гарбуз					
PLX-ЩК-0060	dup:Гарбуз					
PLX-ЩК-0075	dup:Гарбуз					
PLX-ЩМ-0025	dup:Гарбуз					
PLX-ЩМ-0030	dup:Гарбуз					
PLX-ЩМ-0040	dup:Гарбуз					
PLX-ЩМ-0050	dup:Гарбуз					
PLX-ЩМ-0060	dup:Гарбуз					
PLX-ЩМ-0075	dup:Гарбуз					
PLX-ЩМ-0090	dup:Гарбуз					
PLX-ЩМ-0102	dup:Гарбуз					
PLX-ЩНк-102	dup:Гарбуз					
PLX-ЩНк-25	dup:Гарбуз					
PLX-ЩНк-36	dup:Гарбуз					
PLX-ЩНк-50	dup:Гарбуз					
PLX-ЩНк-63	dup:Гарбуз					
PLX-ЩНк-76	dup:Гарбуз					
S600	dup:Едім		Shopping_ads	ne_v_nayavnosti		stop
SK-603	dup:Едім		Shopping_ads	ne_v_nayavnosti		
TE-330	dup:Гарбуз					
VS0405	dup:Гарбуз					
Y 029	dup:Гарбуз					
hx-46148						prybutok
hx-46688						prybutok
hx-46689						prybutok
hx-47166						prybutok
hx-47204						prybutok
hx-47397						prybutok
hx-47654						prybutok
kk-0005		ads_zero				stop
kk-0026						stop
kk-0046						stop
kk-0048						prybutok
km-41923						prybutok
km-41924						prybutok
km-47601						prybutok
km-47602						prybutok
km-47604						prybutok
km-47606						cina
km-47620						prybutok
km-47633						prybutok
km-47738						stop
km-47739						stop
km-47745						cina
km-47750						cina
km-47760						prybutok
km-47761						prybutok
km-47763						prybutok
km-47764						prybutok
km-47766						prybutok
km-47768						stop
km-47769						stop
km-47770						stop
km-47841						prybutok
km-47842						prybutok
km-47897						prybutok
km-47899						prybutok
km-47906						prybutok
km-47910						prybutok
km-47921						prybutok
km-47956						stop
km-48021						prybutok
km-48097						prybutok
km-48100		ads_zero				stop
km-48101						prybutok
kv-043EF1BD			Shopping_ads	season_off		
kv-09F839B9						stop
kv-43DF9036						stop
kv-4B5E363A						stop
kv-7A7C3238						stop
kv-7D67A670			Shopping_ads	season_off		
kv-828DDD73						prybutok
led-259	dup:Гарбуз					
led-720	dup:Гарбуз					
led-810	dup:Гарбуз					
led-pglf-blue	dup:Гарбуз					prybutok
led-pglf-pink	dup:Гарбуз					prybutok
led-t3	dup:Гарбуз	ads_zero				prybutok
led-yj101	dup:Гарбуз					
pm-39800						stop
sdb-0007			Shopping_ads	season_off		stop
sdb-0008			Shopping_ads	season_off		
sdb-0009			Shopping_ads	season_off		
sdb-0012			Shopping_ads	season_off		prybutok
sdb-0013			Shopping_ads	season_off		
sdb-0014			Shopping_ads	season_off		
sdb-0015			Shopping_ads	season_off		
sdb-0019			Shopping_ads	season_off		
sdb-0020			Shopping_ads	season_off		
sdb-0022			Shopping_ads	season_off		
sdb-0023			Shopping_ads	season_off		prybutok
sdb-0024			Shopping_ads	season_off		prybutok
sdb-0027			Shopping_ads	season_off		stop
sdb-0030						prybutok
sdb-0032						prybutok
sdb-0033			Shopping_ads	season_off		
sdb-0041			Shopping_ads	season_off		
sdm-0004			Shopping_ads	season_off		
sdm-0005			Shopping_ads	ne_v_nayavnosti		
sdm-0006			Shopping_ads	season_off		
sdm-0007			Shopping_ads	season_off		
sdm-0008			Shopping_ads	season_off		
sdm-0009			Shopping_ads	season_off		
sdm-0010			Shopping_ads	season_off		
sdm-0011			Shopping_ads	season_off		
sdm-0012			Shopping_ads	season_off		
sdm-0013			Shopping_ads	season_off		
sdm-0014			Shopping_ads	season_off		
sdm-0015			Shopping_ads	ne_v_nayavnosti		
sdm-0020			Shopping_ads	ne_v_nayavnosti		
sdm-0028			Shopping_ads	ne_v_nayavnosti		
sdm-0040			Shopping_ads	ne_v_nayavnosti		
sdm-0043			Shopping_ads	ne_v_nayavnosti		
sdm-0044			Shopping_ads	ne_v_nayavnosti		
sdm-0050			Shopping_ads	season_off		
sdm-0051			Shopping_ads	season_off		
sdm-0052			Shopping_ads	season_off		
sdm-0053			Shopping_ads	ne_v_nayavnosti		
sdm-0054			Shopping_ads	season_off		
sdm-0055			Shopping_ads	season_off		
sdm-0056			Shopping_ads	season_off		
sdm-0058			Shopping_ads	season_off		
sdm-0059			Shopping_ads	season_off		
sdm-0060			Shopping_ads	ne_v_nayavnosti		
sdm-0061	dup:Гарбуз		Shopping_ads	season_off		
sdm-0062			Shopping_ads	ne_v_nayavnosti		
sdm-0063			Shopping_ads	season_off		
sdm-0064			Shopping_ads	season_off		
sdm-0065			Shopping_ads	season_off		
sdm-0066			Shopping_ads	season_off		
sdm-0067			Shopping_ads	season_off		
sdm-0068			Shopping_ads	season_off		
sdm-0069			Shopping_ads	season_off		
sdm-0070			Shopping_ads	season_off		
sdm-0071			Shopping_ads	season_off		
sdm-0072			Shopping_ads	season_off		
sdm-0073			Shopping_ads	season_off		
sdm-0074			Shopping_ads	season_off		
sdm-0075			Shopping_ads	season_off		
sdm-0076			Shopping_ads	season_off		
sdm-0077			Shopping_ads	season_off		
sdm-0078			Shopping_ads	season_off		
sdm-0079			Shopping_ads	season_off		
sdm-0080			Shopping_ads	season_off		
sdm-0081			Shopping_ads	season_off		
sdm-0082			Shopping_ads	season_off		
sdm-0083			Shopping_ads	season_off		
sdm-0084			Shopping_ads	season_off		
sdm-0085			Shopping_ads	season_off		
sdm-0086			Shopping_ads	season_off		
sdm-0087			Shopping_ads	season_off		
sdm-0088			Shopping_ads	season_off		
sdm-0089			Shopping_ads	season_off		
sdm-0090			Shopping_ads	season_off		
sdm-0091			Shopping_ads	season_off		
sdm-0092			Shopping_ads	season_off		
sdm-0093			Shopping_ads	season_off		
sdm-0094			Shopping_ads	season_off		
sdm-0095			Shopping_ads	season_off		
sdm-0096			Shopping_ads	season_off		
sdm-0097			Shopping_ads	season_off		
sdm-0100			Shopping_ads	season_off		
sdm-0101			Shopping_ads	season_off		
sdm-0102			Shopping_ads	ne_v_nayavnosti		
sdm-0103			Shopping_ads	season_off		
sdm-0104			Shopping_ads	season_off		
sdm-0105			Shopping_ads	season_off		
sdm-0106			Shopping_ads	season_off		
sdm-0107			Shopping_ads	season_off		
sdm-0108			Shopping_ads	season_off		
sdm-0109			Shopping_ads	season_off		
sdm-0110			Shopping_ads	season_off		
sdm-0111			Shopping_ads	season_off		
sdm-0112			Shopping_ads	season_off		
sdm-0113			Shopping_ads	season_off		
sdm-0114			Shopping_ads	season_off		
sdm-0115			Shopping_ads	season_off		
sdm-0116			Shopping_ads	season_off		
sdm-0117			Shopping_ads	season_off		
sdm-0118			Shopping_ads	season_off		
sdm-0119			Shopping_ads	season_off		
sdm-0120			Shopping_ads	season_off		
sdm-0121			Shopping_ads	season_off		
sdm-0122			Shopping_ads	season_off		
sdm-0123			Shopping_ads	season_off		
sdm-0124			Shopping_ads	season_off		
sdm-0125			Shopping_ads	season_off		
sdm-0126			Shopping_ads	season_off		
sdm-0127			Shopping_ads	season_off		
sdm-0128			Shopping_ads	ne_v_nayavnosti		
sdm-0129			Shopping_ads	season_off		
sdm-0130			Shopping_ads	season_off		
sdm-0132			Shopping_ads	season_off		
sdm-0133			Shopping_ads	season_off		
sdm-0134			Shopping_ads	season_off		prybutok
sdm-0135			Shopping_ads	season_off		
sdm-0136			Shopping_ads	season_off		prybutok
sdm-0137			Shopping_ads	season_off		prybutok
sdm-0138			Shopping_ads	season_off		
sdm-0139			Shopping_ads	season_off		
sdm-0140			Shopping_ads	season_off		
sdm-0141			Shopping_ads	season_off		
sdm-0142			Shopping_ads	season_off		
sdm-0143			Shopping_ads	season_off		prybutok
sdm-0144			Shopping_ads	season_off		prybutok
sdm-0145			Shopping_ads	season_off		
sdm-0146			Shopping_ads	season_off		
sdm-0147			Shopping_ads	season_off		prybutok
sdm-0148			Shopping_ads	season_off		
sdm-0149			Shopping_ads	season_off		
sdm-0150			Shopping_ads	season_off		
sdm-0151			Shopping_ads	season_off		
sdm-0152			Shopping_ads	ne_v_nayavnosti		
sdm-0153			Shopping_ads	season_off		
sdm-0154			Shopping_ads	season_off		
sdm-0155			Shopping_ads	season_off		
sdm-0156			Shopping_ads	season_off		
sdm-0157			Shopping_ads	season_off		
sdm-0158			Shopping_ads	season_off		
sdm-0159			Shopping_ads	season_off		
sdm-0160			Shopping_ads	season_off		
sdm-0161			Shopping_ads	season_off		
sdm-0162			Shopping_ads	season_off		
sdm-0163			Shopping_ads	season_off		
sdm-0164			Shopping_ads	season_off		
sdm-0165			Shopping_ads	season_off		
sdm-0166			Shopping_ads	ne_v_nayavnosti		
sdm-0167			Shopping_ads	season_off		
sdm-0168			Shopping_ads	season_off		
sdm-0169			Shopping_ads	season_off		
sdm-0170			Shopping_ads	season_off		
sdm-0171			Shopping_ads	season_off		
sdm-0172			Shopping_ads	ne_v_nayavnosti		
sdm-0173			Shopping_ads	season_off		
sdm-0174			Shopping_ads	season_off		
sdm-0175			Shopping_ads	season_off		
sdm-0176			Shopping_ads	season_off		
sdm-0177			Shopping_ads	season_off		
sdm-0179			Shopping_ads	season_off		
sdm-0180			Shopping_ads	season_off		
sdm-0181			Shopping_ads	season_off		
sdm-0182			Shopping_ads	season_off		
sdm-0183			Shopping_ads	season_off		
sdm-0184			Shopping_ads	season_off		
sdm-0185			Shopping_ads	season_off		
sdm-0186			Shopping_ads	season_off		
sdm-0187			Shopping_ads	season_off		
sdm-0188			Shopping_ads	season_off		
sdm-0189			Shopping_ads	season_off		
sdm-0190			Shopping_ads	season_off		
sdm-0191			Shopping_ads	season_off		
sdm-0192			Shopping_ads	season_off		
sdm-0193			Shopping_ads	season_off		
sdm-0194			Shopping_ads	season_off		
sdm-0195			Shopping_ads	season_off		
sdm-0196			Shopping_ads	season_off		
sdm-0197			Shopping_ads	season_off		
sdm-0198			Shopping_ads	season_off		
sdm-0199			Shopping_ads	season_off		
sdm-0200			Shopping_ads	season_off		
sdm-0201			Shopping_ads	season_off		
sdm-0202			Shopping_ads	season_off		
sdm-0203			Shopping_ads	season_off		
sdm-0204			Shopping_ads	ne_v_nayavnosti		
sdm-0205			Shopping_ads	season_off		
sdm-0206			Shopping_ads	season_off		
sdm-0207			Shopping_ads	season_off		
sdm-0208			Shopping_ads	season_off		
sdm-0209			Shopping_ads	season_off		
sdm-0210			Shopping_ads	season_off		
sdm-0211			Shopping_ads	season_off		
sdm-0212			Shopping_ads	season_off		
sdm-0213			Shopping_ads	season_off		
sdm-0214			Shopping_ads	season_off		prybutok
sdm-0215			Shopping_ads	season_off		
sdm-0216			Shopping_ads	season_off		
sdm-0217			Shopping_ads	season_off		prybutok
sdm-0218			Shopping_ads	season_off		
sdm-0219			Shopping_ads	season_off		
sdm-0220			Shopping_ads	season_off		
sdm-0221			Shopping_ads	season_off		
sdm-0222			Shopping_ads	ne_v_nayavnosti		
sdm-0223			Shopping_ads	season_off		
sdm-0224			Shopping_ads	season_off		prybutok
sdm-0225			Shopping_ads	season_off		
sdm-0226			Shopping_ads	season_off		
sdm-0227			Shopping_ads	season_off		
sdm-0228			Shopping_ads	season_off		
sdm-0229			Shopping_ads	season_off		prybutok
sdm-0230			Shopping_ads	season_off		
sdm-0231			Shopping_ads	season_off		
sdm-0232			Shopping_ads	season_off		
sdm-0233			Shopping_ads	ne_v_nayavnosti		
sdm-0234			Shopping_ads	season_off		
sdm-0235			Shopping_ads	season_off		
sdm-0236			Shopping_ads	season_off		
sdm-0237			Shopping_ads	season_off		
sdm-0238			Shopping_ads	season_off		
sdm-0239			Shopping_ads	season_off		
sdm-0240			Shopping_ads	season_off		
sdm-0241			Shopping_ads	season_off		
sdm-0242			Shopping_ads	season_off		
sdm-0243			Shopping_ads	season_off		
sdm-0244			Shopping_ads	season_off		
sdm-0245			Shopping_ads	season_off		
sdm-0246			Shopping_ads	season_off		
sdm-0247			Shopping_ads	ne_v_nayavnosti		
sdm-0248			Shopping_ads	season_off		
sdm-0250			Shopping_ads	season_off		
sdm-0251			Shopping_ads	season_off		
sdm-0252			Shopping_ads	season_off		
sdm-0253			Shopping_ads	season_off		
sdm-0254			Shopping_ads	season_off		
sdm-0255			Shopping_ads	season_off		
sdm-0256			Shopping_ads	season_off		
sdm-0257			Shopping_ads	season_off		
sdm-0258			Shopping_ads	season_off		
sdm-0259			Shopping_ads	season_off		
sdm-0260			Shopping_ads	season_off		
sdm-0261			Shopping_ads	season_off		
sdm-0262			Shopping_ads	season_off		
sdm-0263			Shopping_ads	season_off		
sdm-0264			Shopping_ads	season_off		
sdm-0265			Shopping_ads	season_off		
sdm-0266			Shopping_ads	season_off		
sdm-0267			Shopping_ads	season_off		
sdm-0269			Shopping_ads	season_off		
sdm-0271			Shopping_ads	season_off		
sdm-0272			Shopping_ads	season_off		
sdm-0273			Shopping_ads	season_off		
sdm-0274			Shopping_ads	season_off		
sdm-0275			Shopping_ads	season_off		
sdm-0276			Shopping_ads	season_off		
sdm-0277			Shopping_ads	season_off		
sdm-0278			Shopping_ads	season_off		
sdm-0280			Shopping_ads	season_off		
sdm-0281			Shopping_ads	season_off		
sdm-0282			Shopping_ads	season_off		
sdm-0283			Shopping_ads	season_off		
sdm-0284			Shopping_ads	season_off		
sdm-0285			Shopping_ads	season_off		
sdm-0286			Shopping_ads	season_off		
sdm-0287			Shopping_ads	season_off		
sdm-0288			Shopping_ads	season_off		
sdm-0289			Shopping_ads	season_off		
sdm-0290			Shopping_ads	season_off		
sdm-0291			Shopping_ads	season_off		
sdm-0292			Shopping_ads	season_off		
sdm-0293			Shopping_ads	season_off		
sdm-0294			Shopping_ads	ne_v_nayavnosti		
sdm-0295			Shopping_ads	season_off		
sdm-0296			Shopping_ads	ne_v_nayavnosti		
sdm-0297			Shopping_ads	season_off		
sdm-0298			Shopping_ads	ne_v_nayavnosti		
sdm-0299			Shopping_ads	season_off		
sdm-0300			Shopping_ads	season_off		
sdm-0301			Shopping_ads	season_off		
sdm-0302			Shopping_ads	season_off		
sdm-0303			Shopping_ads	season_off		
sdm-0304			Shopping_ads	season_off		
sdm-0305			Shopping_ads	season_off		
sdm-0306			Shopping_ads	season_off		
sdm-0308			Shopping_ads	ne_v_nayavnosti		prybutok
sdm-0309			Shopping_ads	ne_v_nayavnosti		
sdm-0310			Shopping_ads	season_off		
sdm-0311			Shopping_ads	season_off		
sdm-0312			Shopping_ads	ne_v_nayavnosti		
sdm-0313			Shopping_ads	season_off		
sdm-0314			Shopping_ads	season_off		
sdm-0315			Shopping_ads	season_off		
sdm-0316			Shopping_ads	season_off		
sdm-0317			Shopping_ads	ne_v_nayavnosti		
sdm-0318			Shopping_ads	ne_v_nayavnosti		
sdm-0319			Shopping_ads	season_off		
sdm-0320			Shopping_ads	season_off		
sdm-0321			Shopping_ads	season_off		
sdm-0322			Shopping_ads	season_off		
sdm-0324			Shopping_ads	season_off		
sdm-0325			Shopping_ads	season_off		
sdm-0327			Shopping_ads	ne_v_nayavnosti		
sdm-0328			Shopping_ads	ne_v_nayavnosti		
sdm-0329			Shopping_ads	season_off		
sdm-0330			Shopping_ads	season_off		
sdm-0331			Shopping_ads	season_off		
sdm-0332			Shopping_ads	season_off		
sdm-0333			Shopping_ads	ne_v_nayavnosti		
sdm-0334			Shopping_ads	ne_v_nayavnosti		
sdm-0335			Shopping_ads	season_off		
sdm-0336			Shopping_ads	season_off		
sdm-0337			Shopping_ads	ne_v_nayavnosti		
sdm-0338			Shopping_ads	season_off		
sdm-0339			Shopping_ads	ne_v_nayavnosti		
sdn-0001			Shopping_ads	season_off		
sdn-0002			Shopping_ads	season_off		
sdn-0003			Shopping_ads	season_off		
sdn-0004			Shopping_ads	season_off		
sdn-0005			Shopping_ads	season_off		
sdn-0006			Shopping_ads	season_off		
sdn-0007			Shopping_ads	season_off		
sdn-0008			Shopping_ads	season_off		
sdn-0009			Shopping_ads	season_off		
sdn-0010			Shopping_ads	season_off		
sdn-0011			Shopping_ads	season_off		
sdn-0012			Shopping_ads	season_off		
sdn-0013			Shopping_ads	season_off		
sdn-0016			Shopping_ads	season_off		
sdn-0017			Shopping_ads	season_off		
sdn-0018			Shopping_ads	season_off		
sdn-0019			Shopping_ads	season_off		
sdn-0020			Shopping_ads	season_off		
sdn-0021			Shopping_ads	season_off		
sdn-0022			Shopping_ads	season_off		
sdn-0025			Shopping_ads	season_off		
sdn-0026			Shopping_ads	season_off		
sdn-0027			Shopping_ads	season_off		
sdn-0029			Shopping_ads	season_off		
sdn-0030			Shopping_ads	season_off		
sdn-0031			Shopping_ads	season_off		
sdn-0032			Shopping_ads	season_off		
sdn-0033			Shopping_ads	season_off		
sdn-0034			Shopping_ads	season_off		
sdn-0035			Shopping_ads	season_off		
sdn-0036			Shopping_ads	season_off		
sdn-0037			Shopping_ads	season_off		
sdn-0038			Shopping_ads	season_off		
sdn-0039			Shopping_ads	season_off		
set-0067		ads_zero				
set-0231						prybutok
set-0287						prybutok
set-0295			Shopping_ads	season_off		
set-2417			Shopping_ads	season_off		
set-482026594						prybutok
tk-moto	dup:Гарбуз					
tk-s600						stop
vt-00-1012			Shopping_ads	ne_v_nayavnosti		
vt-00-1025	dup:Гарбуз					
vt-00-1028			Shopping_ads	ne_v_nayavnosti		
vt-00-1031	dup:Тиква		Shopping_ads	ne_v_nayavnosti		
vt-00-1046			Shopping_ads	ne_v_nayavnosti		stop
vt-00-1047	dup:Гарбуз					stop
vt-00-1048			Shopping_ads	ne_v_nayavnosti		stop
vt-00-1049			Shopping_ads	ne_v_nayavnosti		stop
vt-00-1052						stop
vt-00-1183			Shopping_ads	ne_v_nayavnosti		
vt-00-1253			Shopping_ads	ne_v_nayavnosti		
vt-00-1256			Shopping_ads	ne_v_nayavnosti		
vt-00-1269			Shopping_ads	ne_v_nayavnosti		
vt-00-1319			Shopping_ads	ne_v_nayavnosti		
vt-00-1330			Shopping_ads	ne_v_nayavnosti		
vt-00-1346			Shopping_ads	ne_v_nayavnosti		
vt-00-1371			Shopping_ads	ne_v_nayavnosti		
vt-00-1378			Shopping_ads	ne_v_nayavnosti		
vt-00-1387						stop
vt-00-1396			Shopping_ads	ne_v_nayavnosti		
vt-00-1398			Shopping_ads	ne_v_nayavnosti		
vt-00-1407			Shopping_ads	ne_v_nayavnosti		
vt-00-1509	dup:Тиква		Shopping_ads	ne_v_nayavnosti		
vt-00-1512			Shopping_ads	ne_v_nayavnosti		
vt-00-1519	dup:Тиква		Shopping_ads	ne_v_nayavnosti		
vt-00-1533			Shopping_ads	ne_v_nayavnosti		
vt-00-1536			Shopping_ads	ne_v_nayavnosti		
vt-00-1554	dup:Гарбуз					
vt-00-1556	dup:Тиква		Shopping_ads	ne_v_nayavnosti		
vt-00-1576	dup:Тиква		Shopping_ads	ne_v_nayavnosti		
vt-00-1578			Shopping_ads	ne_v_nayavnosti		
vt-00-1582			Shopping_ads	ne_v_nayavnosti		
vt-00-1584			Shopping_ads	ne_v_nayavnosti		
vt-00-1587			Shopping_ads	ne_v_nayavnosti		
vt-00-1603			Shopping_ads	ne_v_nayavnosti		
vt-00-1622			Shopping_ads	ne_v_nayavnosti		
vt-00-1624			Shopping_ads	ne_v_nayavnosti		
vt-00-1627			Shopping_ads	ne_v_nayavnosti		
vt-00-1648			Shopping_ads	ne_v_nayavnosti		
vt-00-1650			Shopping_ads	ne_v_nayavnosti		
vt-00-1752			Shopping_ads	ne_v_nayavnosti		
vt-00-1757			Shopping_ads	ne_v_nayavnosti		
vt-00-1786			Shopping_ads	ne_v_nayavnosti		
vt-00-1787	dup:Тиква		Shopping_ads	ne_v_nayavnosti		
vt-00-1788			Shopping_ads	ne_v_nayavnosti		
vt-00-1789	dup:Тиква		Shopping_ads	ne_v_nayavnosti		
vt-00-1799			Shopping_ads	ne_v_nayavnosti		
vt-00-1806	dup:Тиква		Shopping_ads	ne_v_nayavnosti		
vt-00-2189			Shopping_ads	ne_v_nayavnosti		
vt-00-2264			Shopping_ads	ne_v_nayavnosti		
vt-00-33			Shopping_ads	ne_v_nayavnosti		
vt-00-372			Shopping_ads	ne_v_nayavnosti		
vt-00-375			Shopping_ads	ne_v_nayavnosti		
vt-00-408			Shopping_ads	ne_v_nayavnosti		stop
vt-00-409						stop
vt-00-410						stop
vt-00-52						prybutok
vt-00-56						prybutok
vt-00-57						prybutok
vt-00-58						prybutok
vt-00-59						prybutok
vt-011617-А			Shopping_ads	ne_v_nayavnosti		
vt-011620-А			Shopping_ads	ne_v_nayavnosti		
vt-0127 BS	dup:Тиква		Shopping_ads	ne_v_nayavnosti		
vt-0135/0135-1	dup:Гарбуз					
vt-0203			Shopping_ads	ne_v_nayavnosti		
vt-021-04-09 S&T						prybutok
vt-021-04-10 S&T	dup:Тиква		Shopping_ads	ne_v_nayavnosti		prybutok
vt-021-04-11 S&T	dup:Тиква		Shopping_ads	ne_v_nayavnosti		prybutok
vt-021-04-13	dup:Тиква		Shopping_ads	ne_v_nayavnosti		prybutok
vt-021-04-14	dup:Тиква		Shopping_ads	ne_v_nayavnosti		prybutok
vt-021-04-15	dup:Гарбуз		Shopping_ads	ne_v_nayavnosti		
vt-021-04-16	dup:Гарбуз					
vt-021-04-17	dup:Гарбуз					
vt-025 C	dup:Гарбуз		Shopping_ads	season_off		
vt-025 E			Shopping_ads	season_off		
vt-0322 BL			Shopping_ads	ne_v_nayavnosti		
vt-0328 BL			Shopping_ads	ne_v_nayavnosti		
vt-040-01-104	dup:Гарбуз					
vt-040-01-88 S&T			Shopping_ads	ne_v_nayavnosti		
vt-0620 BL			Shopping_ads	ne_v_nayavnosti		
vt-0624 BL			Shopping_ads	ne_v_nayavnosti		
vt-0704	dup:Тиква		Shopping_ads	ne_v_nayavnosti		
vt-0718 BL			Shopping_ads	ne_v_nayavnosti		
vt-0906 BS			Shopping_ads	ne_v_nayavnosti		
vt-10006			Shopping_ads	ne_v_nayavnosti		
vt-100204			Shopping_ads	ne_v_nayavnosti		
vt-100300			Shopping_ads	ne_v_nayavnosti		prybutok
vt-100301WH			Shopping_ads	ne_v_nayavnosti		
vt-100303						prybutok
vt-100305BL			Shopping_ads	ne_v_nayavnosti		
vt-100305WH			Shopping_ads	ne_v_nayavnosti		
vt-100314						prybutok
vt-100325		ads_low	Shopping_ads	ne_v_nayavnosti		
vt-100400			Shopping_ads	ne_v_nayavnosti		
vt-100507						prybutok
vt-100605			Shopping_ads	ne_v_nayavnosti		
vt-100609			Shopping_ads	ne_v_nayavnosti		
vt-100612M			Shopping_ads	ne_v_nayavnosti		
vt-100613M			Shopping_ads	ne_v_nayavnosti		
vt-100615L			Shopping_ads	ne_v_nayavnosti		
vt-100615M			Shopping_ads	ne_v_nayavnosti		
vt-100701						prybutok
vt-100702			Shopping_ads	ne_v_nayavnosti		
vt-100804			Shopping_ads	ne_v_nayavnosti		
vt-100902						prybutok
vt-101-031			Shopping_ads	ne_v_nayavnosti		
vt-101010			Shopping_ads	ne_v_nayavnosti		
vt-101101			Shopping_ads	ne_v_nayavnosti		prybutok
vt-101301			Shopping_ads	ne_v_nayavnosti		
vt-101302			Shopping_ads	ne_v_nayavnosti		
vt-101303						stop
vt-101329			Shopping_ads	ne_v_nayavnosti		stop
vt-102-702	dup:Гарбуз					
vt-1033-11			Shopping_ads	ne_v_nayavnosti		
vt-1033-12			Shopping_ads	ne_v_nayavnosti		
vt-1033-8			Shopping_ads	ne_v_nayavnosti		
vt-1033-9			Shopping_ads	ne_v_nayavnosti		
vt-10358			Shopping_ads	ne_v_nayavnosti		
vt-10467			Shopping_ads	ne_v_nayavnosti		
vt-10478	dup:Гарбуз					
vt-10499	dup:Тиква		Shopping_ads	ne_v_nayavnosti		
vt-10539	dup:Тиква		Shopping_ads	ne_v_nayavnosti		
vt-10546	dup:Гарбуз					
vt-10555	dup:Гарбуз					
vt-10676	dup:Гарбуз					
vt-1068	dup:Гарбуз					
vt-10685			Shopping_ads	ne_v_nayavnosti		
vt-10708	dup:Гарбуз					
vt-1071	dup:Гарбуз					
vt-10717			Shopping_ads	ne_v_nayavnosti		
vt-1124			Shopping_ads	ne_v_nayavnosti		
vt-1125			Shopping_ads	ne_v_nayavnosti		
vt-1129			Shopping_ads	ne_v_nayavnosti		
vt-1130					bez_foto	
vt-1133			Shopping_ads	ne_v_nayavnosti		
vt-1136					bez_foto	
vt-1140					bez_foto	
vt-1154-4,0	dup:Тиква		Shopping_ads	ne_v_nayavnosti		
vt-11617	dup:Тиква		Shopping_ads	ne_v_nayavnosti		
vt-11718	dup:Гарбуз					
vt-11720	dup:Гарбуз					
vt-119236	dup:Гарбуз					prybutok
vt-1207			Shopping_ads	ne_v_nayavnosti		
vt-1213			Shopping_ads	ne_v_nayavnosti		
vt-1219			Shopping_ads	ne_v_nayavnosti		
vt-1222 BL			Shopping_ads	ne_v_nayavnosti		
vt-1224 BL			Shopping_ads	ne_v_nayavnosti		
vt-1226			Shopping_ads	ne_v_nayavnosti		
vt-1247-19	dup:Гарбуз					
vt-1254			Shopping_ads	ne_v_nayavnosti		
vt-1279-0,6			Shopping_ads	ne_v_nayavnosti		
vt-1279-1,5			Shopping_ads	ne_v_nayavnosti		
vt-1279-4,0			Shopping_ads	ne_v_nayavnosti		
vt-1279-5,1			Shopping_ads	ne_v_nayavnosti		
vt-1279-5,7			Shopping_ads	ne_v_nayavnosti		
vt-133			Shopping_ads	ne_v_nayavnosti	bez_foto	
vt-1332	dup:Тиква		Shopping_ads	ne_v_nayavnosti		
vt-1332 BL			Shopping_ads	ne_v_nayavnosti		
vt-1453-15	dup:Гарбуз					
vt-15022			Shopping_ads	ne_v_nayavnosti		prybutok
vt-15223-00			Shopping_ads	ne_v_nayavnosti		
vt-15224-00			Shopping_ads	ne_v_nayavnosti		
vt-15225-00			Shopping_ads	ne_v_nayavnosti		
vt-1529-18			Shopping_ads	ne_v_nayavnosti		
vt-15623568			Shopping_ads	ne_v_nayavnosti		
vt-15623568 В			Shopping_ads	ne_v_nayavnosti		
vt-160202			Shopping_ads	ne_v_nayavnosti		
vt-16041-44	dup:Гарбуз					
vt-161285-805	dup:Тиква		Shopping_ads	ne_v_nayavnosti		
vt-161417-370			Shopping_ads	ne_v_nayavnosti		
vt-162536	dup:Гарбуз					
vt-162626	dup:Гарбуз					
vt-1628			Shopping_ads	ne_v_nayavnosti		
vt-16658-2,1	dup:Тиква		Shopping_ads	ne_v_nayavnosti		
vt-16658-3,1			Shopping_ads	ne_v_nayavnosti		
vt-16658-4,0			Shopping_ads	ne_v_nayavnosti		
vt-16658-5,1			Shopping_ads	ne_v_nayavnosti		
vt-16802-122	dup:Гарбуз					
vt-16921-12			Shopping_ads	ne_v_nayavnosti		
vt-16921-6			Shopping_ads	ne_v_nayavnosti		
vt-16921-8			Shopping_ads	ne_v_nayavnosti		
vt-16921-9 89365			Shopping_ads	ne_v_nayavnosti		
vt-17150-2,1	dup:Тиква		Shopping_ads	ne_v_nayavnosti		
vt-17161-00			Shopping_ads	ne_v_nayavnosti		
vt-17162-00			Shopping_ads	ne_v_nayavnosti		
vt-17165-00			Shopping_ads	ne_v_nayavnosti		
vt-17166-00			Shopping_ads	ne_v_nayavnosti		
vt-1725			Shopping_ads	ne_v_nayavnosti		
vt-1753-16			Shopping_ads	ne_v_nayavnosti		
vt-1782			Shopping_ads	ne_v_nayavnosti		
vt-1784			Shopping_ads	ne_v_nayavnosti		
vt-1798			Shopping_ads	ne_v_nayavnosti		
vt-180901	dup:Гарбуз					
vt-181110	dup:Гарбуз					
vt-18239			Shopping_ads	ne_v_nayavnosti		
vt-1826			Shopping_ads	ne_v_nayavnosti		
vt-1840			Shopping_ads	ne_v_nayavnosti		
vt-1847			Shopping_ads	ne_v_nayavnosti		
vt-1921			Shopping_ads	ne_v_nayavnosti		
vt-1922			Shopping_ads	ne_v_nayavnosti		
vt-1923			Shopping_ads	ne_v_nayavnosti		
vt-1924			Shopping_ads	ne_v_nayavnosti		
vt-1925			Shopping_ads	ne_v_nayavnosti		
vt-1933			Shopping_ads	ne_v_nayavnosti		
vt-1942			Shopping_ads	ne_v_nayavnosti		
vt-1995			Shopping_ads	ne_v_nayavnosti		
vt-1997			Shopping_ads	ne_v_nayavnosti		
vt-1SI97 00000 400			Shopping_ads	ne_v_nayavnosti		
vt-2-801			Shopping_ads	ne_v_nayavnosti		
vt-200802	dup:Гарбуз					
vt-20148			Shopping_ads	ne_v_nayavnosti		prybutok
vt-202-22	dup:Гарбуз					
vt-2025			Shopping_ads	ne_v_nayavnosti		
vt-2025AF06			Shopping_ads	ne_v_nayavnosti		
vt-20313			Shopping_ads	ne_v_nayavnosti		
vt-20503			Shopping_ads	ne_v_nayavnosti		stop
vt-20504			Shopping_ads	ne_v_nayavnosti		
vt-20506			Shopping_ads	ne_v_nayavnosti		
vt-20593			Shopping_ads	ne_v_nayavnosti		
vt-20620			Shopping_ads	ne_v_nayavnosti		
vt-20881	dup:Тиква		Shopping_ads	ne_v_nayavnosti		
vt-20900			Shopping_ads	ne_v_nayavnosti		
vt-21-279-124			Shopping_ads	ne_v_nayavnosti		
vt-21-318-001						prybutok
vt-21-318-002						prybutok
vt-21-318-005						prybutok
vt-21-318-006						prybutok
vt-21-318-009						prybutok
vt-21-318-010						prybutok
vt-21-318-011			Shopping_ads	ne_v_nayavnosti		prybutok
vt-2103	dup:Гарбуз					
vt-212-1			Shopping_ads	ne_v_nayavnosti		
vt-212-9			Shopping_ads	ne_v_nayavnosti		
vt-212121-11			Shopping_ads	ne_v_nayavnosti		
vt-212121-5	dup:Тиква		Shopping_ads	ne_v_nayavnosti		
vt-21266	dup:Гарбуз					prybutok
vt-21266E						prybutok
vt-2177	dup:Тиква		Shopping_ads	ne_v_nayavnosti		
vt-22186	dup:Гарбуз					
vt-222817			Shopping_ads	ne_v_nayavnosti		
vt-222820	dup:Тиква		Shopping_ads	ne_v_nayavnosti		
vt-223131			Shopping_ads	ne_v_nayavnosti		
vt-223719	dup:Гарбуз					
vt-223723	dup:Гарбуз					
vt-2242-21			Shopping_ads	ne_v_nayavnosti		
vt-2242-6			Shopping_ads	ne_v_nayavnosti		
vt-227			Shopping_ads	ne_v_nayavnosti		
vt-228821-А			Shopping_ads	ne_v_nayavnosti		
vt-228826-А			Shopping_ads	ne_v_nayavnosti		
vt-228922	dup:Гарбуз					
vt-23194-00			Shopping_ads	ne_v_nayavnosti		
vt-23498/013	dup:Гарбуз					
vt-23498/032	dup:Тиква		Shopping_ads	ne_v_nayavnosti		prybutok
vt-23498/313			Shopping_ads	ne_v_nayavnosti		
vt-23498/612	dup:Тиква		Shopping_ads	ne_v_nayavnosti		
vt-23500/215	dup:Тиква		Shopping_ads	ne_v_nayavnosti		
vt-23511/213			Shopping_ads	ne_v_nayavnosti		
vt-2370-6	dup:Тиква		Shopping_ads	ne_v_nayavnosti		
vt-24020063						prybutok
vt-2410			Shopping_ads	ne_v_nayavnosti		
vt-25-305-212			Shopping_ads	ne_v_nayavnosti		
vt-25-305-247						prybutok
vt-25-45-090			Shopping_ads	ne_v_nayavnosti		
vt-25-45-091			Shopping_ads	ne_v_nayavnosti		prybutok
vt-25-45-123						prybutok
vt-25-45-125						prybutok
vt-25-45-126			Shopping_ads	ne_v_nayavnosti		
vt-25-45-131			Shopping_ads	ne_v_nayavnosti		
vt-25-45-140			Shopping_ads	ne_v_nayavnosti		prybutok
vt-25-45-145			Shopping_ads	ne_v_nayavnosti		
vt-25-45-180						prybutok
vt-25-45-209			Shopping_ads	ne_v_nayavnosti		
vt-25-45-213						prybutok
vt-25-45-217						prybutok
vt-25-45-219						prybutok
vt-25-45-225						prybutok
vt-25-45-245			Shopping_ads	ne_v_nayavnosti		prybutok
vt-25015 380			Shopping_ads	ne_v_nayavnosti		
vt-2504			Shopping_ads	ne_v_nayavnosti		
vt-25070			Shopping_ads	ne_v_nayavnosti		
vt-2512			Shopping_ads	ne_v_nayavnosti		
vt-2516			Shopping_ads	ne_v_nayavnosti		
vt-2527			Shopping_ads	ne_v_nayavnosti		
vt-26-184-002			Shopping_ads	ne_v_nayavnosti		
vt-26-184-068			Shopping_ads	ne_v_nayavnosti		
vt-26-202-017			Shopping_ads	ne_v_nayavnosti		
vt-26-203-071						prybutok
vt-26-203-085						prybutok
vt-26-203-114			Shopping_ads	ne_v_nayavnosti		
vt-26-238-040			Shopping_ads	ne_v_nayavnosti		
vt-26-238-051			Shopping_ads	ne_v_nayavnosti		
vt-26-238-068			Shopping_ads	ne_v_nayavnosti		
vt-26-238-076			Shopping_ads	ne_v_nayavnosti		prybutok
vt-26-238-081			Shopping_ads	ne_v_nayavnosti		
vt-26-238-094						prybutok
vt-26-238-102			Shopping_ads	ne_v_nayavnosti		
vt-26-242-050			Shopping_ads	ne_v_nayavnosti		
vt-26-242-056						prybutok
vt-26-283-003			Shopping_ads	ne_v_nayavnosti		
vt-26-283-004						prybutok
vt-26-286-002			Shopping_ads	ne_v_nayavnosti		
vt-26-288-012			Shopping_ads	ne_v_nayavnosti		
vt-26-288-013			Shopping_ads	ne_v_nayavnosti		
vt-2750-4			Shopping_ads	ne_v_nayavnosti		
vt-29-178-004						prybutok
vt-29-178-010						prybutok
vt-29-199-025		ads_zero				stop
vt-29-250-020						prybutok
vt-29-250-022			Shopping_ads	ne_v_nayavnosti		prybutok
vt-29-250-023			Shopping_ads	ne_v_nayavnosti		prybutok
vt-29-250-031			Shopping_ads	ne_v_nayavnosti		prybutok
vt-29-250-044			Shopping_ads	ne_v_nayavnosti		
vt-29-260-001			Shopping_ads	ne_v_nayavnosti		prybutok
vt-29-260-002			Shopping_ads	ne_v_nayavnosti		
vt-29-274-002			Shopping_ads	season_off		
vt-29-282-003			Shopping_ads	ne_v_nayavnosti		prybutok
vt-29-298-011			Shopping_ads	ne_v_nayavnosti		
vt-29-298-044						prybutok
vt-29-298-050			Shopping_ads	ne_v_nayavnosti		
vt-29-298-051			Shopping_ads	ne_v_nayavnosti		
vt-29-301-018			Shopping_ads	ne_v_nayavnosti		
vt-29-305-007			Shopping_ads	ne_v_nayavnosti		
vt-29-305-072						prybutok
vt-29-305-091			Shopping_ads	ne_v_nayavnosti		
vt-29-305-102			Shopping_ads	ne_v_nayavnosti		
vt-29-305-117			Shopping_ads	ne_v_nayavnosti		
vt-29-305-125			Shopping_ads	ne_v_nayavnosti		prybutok
vt-29-305-151						prybutok
vt-29-305-156			Shopping_ads	ne_v_nayavnosti		
vt-29-305-170			Shopping_ads	ne_v_nayavnosti		
vt-29-305-171			Shopping_ads	ne_v_nayavnosti		
vt-29-305-176			Shopping_ads	ne_v_nayavnosti		
vt-29-305-218			Shopping_ads	ne_v_nayavnosti		
vt-2997-5,7	dup:Гарбуз					
vt-2999 (73186)			Shopping_ads	ne_v_nayavnosti		
vt-3			Shopping_ads	ne_v_nayavnosti		
vt-30050-202052	dup:Гарбуз					
vt-30050-230305	dup:Гарбуз					
vt-30055-15025	dup:Гарбуз					
vt-30055-202303	dup:Тиква		Shopping_ads	ne_v_nayavnosti		
vt-30098-01	dup:Тиква		Shopping_ads	ne_v_nayavnosti		
vt-30098-03			Shopping_ads	ne_v_nayavnosti		
vt-30098-04			Shopping_ads	ne_v_nayavnosti		
vt-30098-05			Shopping_ads	ne_v_nayavnosti		
vt-30133-00			Shopping_ads	ne_v_nayavnosti		
vt-30134-00			Shopping_ads	ne_v_nayavnosti		
vt-30185-00			Shopping_ads	ne_v_nayavnosti		
vt-30186-00			Shopping_ads	ne_v_nayavnosti		
vt-30187-00			Shopping_ads	ne_v_nayavnosti		
vt-30188-00			Shopping_ads	ne_v_nayavnosti		
vt-3023			Shopping_ads	ne_v_nayavnosti		
vt-3024			Shopping_ads	ne_v_nayavnosti		
vt-3058			Shopping_ads	ne_v_nayavnosti		
vt-3090-00	dup:Тиква		Shopping_ads	ne_v_nayavnosti		
vt-31-289-018			Shopping_ads	ne_v_nayavnosti		
vt-31-289-020			Shopping_ads	ne_v_nayavnosti		
vt-31-289-021			Shopping_ads	ne_v_nayavnosti		
vt-310			Shopping_ads	ne_v_nayavnosti		
vt-3106					bez_foto	
vt-318			Shopping_ads	ne_v_nayavnosti	bez_foto	
vt-320-60	dup:Тиква		Shopping_ads	ne_v_nayavnosti		
vt-3203	dup:Гарбуз					
vt-32235-2	dup:Тиква		Shopping_ads	ne_v_nayavnosti		
vt-32236-1	dup:Гарбуз					
vt-32246	dup:Гарбуз					
vt-32254			Shopping_ads	ne_v_nayavnosti		prybutok
vt-32258	dup:Гарбуз					
vt-3397-19 S&T			Shopping_ads	ne_v_nayavnosti		
vt-3397-21			Shopping_ads	ne_v_nayavnosti		
vt-34215-4-3			Shopping_ads	ne_v_nayavnosti		
vt-3636-21			Shopping_ads	ne_v_nayavnosti		
vt-3637-21					bez_foto	
vt-3653-21			Shopping_ads	ne_v_nayavnosti		
vt-3715						prybutok
vt-3716						prybutok
vt-3720						prybutok
vt-3721						prybutok
vt-3722			Shopping_ads	ne_v_nayavnosti		prybutok
vt-3724						prybutok
vt-3725						prybutok
vt-3726						prybutok
vt-3727						prybutok
vt-3729						prybutok
vt-3730						prybutok
vt-3731						prybutok
vt-4	dup:Тиква		Shopping_ads	ne_v_nayavnosti		
vt-401-0083			Shopping_ads	ne_v_nayavnosti		
vt-401-0089			Shopping_ads	ne_v_nayavnosti		
vt-4101	dup:Гарбуз					prybutok
vt-4102	dup:Гарбуз					prybutok
vt-4104	dup:Гарбуз					prybutok
vt-4105						prybutok
vt-41050-12 ТЕХ			Shopping_ads	ne_v_nayavnosti		
vt-4106	dup:Гарбуз					prybutok
vt-4109						prybutok
vt-4112						prybutok
vt-4113						prybutok
vt-4114					bez_foto	prybutok
vt-4115						prybutok
vt-4116						prybutok
vt-4117						prybutok
vt-4118	dup:Гарбуз					prybutok
vt-4119						prybutok
vt-4120	dup:Гарбуз					prybutok
vt-4121						prybutok
vt-4122						prybutok
vt-4123						prybutok
vt-4124						prybutok
vt-4125						prybutok
vt-4126						prybutok
vt-4129			Shopping_ads	ne_v_nayavnosti	bez_foto	
vt-41300	dup:Гарбуз					
vt-4160-101			Shopping_ads	ne_v_nayavnosti		
vt-4160-103			Shopping_ads	ne_v_nayavnosti		
vt-420194						prybutok
vt-420244	dup:Гарбуз					
vt-420955	dup:Гарбуз					
vt-42116-SL	dup:Гарбуз					
vt-42244			Shopping_ads	ne_v_nayavnosti		
vt-4230						prybutok
vt-4232						prybutok
vt-4233						prybutok
vt-4234						prybutok
vt-4235						prybutok
vt-4236						prybutok
vt-42405	dup:Тиква		Shopping_ads	ne_v_nayavnosti		
vt-4243						prybutok
vt-42439-12 ТЕХ	dup:Гарбуз					
vt-4245						prybutok
vt-4246						prybutok
vt-4247						prybutok
vt-4251						prybutok
vt-4252						prybutok
vt-4253						prybutok
vt-4254						prybutok
vt-4255			Shopping_ads	ne_v_nayavnosti		prybutok
vt-4258						prybutok
vt-4259						prybutok
vt-4262						prybutok
vt-4264						prybutok
vt-4265						prybutok
vt-4266					bez_foto	prybutok
vt-4268			Shopping_ads	ne_v_nayavnosti		
vt-4270						prybutok
vt-4271						prybutok
vt-42812	dup:Гарбуз					
vt-42884-12 ТЕХ			Shopping_ads	ne_v_nayavnosti		
vt-42942	dup:Гарбуз					
vt-4301						prybutok
vt-43018	dup:Гарбуз					
vt-4305						prybutok
vt-43234	dup:Гарбуз					
vt-43406			Shopping_ads	ne_v_nayavnosti		
vt-43414G			Shopping_ads	ne_v_nayavnosti		
vt-43544G			Shopping_ads	ne_v_nayavnosti		
vt-43634	dup:Гарбуз					
vt-43767			Shopping_ads	ne_v_nayavnosti		
vt-43813	dup:Гарбуз					
vt-43824	dup:Гарбуз					
vt-440065	dup:Гарбуз					
vt-440069	dup:Гарбуз					
vt-440079/2	dup:Гарбуз					
vt-440176	dup:Гарбуз					
vt-440211	dup:Гарбуз					
vt-440236	dup:Гарбуз					
vt-440237	dup:Тиква		Shopping_ads	ne_v_nayavnosti		prybutok
vt-440258	dup:Гарбуз					
vt-440275	dup:Гарбуз					
vt-440276			Shopping_ads	ne_v_nayavnosti		
vt-440295/6 Gold	dup:Гарбуз					
vt-440300	dup:Гарбуз					
vt-440340	dup:Гарбуз					
vt-440356	dup:Гарбуз					
vt-440376	dup:Гарбуз					
vt-440414	dup:Тиква		Shopping_ads	ne_v_nayavnosti		
vt-440436	dup:Гарбуз					
vt-440436-GOLD			Shopping_ads	ne_v_nayavnosti		
vt-440456	dup:Гарбуз					
vt-44109			Shopping_ads	ne_v_nayavnosti		
vt-44134-1 ТЕХ			Shopping_ads	ne_v_nayavnosti		
vt-44163	dup:Гарбуз					
vt-44167	dup:Гарбуз					
vt-44188-1 ТЕХ			Shopping_ads	ne_v_nayavnosti		
vt-44238-2	dup:Гарбуз					
vt-44307			Shopping_ads	ne_v_nayavnosti		
vt-44404-12			Shopping_ads	ne_v_nayavnosti		
vt-44419-1 ТЕХ			Shopping_ads	ne_v_nayavnosti		
vt-44419-12 ТЕХ			Shopping_ads	ne_v_nayavnosti		
vt-44688-ТЕХ 6	dup:Гарбуз					
vt-44704	dup:Тиква		Shopping_ads	ne_v_nayavnosti		
vt-44728-2	dup:Гарбуз					
vt-44767			Shopping_ads	ne_v_nayavnosti		
vt-44872-1 ТЕХ			Shopping_ads	ne_v_nayavnosti		
vt-4662	dup:Гарбуз					
vt-4807	dup:Гарбуз					
vt-5			Shopping_ads	ne_v_nayavnosti		prybutok
vt-5 LA-НАБІР						prybutok
vt-5003						prybutok
vt-5004						prybutok
vt-50058			Shopping_ads	ne_v_nayavnosti		
vt-50060-01	dup:Гарбуз					
vt-50061-01			Shopping_ads	ne_v_nayavnosti		
vt-50116			Shopping_ads	ne_v_nayavnosti		
vt-501306	dup:Тиква		Shopping_ads	ne_v_nayavnosti		
vt-501351			Shopping_ads	ne_v_nayavnosti		
vt-5014						prybutok
vt-5015						prybutok
vt-5017						prybutok
vt-50170			Shopping_ads	ne_v_nayavnosti		
vt-50171			Shopping_ads	ne_v_nayavnosti		
vt-50173			Shopping_ads	ne_v_nayavnosti		
vt-50207			Shopping_ads	ne_v_nayavnosti		
vt-5021						prybutok
vt-50210			Shopping_ads	ne_v_nayavnosti		
vt-50215			Shopping_ads	ne_v_nayavnosti		
vt-5022						prybutok
vt-5023						prybutok
vt-5024						prybutok
vt-5026						prybutok
vt-50260			Shopping_ads	ne_v_nayavnosti		
vt-5027						prybutok
vt-50273			Shopping_ads	ne_v_nayavnosti		
vt-50290			Shopping_ads	ne_v_nayavnosti		
vt-50295			Shopping_ads	ne_v_nayavnosti		
vt-50301			Shopping_ads	ne_v_nayavnosti		
vt-50303			Shopping_ads	ne_v_nayavnosti		
vt-50304			Shopping_ads	ne_v_nayavnosti		
vt-5035						prybutok
vt-5036						prybutok
vt-503600	dup:Гарбуз					
vt-50367			Shopping_ads	ne_v_nayavnosti		
vt-50409			Shopping_ads	ne_v_nayavnosti		
vt-50419			Shopping_ads	ne_v_nayavnosti		
vt-50420			Shopping_ads	ne_v_nayavnosti		
vt-50423			Shopping_ads	ne_v_nayavnosti		
vt-50428			Shopping_ads	ne_v_nayavnosti		
vt-5044						prybutok
vt-50451			Shopping_ads	ne_v_nayavnosti		
vt-50453			Shopping_ads	ne_v_nayavnosti		
vt-50458			Shopping_ads	ne_v_nayavnosti		
vt-5047						prybutok
vt-50471			Shopping_ads	ne_v_nayavnosti		
vt-50472			Shopping_ads	ne_v_nayavnosti		
vt-50473			Shopping_ads	ne_v_nayavnosti		
vt-50512			Shopping_ads	ne_v_nayavnosti		
vt-5052	dup:Гарбуз					
vt-50520			Shopping_ads	ne_v_nayavnosti		
vt-5053						prybutok
vt-50550			Shopping_ads	ne_v_nayavnosti		
vt-5060						prybutok
vt-5061						prybutok
vt-50610			Shopping_ads	ne_v_nayavnosti		
vt-50612			Shopping_ads	ne_v_nayavnosti		
vt-5062						prybutok
vt-5063						prybutok
vt-50660			Shopping_ads	ne_v_nayavnosti		
vt-506710	dup:Тиква		Shopping_ads	ne_v_nayavnosti		
vt-50680			Shopping_ads	ne_v_nayavnosti		
vt-50685			Shopping_ads	ne_v_nayavnosti		
vt-50686			Shopping_ads	ne_v_nayavnosti		
vt-50689			Shopping_ads	ne_v_nayavnosti		
vt-50692			Shopping_ads	ne_v_nayavnosti		
vt-50693-420	dup:Гарбуз					
vt-50772			Shopping_ads	ne_v_nayavnosti		
vt-50773			Shopping_ads	ne_v_nayavnosti		
vt-50774			Shopping_ads	ne_v_nayavnosti		
vt-50775			Shopping_ads	ne_v_nayavnosti		
vt-50776			Shopping_ads	ne_v_nayavnosti		
vt-50783			Shopping_ads	ne_v_nayavnosti		
vt-50786			Shopping_ads	ne_v_nayavnosti		
vt-50787			Shopping_ads	ne_v_nayavnosti		
vt-5079			Shopping_ads	ne_v_nayavnosti		prybutok
vt-5089						prybutok
vt-51068-2			Shopping_ads	ne_v_nayavnosti		
vt-51658			Shopping_ads	ne_v_nayavnosti		
vt-51718	dup:Гарбуз					
vt-520004			Shopping_ads	ne_v_nayavnosti		
vt-520014			Shopping_ads	ne_v_nayavnosti		
vt-520074	dup:Гарбуз					
vt-520113			Shopping_ads	ne_v_nayavnosti		
vt-520125	dup:Гарбуз					
vt-520215	dup:Гарбуз					
vt-520254	dup:Гарбуз					
vt-520334	dup:Гарбуз					
vt-520362	dup:Гарбуз					
vt-520445						prybutok
vt-520516	dup:Гарбуз					
vt-520742	dup:Гарбуз					
vt-52174-12 ТЕХ	dup:Гарбуз					
vt-524			Shopping_ads	ne_v_nayavnosti	bez_foto	
vt-52400			Shopping_ads	ne_v_nayavnosti		
vt-52516	dup:Гарбуз					
vt-52707-3	dup:Тиква		Shopping_ads	ne_v_nayavnosti		
vt-52708-3			Shopping_ads	ne_v_nayavnosti		
vt-52790			Shopping_ads	ne_v_nayavnosti		
vt-528			Shopping_ads	ne_v_nayavnosti	bez_foto	
vt-52810	dup:Гарбуз					
vt-52987	dup:Гарбуз					
vt-530024			Shopping_ads	ne_v_nayavnosti		
vt-530044			Shopping_ads	ne_v_nayavnosti		
vt-530068			Shopping_ads	ne_v_nayavnosti		
vt-530146	dup:Гарбуз					
vt-530156	dup:Гарбуз					
vt-530226			Shopping_ads	ne_v_nayavnosti		
vt-530236			Shopping_ads	ne_v_nayavnosti		
vt-530246			Shopping_ads	ne_v_nayavnosti		
vt-530436			Shopping_ads	ne_v_nayavnosti		prybutok
vt-532			Shopping_ads	ne_v_nayavnosti		
vt-53523	dup:Гарбуз					
vt-5402	dup:Тиква		Shopping_ads	ne_v_nayavnosti		
vt-54188	dup:Тиква		Shopping_ads	ne_v_nayavnosti		
vt-54903	dup:Гарбуз					
vt-55049	dup:Гарбуз					
vt-55129	dup:Гарбуз					
vt-55202	dup:Гарбуз					
vt-55249						prybutok
vt-553	dup:Тиква		Shopping_ads	ne_v_nayavnosti		prybutok
vt-553 А-НАБІР						prybutok
vt-55332	dup:Гарбуз					
vt-55452	dup:Гарбуз					
vt-55472	dup:Гарбуз					
vt-55861-2	dup:Гарбуз					
vt-567-2,1			Shopping_ads	ne_v_nayavnosti		
vt-567-3,1			Shopping_ads	ne_v_nayavnosti		
vt-567-4,0			Shopping_ads	ne_v_nayavnosti		
vt-567-5,1			Shopping_ads	ne_v_nayavnosti		
vt-59004			Shopping_ads	ne_v_nayavnosti		
vt-59007	dup:Тиква		Shopping_ads	ne_v_nayavnosti		
vt-590076	dup:Гарбуз					
vt-59014			Shopping_ads	ne_v_nayavnosti		
vt-59019	dup:Тиква		Shopping_ads	ne_v_nayavnosti		
vt-59024			Shopping_ads	ne_v_nayavnosti		
vt-59032			Shopping_ads	ne_v_nayavnosti		
vt-59034			Shopping_ads	ne_v_nayavnosti		
vt-59074			Shopping_ads	ne_v_nayavnosti		
vt-59133	dup:Гарбуз					
vt-59204			Shopping_ads	ne_v_nayavnosti		
vt-59314			Shopping_ads	ne_v_nayavnosti		
vt-59394			Shopping_ads	ne_v_nayavnosti		
vt-59514	dup:Гарбуз					
vt-59544			Shopping_ads	ne_v_nayavnosti		
vt-59864g			Shopping_ads	ne_v_nayavnosti		
vt-59974			Shopping_ads	ne_v_nayavnosti		
vt-6041-18	dup:Гарбуз					
vt-606215			Shopping_ads	ne_v_nayavnosti		
vt-606215-А			Shopping_ads	ne_v_nayavnosti		
vt-607110			Shopping_ads	ne_v_nayavnosti		
vt-609726			Shopping_ads	ne_v_nayavnosti		
vt-609726-А			Shopping_ads	ne_v_nayavnosti		
vt-6102			Shopping_ads	ne_v_nayavnosti		
vt-6102-M	dup:Гарбуз					
vt-6103			Shopping_ads	ne_v_nayavnosti		
vt-6303	dup:Гарбуз					
vt-6558 410			Shopping_ads	ne_v_nayavnosti		
vt-66160	dup:Тиква		Shopping_ads	ne_v_nayavnosti		
vt-66973/015			Shopping_ads	ne_v_nayavnosti		
vt-676-14	dup:Гарбуз					
vt-676-3			Shopping_ads	ne_v_nayavnosti		
vt-6815	dup:Гарбуз					
vt-681507	dup:Гарбуз					
vt-68236	dup:Гарбуз					
vt-6828-5						prybutok
vt-68683	dup:Гарбуз					
vt-6912-5	dup:Гарбуз					
vt-6912-6 S&T	dup:Гарбуз					
vt-7-546	dup:Гарбуз					
vt-7-581			Shopping_ads	ne_v_nayavnosti		
vt-700-10-17	dup:Гарбуз					
vt-701-14			Shopping_ads	ne_v_nayavnosti		
vt-7027-04			Shopping_ads	ne_v_nayavnosti		
vt-7027-05	dup:Тиква		Shopping_ads	ne_v_nayavnosti		
vt-7029-03	dup:Гарбуз					
vt-7029-12			Shopping_ads	ne_v_nayavnosti		
vt-7088-12	dup:Гарбуз					prybutok
vt-7099	dup:Тиква		Shopping_ads	ne_v_nayavnosti		
vt-7102			Shopping_ads	ne_v_nayavnosti	bez_foto	
vt-7103			Shopping_ads	ne_v_nayavnosti		
vt-7103-L	dup:Гарбуз					
vt-718			Shopping_ads	ne_v_nayavnosti		
vt-7202			Shopping_ads	ne_v_nayavnosti	bez_foto	
vt-7202-S	dup:Гарбуз					
vt-7203			Shopping_ads	ne_v_nayavnosti		
vt-7203-S	dup:Гарбуз					
vt-7204			Shopping_ads	ne_v_nayavnosti		
vt-7451						prybutok
vt-767-14	dup:Гарбуз					
vt-767-18			Shopping_ads	ne_v_nayavnosti		
vt-768-18 ГРАФІТ			Shopping_ads	ne_v_nayavnosti		
vt-768-18 ПЕРЛ			Shopping_ads	ne_v_nayavnosti		
vt-77030	dup:Тиква		Shopping_ads	ne_v_nayavnosti		
vt-77031	dup:Тиква		Shopping_ads	ne_v_nayavnosti		
vt-77032	dup:Тиква		Shopping_ads	ne_v_nayavnosti		
vt-77075			Shopping_ads	ne_v_nayavnosti		
vt-77086	dup:Гарбуз					
vt-77089	dup:Тиква		Shopping_ads	ne_v_nayavnosti		
vt-77090	dup:Гарбуз					
vt-77091	dup:Гарбуз					
vt-77092	dup:Тиква		Shopping_ads	ne_v_nayavnosti		
vt-77093	dup:Тиква		Shopping_ads	ne_v_nayavnosti		
vt-77361	dup:Гарбуз					prybutok
vt-77405						prybutok
vt-77502	dup:Гарбуз					
vt-77503	dup:Гарбуз					
vt-77504	dup:Гарбуз					prybutok
vt-8-14			Shopping_ads	ne_v_nayavnosti		
vt-80020			Shopping_ads	ne_v_nayavnosti		
vt-80022			Shopping_ads	ne_v_nayavnosti		
vt-80024			Shopping_ads	ne_v_nayavnosti		
vt-80024 S&T			Shopping_ads	ne_v_nayavnosti		
vt-80028			Shopping_ads	ne_v_nayavnosti		
vt-80034	dup:Гарбуз					prybutok
vt-80113-1 ТЕХ						prybutok
vt-80229			Shopping_ads	ne_v_nayavnosti		
vt-80229-2	dup:Гарбуз					
vt-80230	dup:Тиква		Shopping_ads	ne_v_nayavnosti		
vt-80350	dup:Гарбуз					prybutok
vt-80383						prybutok
vt-80383-SL						prybutok
vt-80385			Shopping_ads	ne_v_nayavnosti		
vt-80385-SL			Shopping_ads	ne_v_nayavnosti		
vt-80386			Shopping_ads	ne_v_nayavnosti		
vt-80390						prybutok
vt-80390-SL						prybutok
vt-80403			Shopping_ads	ne_v_nayavnosti		
vt-85-350 Green	dup:Гарбуз					
vt-85-350Black	dup:Гарбуз					
vt-85-350Red	dup:Гарбуз					
vt-88-222-101			Shopping_ads	ne_v_nayavnosti		
vt-88-222-107			Shopping_ads	ne_v_nayavnosti		prybutok
vt-88-222-112						prybutok
vt-88-222-116						prybutok
vt-88-222-131						prybutok
vt-8805А BS	dup:Тиква		Shopping_ads	ne_v_nayavnosti		
vt-8832			Shopping_ads	ne_v_nayavnosti		
vt-8834			Shopping_ads	ne_v_nayavnosti		
vt-8864			Shopping_ads	ne_v_nayavnosti		
vt-887-09-01			Shopping_ads	ne_v_nayavnosti		
vt-887-11-01	dup:Гарбуз					
vt-888-078			Shopping_ads	ne_v_nayavnosti		
vt-888-079			Shopping_ads	ne_v_nayavnosti		
vt-888-156	dup:Гарбуз					
vt-888-160	dup:Гарбуз					
vt-888-161	dup:Гарбуз					
vt-888-29			Shopping_ads	ne_v_nayavnosti		
vt-889-07-001	dup:Гарбуз					
vt-889-07-009	dup:Гарбуз					
vt-8920	dup:Гарбуз					
vt-9022			Shopping_ads	ne_v_nayavnosti		
vt-9022AM06	dup:Гарбуз					
vt-9036	dup:Гарбуз					prybutok
vt-9037			Shopping_ads	ne_v_nayavnosti		
vt-9037-01 S&T	dup:Тиква		Shopping_ads	ne_v_nayavnosti		
vt-9037-03 S&T			Shopping_ads	ne_v_nayavnosti		
vt-9037-6			Shopping_ads	ne_v_nayavnosti		
vt-9038-1	dup:Гарбуз		Shopping_ads	ne_v_nayavnosti		prybutok
vt-9038-3	dup:Гарбуз					prybutok
vt-9038-4			Shopping_ads	ne_v_nayavnosti		
vt-9038-6			Shopping_ads	ne_v_nayavnosti		
vt-9097-3			Shopping_ads	ne_v_nayavnosti		
vt-9097-5			Shopping_ads	ne_v_nayavnosti		
vt-9097-9			Shopping_ads	ne_v_nayavnosti		
vt-9099-5	dup:Гарбуз					
vt-9141	dup:Гарбуз		Shopping_ads	ne_v_nayavnosti		prybutok
vt-9141-01			Shopping_ads	ne_v_nayavnosti		
vt-9142			Shopping_ads	ne_v_nayavnosti		
vt-9143			Shopping_ads	ne_v_nayavnosti		
vt-9304-7			Shopping_ads	ne_v_nayavnosti		
vt-94058			Shopping_ads	ne_v_nayavnosti		
vt-94069			Shopping_ads	ne_v_nayavnosti		
vt-94070			Shopping_ads	ne_v_nayavnosti		
vt-94083			Shopping_ads	ne_v_nayavnosti		
vt-94084			Shopping_ads	ne_v_nayavnosti		
vt-94092	dup:Тиква		Shopping_ads	ne_v_nayavnosti		
vt-94219						prybutok
vt-9450-2	dup:Гарбуз					
vt-9454-2N	dup:Гарбуз					
vt-9454-3N	dup:Гарбуз					
vt-9454-4N			Shopping_ads	ne_v_nayavnosti		
vt-950008			Shopping_ads	ne_v_nayavnosti		
vt-95040	dup:Гарбуз					
vt-95756	dup:Гарбуз					
vt-96504-6 UG	dup:Гарбуз					
vt-96571						prybutok
vt-96761	dup:Гарбуз					
vt-96762	dup:Гарбуз					
vt-96763	dup:Гарбуз					
vt-96818	dup:Гарбуз					
vt-96874	dup:Гарбуз					
vt-96887	dup:Гарбуз					
vt-96935			Shopping_ads	ne_v_nayavnosti		
vt-96953			Shopping_ads	ne_v_nayavnosti		
vt-97236			Shopping_ads	ne_v_nayavnosti		
vt-97346			Shopping_ads	ne_v_nayavnosti		
vt-97711			Shopping_ads	ne_v_nayavnosti		
vt-98396	dup:Гарбуз					
vt-A060160	dup:Гарбуз					
vt-AAR0757			Shopping_ads	ne_v_nayavnosti		
vt-ADS2240-18 76864			Shopping_ads	ne_v_nayavnosti		
vt-ADS2240-20 76865	dup:Тиква		Shopping_ads	ne_v_nayavnosti		
vt-AGL-PP7			Shopping_ads	ne_v_nayavnosti		
vt-AK2021EC						prybutok
vt-AL 22766	dup:Гарбуз					
vt-AL 2545-5	dup:Гарбуз					
vt-AQ203F-5 (83150)			Shopping_ads	ne_v_nayavnosti		prybutok
vt-AQ203Е	dup:Гарбуз					prybutok
vt-AR0215FG			Shopping_ads	ne_v_nayavnosti		
vt-AR0219FG			Shopping_ads	ne_v_nayavnosti		
vt-AR0226FG			Shopping_ads	ne_v_nayavnosti		
vt-AR0231FG			Shopping_ads	ne_v_nayavnosti		
vt-AR0320FDG	dup:Гарбуз					
vt-AR0326FDG	dup:Гарбуз					
vt-AR0426GB	dup:Гарбуз					
vt-AR0432CWB			Shopping_ads	ne_v_nayavnosti		
vt-AR0704FSB	dup:Гарбуз					
vt-AR0704FSC	dup:Гарбуз					
vt-AR0704FSG	dup:Гарбуз					
vt-AR0704TB	dup:Гарбуз					
vt-AR0706CM			Shopping_ads	ne_v_nayavnosti		
vt-AR0706VF			Shopping_ads	ne_v_nayavnosti		
vt-AR0706VK	dup:Гарбуз					
vt-AR0706VT			Shopping_ads	ne_v_nayavnosti		
vt-AR0706ZF	dup:Гарбуз					
vt-AR0706ZS	dup:Гарбуз					
vt-AR0719EBG			Shopping_ads	ne_v_nayavnosti		
vt-AR0720EBG			Shopping_ads	ne_v_nayavnosti		
vt-AR0722G			Shopping_ads	ne_v_nayavnosti		
vt-AR0724BES		ads_zero				stop
vt-AR0724BS	dup:Гарбуз					
vt-AR0724SL			Shopping_ads	ne_v_nayavnosti		
vt-AR0724TS	dup:Гарбуз					
vt-AR0748KS	dup:Гарбуз					
vt-AR0809SS	dup:Гарбуз					
vt-AR0819EBR			Shopping_ads	ne_v_nayavnosti		
vt-AR0901W					bez_foto	
vt-AR0902B						prybutok
vt-AR0904W	dup:Гарбуз					
vt-AR0906B	dup:Гарбуз					
vt-AR0907B	dup:Гарбуз					
vt-AR0907W	dup:Гарбуз					
vt-AR0910B			Shopping_ads	ne_v_nayavnosti		
vt-AR0911BB			Shopping_ads	ne_v_nayavnosti		
vt-AR0913SS	dup:Гарбуз					prybutok
vt-AR0913WB	dup:Гарбуз					
vt-AR0916			Shopping_ads	ne_v_nayavnosti		
vt-AR0918			Shopping_ads	ne_v_nayavnosti		
vt-AR0920	dup:Гарбуз					
vt-AR0922			Shopping_ads	ne_v_nayavnosti		
vt-AR0924S	dup:Гарбуз					
vt-AR0925B			Shopping_ads	ne_v_nayavnosti		
vt-AR0925S	dup:Гарбуз					
vt-AR0927S	dup:Гарбуз					
vt-AR0932			Shopping_ads	ne_v_nayavnosti		
vt-AR0936	dup:Гарбуз					
vt-AR0937			Shopping_ads	ne_v_nayavnosti		
vt-AR0944			Shopping_ads	ne_v_nayavnosti		
vt-AR0945						prybutok
vt-AR0949	dup:Гарбуз					
vt-AR0958						prybutok
vt-AR1009WL	dup:Гарбуз					prybutok
vt-AR1015LG			Shopping_ads	ne_v_nayavnosti		
vt-AR1020LB			Shopping_ads	ne_v_nayavnosti		
vt-AR1020LG	dup:Гарбуз					
vt-AR1027LB	dup:Гарбуз					
vt-AR1027LG	dup:Тиква		Shopping_ads	ne_v_nayavnosti		
vt-AR1052B			Shopping_ads	ne_v_nayavnosti		
vt-AR1136SP			Shopping_ads	ne_v_nayavnosti		
vt-AR1143B	dup:Гарбуз					
vt-AR1218PP	dup:Тиква		Shopping_ads	ne_v_nayavnosti		
vt-AR1224B PREMIUM	dup:Гарбуз					
vt-AR1226B PREMIUM	dup:Гарбуз					
vt-AR1228B PREMIUM	dup:Гарбуз					
vt-AR1309BP			Shopping_ads	ne_v_nayavnosti		
vt-AR1311GG			Shopping_ads	ne_v_nayavnosti		
vt-AR1311SF	dup:Гарбуз					
vt-AR1316SF			Shopping_ads	ne_v_nayavnosti		
vt-AR1350BHB	dup:Тиква		Shopping_ads	ne_v_nayavnosti		
vt-AR1354BLR			Shopping_ads	ne_v_nayavnosti		
vt-AR1375BV	dup:Гарбуз					
vt-AR1375LP	dup:Гарбуз					
vt-AR1376BLR	dup:Тиква		Shopping_ads	ne_v_nayavnosti		
vt-AR1376BLRG	dup:Тиква		Shopping_ads	ne_v_nayavnosti		
vt-AR1406B			Shopping_ads	ne_v_nayavnosti		
vt-AR1420AW			Shopping_ads	ne_v_nayavnosti		
vt-AR1425BG	dup:Тиква		Shopping_ads	ne_v_nayavnosti		
vt-AR1431BM			Shopping_ads	ne_v_nayavnosti		
vt-AR1433BA			Shopping_ads	ne_v_nayavnosti		
vt-AR1433BAM			Shopping_ads	ne_v_nayavnosti		
vt-AR1433BG			Shopping_ads	ne_v_nayavnosti		
vt-AR1433GR			Shopping_ads	ne_v_nayavnosti		
vt-AR1440BA			Shopping_ads	ne_v_nayavnosti		
vt-AR1441BG			Shopping_ads	ne_v_nayavnosti		
vt-AR1445BM	dup:Гарбуз					
vt-AR1562G			Shopping_ads	ne_v_nayavnosti		
vt-AR1601PP			Shopping_ads	ne_v_nayavnosti		
vt-AR1603B			Shopping_ads	ne_v_nayavnosti		
vt-AR1603LP	dup:Гарбуз					prybutok
vt-AR1603TP	dup:Гарбуз					prybutok
vt-AR1608B			Shopping_ads	ne_v_nayavnosti		
vt-AR1618SS	dup:Гарбуз					
vt-AR1628SS			Shopping_ads	ne_v_nayavnosti		
vt-AR1653G	dup:Тиква		Shopping_ads	ne_v_nayavnosti		
vt-AR1717DG	dup:Гарбуз					
vt-AR1719DG	dup:Гарбуз					
vt-AR1721DG	dup:Гарбуз					
vt-AR1722DG	dup:Гарбуз					
vt-AR1728DG	dup:Гарбуз					
vt-AR1730DG			Shopping_ads	ne_v_nayavnosti		
vt-AR1735DG	dup:Гарбуз					
vt-AR1906CF	dup:Гарбуз					
vt-AR1906DWB	dup:Гарбуз					
vt-AR1906LG	dup:Гарбуз					
vt-AR1906SF	dup:Гарбуз					
vt-AR1906SS	dup:Гарбуз					
vt-AR1906VT	dup:Гарбуз					
vt-AR1908AFP	dup:Гарбуз					
vt-AR1908PS	dup:Гарбуз					
vt-AR1909BGM						prybutok
vt-AR1910FFP			Shopping_ads	ne_v_nayavnosti		
vt-AR1910FP	dup:Гарбуз					
vt-AR1910PS	dup:Гарбуз					
vt-AR1912CGS	dup:Гарбуз					
vt-AR1916AS	dup:Гарбуз					
vt-AR1916SS	dup:Гарбуз					
vt-AR1920PW						prybutok
vt-AR1924BMR			Shopping_ads	ne_v_nayavnosti		
vt-AR1924DF	dup:Гарбуз					
vt-AR1924GDL	dup:Гарбуз					
vt-AR1924GDP	dup:Гарбуз					
vt-AR1924HS	dup:Гарбуз					
vt-AR1924MI			Shopping_ads	ne_v_nayavnosti		
vt-AR1926FGG	dup:Тиква		Shopping_ads	ne_v_nayavnosti		
vt-AR1926GDL	dup:Гарбуз					
vt-AR1926GDP	dup:Гарбуз					
vt-AR1928CPS	dup:Тиква		Shopping_ads	ne_v_nayavnosti		
vt-AR1928DF			Shopping_ads	ne_v_nayavnosti		
vt-AR1928GDL	dup:Гарбуз					
vt-AR1928GDP	dup:Гарбуз					
vt-AR1928GMP	dup:Гарбуз					
vt-AR1928MI	dup:Тиква		Shopping_ads	ne_v_nayavnosti		
vt-AR1928PG			Shopping_ads	ne_v_nayavnosti		
vt-AR1952BC	dup:Гарбуз					
vt-AR1958GSS			Shopping_ads	ne_v_nayavnosti		
vt-AR1995BGM						prybutok
vt-AR2018SK			Shopping_ads	ne_v_nayavnosti		
vt-AR2031SW	dup:Гарбуз					
vt-AR2033SW	dup:Гарбуз					
vt-AR2034SB			Shopping_ads	ne_v_nayavnosti		
vt-AR2034SW			Shopping_ads	ne_v_nayavnosti		
vt-AR2035SB			Shopping_ads	ne_v_nayavnosti		
vt-AR2035SW	dup:Гарбуз					
vt-AR2101SS	dup:Гарбуз					
vt-AR2105BG	dup:Гарбуз					
vt-AR2105BWD	dup:Гарбуз					
vt-AR2105PG	dup:Гарбуз					
vt-AR2107BL						prybutok
vt-AR2108PG	dup:Гарбуз					
vt-AR2108PY	dup:Гарбуз					
vt-AR2114SW						stop
vt-AR2118CB			Shopping_ads	ne_v_nayavnosti		
vt-AR2120CG			Shopping_ads	ne_v_nayavnosti		
vt-AR2123AH	dup:Гарбуз					prybutok
vt-AR2123BG			Shopping_ads	ne_v_nayavnosti		
vt-AR2123PH			Shopping_ads	ne_v_nayavnosti		prybutok
vt-AR2123SH			Shopping_ads	ne_v_nayavnosti		
vt-AR2124CG			Shopping_ads	ne_v_nayavnosti		
vt-AR2125PB			Shopping_ads	ne_v_nayavnosti		
vt-AR2127CB	dup:Тиква		Shopping_ads	ne_v_nayavnosti		
vt-AR2127CG			Shopping_ads	ne_v_nayavnosti		
vt-AR2128PG			Shopping_ads	ne_v_nayavnosti		
vt-AR2131SB			Shopping_ads	ne_v_nayavnosti		
vt-AR2132SP	dup:Гарбуз					
vt-AR2136SS	dup:Тиква		Shopping_ads	ne_v_nayavnosti		
vt-AR2137SS			Shopping_ads	ne_v_nayavnosti		
vt-AR2139SS			Shopping_ads	ne_v_nayavnosti		
vt-AR2140B			Shopping_ads	ne_v_nayavnosti		
vt-AR2140PG	dup:Гарбуз					
vt-AR2143MS	dup:Гарбуз					
vt-AR2144PG	dup:Гарбуз					
vt-AR2155PG	dup:Гарбуз					
vt-AR2204TG	dup:Гарбуз					
vt-AR2204TR	dup:Гарбуз					
vt-AR2204TZ	dup:Гарбуз					
vt-AR2210EV			Shopping_ads	ne_v_nayavnosti		
vt-AR2250BY			Shopping_ads	ne_v_nayavnosti		
vt-AR2250PO	dup:Тиква		Shopping_ads	ne_v_nayavnosti		
vt-AR2250PU	dup:Тиква		Shopping_ads	ne_v_nayavnosti		
vt-AR2255RB			Shopping_ads	ne_v_nayavnosti	bez_foto	
vt-AR2260BB			Shopping_ads	ne_v_nayavnosti		
vt-AR2260BP			Shopping_ads	ne_v_nayavnosti		
vt-AR2260BY			Shopping_ads	ne_v_nayavnosti		
vt-AR2270PP	dup:Тиква		Shopping_ads	ne_v_nayavnosti		
vt-AR2280GB			Shopping_ads	ne_v_nayavnosti		
vt-AR2280GE			Shopping_ads	ne_v_nayavnosti		
vt-AR2280GL			Shopping_ads	ne_v_nayavnosti		
vt-AR2285UB			Shopping_ads	ne_v_nayavnosti		
vt-AR2285UW	dup:Тиква		Shopping_ads	ne_v_nayavnosti		
vt-AR2401BG	dup:Тиква		Shopping_ads	ne_v_nayavnosti		
vt-AR2402BGB	dup:Тиква		Shopping_ads	ne_v_nayavnosti		
vt-AR2403BGB			Shopping_ads	ne_v_nayavnosti		
vt-AR2404SS			Shopping_ads	ne_v_nayavnosti		
vt-AR2405SB	dup:Гарбуз					
vt-AR2406BG	dup:Гарбуз					
vt-AR2407BG			Shopping_ads	ne_v_nayavnosti		
vt-AR2409BG			Shopping_ads	ne_v_nayavnosti		
vt-AR2412GE			Shopping_ads	ne_v_nayavnosti		
vt-AR2426GE			Shopping_ads	ne_v_nayavnosti		
vt-AR2430GE	dup:Тиква		Shopping_ads	ne_v_nayavnosti		
vt-AR2454GE	dup:Гарбуз					
vt-AR2476B			Shopping_ads	ne_v_nayavnosti		
vt-AR2503B			Shopping_ads	ne_v_nayavnosti		
vt-AR2508G			Shopping_ads	ne_v_nayavnosti		
vt-AR2510G	dup:Тиква		Shopping_ads	ne_v_nayavnosti		
vt-AR2511G	dup:Тиква		Shopping_ads	ne_v_nayavnosti		
vt-AR2602SP	dup:Гарбуз					
vt-AR2603L	dup:Гарбуз					
vt-AR2610BGB	dup:Тиква		Shopping_ads	ne_v_nayavnosti		
vt-AR2612BD	dup:Тиква		Shopping_ads	ne_v_nayavnosti		
vt-AR2613GR	dup:Гарбуз					
vt-AR2615BH	dup:Гарбуз					
vt-AR2618PGN	dup:Гарбуз					
vt-AR2620BHR	dup:Гарбуз					
vt-AR2621GC	dup:Гарбуз					
vt-AR2623GH	dup:Гарбуз					
vt-AR2625BAR	dup:Гарбуз					
vt-AR2625BHL	dup:Гарбуз					
vt-AR2625GA	dup:Гарбуз					
vt-AR2625GG	dup:Гарбуз					
vt-AR2625GHA	dup:Гарбуз					
vt-AR2626B	dup:Гарбуз					
vt-AR2626GM	dup:Гарбуз					
vt-AR2626GS	dup:Гарбуз					
vt-AR2627GW	dup:Гарбуз					
vt-AR2628BC	dup:Гарбуз					
vt-AR2628WRT	dup:Гарбуз					
vt-AR2630AB	dup:Гарбуз					
vt-AR2630AR	dup:Гарбуз					
vt-AR2630BL	dup:Гарбуз					
vt-AR2630BWL	dup:Гарбуз					
vt-AR2630GGR	dup:Гарбуз					
vt-AR2630GHL	dup:Гарбуз					
vt-AR2630GR			Shopping_ads	ne_v_nayavnosti		
vt-AR2630WRC	dup:Гарбуз					prybutok
vt-AR2630WS	dup:Гарбуз					
vt-AR2631BHR	dup:Гарбуз					
vt-AR2631GL	dup:Гарбуз					
vt-AR2631GT	dup:Гарбуз					
vt-AR2631WRC			Shopping_ads	ne_v_nayavnosti		prybutok
vt-AR2631WRT			Shopping_ads	ne_v_nayavnosti		prybutok
vt-AR2632WRC	dup:Гарбуз					prybutok
vt-AR2633BHL	dup:Гарбуз					prybutok
vt-AR2633WA			Shopping_ads	ne_v_nayavnosti		
vt-AR2635ABS	dup:Гарбуз					
vt-AR2635BGG			Shopping_ads	ne_v_nayavnosti		
vt-AR2635BH	dup:Гарбуз					
vt-AR2635BN	dup:Гарбуз					
vt-AR2635BV	dup:Гарбуз					
vt-AR2635BWH	dup:Гарбуз					
vt-AR2635MMS	dup:Гарбуз					
vt-AR2636BR						prybutok
vt-AR2637BR						prybutok
vt-AR2638B	dup:Гарбуз					
vt-AR2639GW	dup:Гарбуз					
vt-AR2640B	dup:Тиква		Shopping_ads	ne_v_nayavnosti		stop
vt-AR2640BGR	dup:Гарбуз					
vt-AR2640BHR	dup:Гарбуз					
vt-AR2640BT	dup:Тиква		Shopping_ads	ne_v_nayavnosti		stop
vt-AR2640OL	dup:Тиква		Shopping_ads	ne_v_nayavnosti		stop
vt-AR2640WH	dup:Гарбуз					
vt-AR2642IC			Shopping_ads	ne_v_nayavnosti		
vt-AR2645BCH	dup:Гарбуз					
vt-AR2645BH	dup:Гарбуз					
vt-AR2645BHN	dup:Гарбуз					
vt-AR2645BWN	dup:Гарбуз					prybutok
vt-AR2645CG			Shopping_ads	ne_v_nayavnosti		prybutok
vt-AR2645CML	dup:Гарбуз					prybutok
vt-AR2645DMM	dup:Тиква		Shopping_ads	ne_v_nayavnosti		
vt-AR2645FC			Shopping_ads	ne_v_nayavnosti		prybutok
vt-AR2645OT	dup:Тиква		Shopping_ads	ne_v_nayavnosti		prybutok
vt-AR2645RN	dup:Гарбуз					prybutok
vt-AR2645STR	dup:Тиква		Shopping_ads	ne_v_nayavnosti		
vt-AR2645YT			Shopping_ads	ne_v_nayavnosti		prybutok
vt-AR2648GW	dup:Гарбуз					
vt-AR2650KMA	dup:Гарбуз					
vt-AR2650TMB			Shopping_ads	ne_v_nayavnosti		stop
vt-AR2670WGS	dup:Гарбуз					
vt-AR2690GBL						prybutok
vt-AR2914BGC	dup:Гарбуз					
vt-AR2914GMC			Shopping_ads	ne_v_nayavnosti		
vt-AR2914GREY	dup:Гарбуз					
vt-AR2914LCC			Shopping_ads	ne_v_nayavnosti		
vt-AR2914MW			Shopping_ads	ne_v_nayavnosti		
vt-AR2914WGC	dup:Гарбуз					
vt-AR2916BB	dup:Гарбуз					
vt-AR2916GRC	dup:Гарбуз					
vt-AR2916PC			Shopping_ads	ne_v_nayavnosti		
vt-AR2919MRBS			Shopping_ads	ne_v_nayavnosti		
vt-AR2920BC						prybutok
vt-AR2920BGC						prybutok
vt-AR2920BMC						prybutok
vt-AR2920GRC			Shopping_ads	ne_v_nayavnosti		prybutok
vt-AR2920GREY						prybutok
vt-AR2920LCC						prybutok
vt-AR2920LGC						prybutok
vt-AR2920MW						prybutok
vt-AR2920OC						prybutok
vt-AR2920SWB			Shopping_ads	ne_v_nayavnosti		
vt-AR2920WGC						prybutok
vt-AR2920WM			Shopping_ads	ne_v_nayavnosti		prybutok
vt-AR2921TB			Shopping_ads	ne_v_nayavnosti		
vt-AR2922LCC	dup:Гарбуз					
vt-AR2922LGC	dup:Гарбуз					
vt-AR2926AB	dup:Гарбуз					
vt-AR2926LGC	dup:Гарбуз					
vt-AR2926TB			Shopping_ads	ne_v_nayavnosti		
vt-AR2926WM			Shopping_ads	ne_v_nayavnosti		
vt-AR2927AC	dup:Гарбуз					
vt-AR2927AG	dup:Гарбуз					
vt-AR2927BM			Shopping_ads	ne_v_nayavnosti		
vt-AR2927UB	dup:Гарбуз					
vt-AR2936SWB	dup:Гарбуз					
vt-AR2940TG			Shopping_ads	ne_v_nayavnosti		
vt-AR2940TW			Shopping_ads	ne_v_nayavnosti		
vt-AR2948BGC	dup:Гарбуз					
vt-AR3006GBM			Shopping_ads	ne_v_nayavnosti		prybutok
vt-AR3008GBM						prybutok
vt-AR3010BBH	dup:Тиква		Shopping_ads	ne_v_nayavnosti		
vt-AR3010GBM		ads_zero				stop
vt-AR3016GB	dup:Гарбуз					
vt-AR3017GB	dup:Гарбуз					
vt-AR3018GB	dup:Гарбуз					
vt-AR3019GB	dup:Гарбуз					
vt-AR3020GB	dup:Гарбуз					
vt-AR3021GB	dup:Гарбуз					
vt-AR3042Y	dup:Гарбуз					prybutok
vt-AR3043OR	dup:Гарбуз					
vt-AR3043Y	dup:Гарбуз					
vt-AR3044BN	dup:Гарбуз					
vt-AR3044GY	dup:Гарбуз					
vt-AR3044LG			Shopping_ads	ne_v_nayavnosti		
vt-AR3049	dup:Гарбуз					
vt-AR3054	dup:Гарбуз					
vt-AR3055	dup:Гарбуз					
vt-AR3056	dup:Гарбуз					
vt-AR3057	dup:Тиква		Shopping_ads	ne_v_nayavnosti		
vt-AR3091	dup:Гарбуз					
vt-AR3096LB	dup:Гарбуз					
vt-AR3301GN	dup:Гарбуз					
vt-AR3302GR	dup:Гарбуз					
vt-AR3309GN			Shopping_ads	ne_v_nayavnosti		
vt-AR3312G			Shopping_ads	ne_v_nayavnosti		
vt-AR3313RGR			Shopping_ads	ne_v_nayavnosti		
vt-AR3314OBG			Shopping_ads	ne_v_nayavnosti		
vt-AR3314OBR			Shopping_ads	ne_v_nayavnosti		
vt-AR3314OGR			Shopping_ads	ne_v_nayavnosti		
vt-AR3324DGN			Shopping_ads	ne_v_nayavnosti		
vt-AR3324GNW			Shopping_ads	ne_v_nayavnosti		
vt-AR3326			Shopping_ads	ne_v_nayavnosti		
vt-AR3441	dup:Гарбуз					
vt-AR3446	dup:Гарбуз					
vt-AR3450	dup:Гарбуз					
vt-AR3456BS	dup:Гарбуз					
vt-AR3458BL	dup:Гарбуз					
vt-AR3458P	dup:Гарбуз					
vt-AR3460	dup:Гарбуз					
vt-AR3467DGR	dup:Тиква		Shopping_ads	ne_v_nayavnosti		
vt-AR3467R	dup:Гарбуз					
vt-AR3469BL	dup:Гарбуз					
vt-AR3469Y	dup:Гарбуз					
vt-AR3471BL	dup:Гарбуз					
vt-AR3471BR	dup:Гарбуз					
vt-AR3473E			Shopping_ads	ne_v_nayavnosti		
vt-AR3476BL			Shopping_ads	ne_v_nayavnosti		
vt-AR3482BL	dup:Гарбуз					
vt-AR3486BL	dup:Гарбуз					
vt-AR3486LG	dup:Гарбуз					
vt-AR3486P	dup:Гарбуз					
vt-AR3495	dup:Гарбуз					
vt-AR3503I			Shopping_ads	ne_v_nayavnosti		
vt-AR3504I			Shopping_ads	ne_v_nayavnosti		
vt-AR3505I			Shopping_ads	ne_v_nayavnosti		
vt-AR3511I			Shopping_ads	ne_v_nayavnosti		
vt-AR3513I			Shopping_ads	ne_v_nayavnosti		
vt-AR3514I	dup:Гарбуз					
vt-AR3515I			Shopping_ads	ne_v_nayavnosti		
vt-AR3516I			Shopping_ads	ne_v_nayavnosti		
vt-AR3517I	dup:Тиква		Shopping_ads	ne_v_nayavnosti		
vt-AR3519I	dup:Гарбуз					
vt-AR3520I	dup:Гарбуз					
vt-AR3521I	dup:Гарбуз					
vt-AR3527I			Shopping_ads	ne_v_nayavnosti		
vt-AR3540I	dup:Тиква		Shopping_ads	ne_v_nayavnosti		
vt-AR3553	dup:Гарбуз					
vt-AR3562			Shopping_ads	ne_v_nayavnosti		
vt-AR3567S			Shopping_ads	ne_v_nayavnosti		
vt-AR3608P			Shopping_ads	ne_v_nayavnosti		
vt-AR3624P			Shopping_ads	ne_v_nayavnosti		
vt-AR3634PS			Shopping_ads	ne_v_nayavnosti		
vt-AR3635P			Shopping_ads	ne_v_nayavnosti		
vt-AR3637P			Shopping_ads	ne_v_nayavnosti		
vt-AR3722	dup:Гарбуз					
vt-AR3727			Shopping_ads	ne_v_nayavnosti		
vt-AR3732	dup:Гарбуз					
vt-AR3733	dup:Гарбуз					
vt-AR3735			Shopping_ads	ne_v_nayavnosti		
vt-AR3749			Shopping_ads	ne_v_nayavnosti		
vt-AR3750	dup:Гарбуз					
vt-AR3802W			Shopping_ads	ne_v_nayavnosti		
vt-AR3837			Shopping_ads	ne_v_nayavnosti	bez_foto	
vt-AR3838	dup:Гарбуз					
vt-AR3841	dup:Гарбуз					
vt-AR3844			Shopping_ads	ne_v_nayavnosti		
vt-AR3846			Shopping_ads	ne_v_nayavnosti		
vt-AR3847	dup:Гарбуз					
vt-AR3920SS	dup:Тиква		Shopping_ads	ne_v_nayavnosti		
vt-AR4012B			Shopping_ads	ne_v_nayavnosti		
vt-AR4040T			Shopping_ads	ne_v_nayavnosti		
vt-AR4318GB	dup:Гарбуз					
vt-AR4322GB	dup:Гарбуз					
vt-AR4408G			Shopping_ads	ne_v_nayavnosti		
vt-AR4451G	dup:Гарбуз					
vt-AR5013	dup:Гарбуз					
vt-AR5033	dup:Гарбуз					
vt-AR5038			Shopping_ads	ne_v_nayavnosti		
vt-AR5039	dup:Тиква		Shopping_ads	ne_v_nayavnosti		
vt-AR5052	dup:Гарбуз					
vt-AR5053			Shopping_ads	ne_v_nayavnosti		
vt-AR5055			Shopping_ads	ne_v_nayavnosti	bez_foto	
vt-AR5056			Shopping_ads	ne_v_nayavnosti		
vt-AR5057	dup:Гарбуз					
vt-AR6431B			Shopping_ads	ne_v_nayavnosti		
vt-AR8103W						prybutok
vt-ARHB3101GS						prybutok
vt-ARHB3103SV			Shopping_ads	ne_v_nayavnosti		
vt-ARHB3105OB			Shopping_ads	ne_v_nayavnosti		
vt-ARHB3106MB	dup:Гарбуз					
vt-ARHB3107B			Shopping_ads	ne_v_nayavnosti		
vt-ARHB3107G			Shopping_ads	ne_v_nayavnosti		
vt-ARHB3107W			Shopping_ads	ne_v_nayavnosti		
vt-ARHB3108B			Shopping_ads	ne_v_nayavnosti		
vt-ARHB3109B	dup:Тиква		Shopping_ads	ne_v_nayavnosti		
vt-ARHB3113GW	dup:Гарбуз					
vt-ARHB3130			Shopping_ads	ne_v_nayavnosti		
vt-ARHB3301RB	dup:Тиква		Shopping_ads	ne_v_nayavnosti		
vt-ARHB3301RG	dup:Тиква		Shopping_ads	ne_v_nayavnosti		
vt-ARHB3601WB		ads_zero				stop
vt-ARHC2503BG			Shopping_ads	ne_v_nayavnosti		
vt-ARHC2504GW			Shopping_ads	ne_v_nayavnosti		
vt-ARHC2505BL						prybutok
vt-ARHC2507BG			Shopping_ads	ne_v_nayavnosti		
vt-ARHC2507GG			Shopping_ads	ne_v_nayavnosti		
vt-ARHC2508RG			Shopping_ads	ne_v_nayavnosti		
vt-ARHC2512BG	dup:Гарбуз					
vt-ARHC2513B	dup:Гарбуз					prybutok
vt-ARHC2513G						prybutok
vt-ARHC2534BG			Shopping_ads	ne_v_nayavnosti		
vt-ARHC2802BC						stop
vt-ARHC2805GC			Shopping_ads	ne_v_nayavnosti		prybutok
vt-ARHE1302B			Shopping_ads	ne_v_nayavnosti		
vt-ARHE1306B	dup:Гарбуз					prybutok
vt-ARHE1308B			Shopping_ads	ne_v_nayavnosti		
vt-ARHH5401WB			Shopping_ads	ne_v_nayavnosti		
vt-ARHK4102DR						prybutok
vt-ARHK4202B			Shopping_ads	ne_v_nayavnosti		
vt-ARHK4503PB			Shopping_ads	ne_v_nayavnosti		
vt-ARHK4504PB			Shopping_ads	ne_v_nayavnosti		
vt-ARHK4505GS	dup:Гарбуз					
vt-ARHK4507W	dup:Гарбуз					
vt-ART0106PB						prybutok
vt-ART0108PB						prybutok
vt-ART0109PB						prybutok
vt-ART0110PB	dup:Гарбуз					prybutok
vt-ART0112PB						prybutok
vt-ART0123PB			Shopping_ads	ne_v_nayavnosti		prybutok
vt-ART0129PB			Shopping_ads	ne_v_nayavnosti		prybutok
vt-ART0130PB			Shopping_ads	ne_v_nayavnosti		prybutok
vt-ART0205JB			Shopping_ads	ne_v_nayavnosti		prybutok
vt-ART0215SB			Shopping_ads	ne_v_nayavnosti		
vt-ART0216SB			Shopping_ads	ne_v_nayavnosti		
vt-ART04CK			Shopping_ads	ne_v_nayavnosti		
vt-ART0705PB			Shopping_ads	ne_v_nayavnosti		prybutok
vt-ART0708PB						prybutok
vt-ART0709PB						prybutok
vt-ART0710PB						prybutok
vt-ART0728PB			Shopping_ads	ne_v_nayavnosti		
vt-ART0729PB						prybutok
vt-ART07CK			Shopping_ads	ne_v_nayavnosti		
vt-ART08WB			Shopping_ads	ne_v_nayavnosti		
vt-ART14HTR	dup:Гарбуз					
vt-ART2150SG			Shopping_ads	ne_v_nayavnosti		
vt-ART2250AQ			Shopping_ads	ne_v_nayavnosti		
vt-ART2450SG			Shopping_ads	ne_v_nayavnosti		
vt-ART2536DR	dup:Гарбуз					
vt-ART2538DR	dup:Гарбуз					
vt-ART2538DW	dup:Гарбуз					
vt-ART3035NEP	dup:Гарбуз					
vt-ART3863HDB	dup:Гарбуз					
vt-ART3863HT	dup:Гарбуз					
vt-ART3863HTB	dup:Гарбуз					
vt-AU-01-02	dup:Гарбуз					
vt-AU-01-05  Krauzer			Shopping_ads	ne_v_nayavnosti		
vt-AU-602-1	dup:Гарбуз					
vt-B002-35			Shopping_ads	ne_v_nayavnosti		
vt-B002-45						prybutok
vt-B002-50			Shopping_ads	ne_v_nayavnosti		
vt-B005-10	dup:Тиква		Shopping_ads	ne_v_nayavnosti		
vt-B005-12						prybutok
vt-B005-8	dup:Тиква		Shopping_ads	ne_v_nayavnosti		
vt-B006-12	dup:Гарбуз					prybutok
vt-B006-8	dup:Гарбуз					
vt-B010-18	dup:Гарбуз					
vt-B010-20	dup:Тиква		Shopping_ads	ne_v_nayavnosti		
vt-B010-22	dup:Тиква		Shopping_ads	ne_v_nayavnosti		
vt-B010751			Shopping_ads	ne_v_nayavnosti		
vt-B010785			Shopping_ads	ne_v_nayavnosti		
vt-B010789	dup:Гарбуз					
vt-B010848	dup:Гарбуз					
vt-B010849			Shopping_ads	ne_v_nayavnosti		
vt-B010854	dup:Гарбуз					
vt-B035-14			Shopping_ads	ne_v_nayavnosti		
vt-B035-16			Shopping_ads	ne_v_nayavnosti		
vt-B050085	dup:Гарбуз					
vt-BCA4697Z-10			Shopping_ads	ne_v_nayavnosti		
vt-BCA4697Z-12			Shopping_ads	ne_v_nayavnosti		
vt-BCA4697Z-16			Shopping_ads	ne_v_nayavnosti		
vt-BCA4697Z-18			Shopping_ads	ne_v_nayavnosti		
vt-BCA4697Z-20			Shopping_ads	ne_v_nayavnosti		
vt-BCA4697Z-22			Shopping_ads	ne_v_nayavnosti		
vt-BCB3202			Shopping_ads	ne_v_nayavnosti		
vt-BCB328			Shopping_ads	ne_v_nayavnosti		
vt-BG-4991-GR	dup:Гарбуз					
vt-BGIC-2026	dup:Гарбуз					
vt-BM2015			Shopping_ads	ne_v_nayavnosti		
vt-BM309IC	dup:Тиква		Shopping_ads	ne_v_nayavnosti		
vt-BMJ-192A			Shopping_ads	ne_v_nayavnosti		
vt-BS1018			Shopping_ads	ne_v_nayavnosti		
vt-BS1020	dup:Тиква		Shopping_ads	ne_v_nayavnosti		
vt-CB1105A			Shopping_ads	ne_v_nayavnosti		
vt-CD-FG-MA-PC22			Shopping_ads	ne_v_nayavnosti		
vt-CD-FG-MA-PC24			Shopping_ads	ne_v_nayavnosti		
vt-CD301-8			Shopping_ads	ne_v_nayavnosti		
vt-CK43-MF-M002			Shopping_ads	ne_v_nayavnosti		
vt-CLW-15			Shopping_ads	ne_v_nayavnosti		
vt-CLW-17-8			Shopping_ads	ne_v_nayavnosti		
vt-CLW-19-330			Shopping_ads	ne_v_nayavnosti		
vt-CLW-9-20			Shopping_ads	ne_v_nayavnosti		
vt-CT1008А-DF3						prybutok
vt-CT1008А-DS3						prybutok
vt-CT108H-DK6	dup:Гарбуз					
vt-CT108H-ТS6			Shopping_ads	ne_v_nayavnosti		
vt-CT115-DK6	dup:Гарбуз					
vt-CT115-DS6	dup:Гарбуз					
vt-CT285-24	dup:Гарбуз					
vt-CT285-DF3	dup:Гарбуз					prybutok
vt-CT285-DK3	dup:Гарбуз					
vt-CT285-DS3						prybutok
vt-CT3-DF3						prybutok
vt-CT3-DK3	dup:Гарбуз					
vt-CT3-DS3						prybutok
vt-CT3C-DF3						prybutok
vt-CT3C-DS3						prybutok
vt-CT51-DF6			Shopping_ads	ne_v_nayavnosti		
vt-CT839-DF3	dup:Гарбуз					prybutok
vt-CT839-DS3						prybutok
vt-CT9016-C/9026						prybutok
vt-CT922-DF3						prybutok
vt-CT922-DS3						prybutok
vt-D6883			Shopping_ads	ne_v_nayavnosti		
vt-D6907			Shopping_ads	ne_v_nayavnosti		
vt-D7410			Shopping_ads	ne_v_nayavnosti		
vt-D7499			Shopping_ads	ne_v_nayavnosti		
vt-DD-B006			Shopping_ads	ne_v_nayavnosti		
vt-DD08-Z12			Shopping_ads	ne_v_nayavnosti		
vt-DD10-Z049	dup:Гарбуз					
vt-DEF226F	dup:Гарбуз					
vt-DEF247F	dup:Гарбуз					
vt-DOA008-A			Shopping_ads	ne_v_nayavnosti		prybutok
vt-DSJ0217	dup:Тиква		Shopping_ads	ne_v_nayavnosti		
vt-EM-0031			Shopping_ads	ne_v_nayavnosti		
vt-EM-0046			Shopping_ads	ne_v_nayavnosti		
vt-EM-0062			Shopping_ads	ne_v_nayavnosti		
vt-EM-0109	dup:Тиква		Shopping_ads	ne_v_nayavnosti		
vt-EM-0260			Shopping_ads	ne_v_nayavnosti		
vt-EM-0265			Shopping_ads	ne_v_nayavnosti		
vt-EM-0335			Shopping_ads	ne_v_nayavnosti		
vt-EM-0540			Shopping_ads	ne_v_nayavnosti		
vt-EM-0610			Shopping_ads	ne_v_nayavnosti		
vt-EM-0822			Shopping_ads	ne_v_nayavnosti		
vt-EM-0824			Shopping_ads	ne_v_nayavnosti		
vt-EM-0950			Shopping_ads	ne_v_nayavnosti		
vt-EM-1010			Shopping_ads	ne_v_nayavnosti		
vt-EM-1239	dup:Тиква		Shopping_ads	ne_v_nayavnosti		
vt-EM-1249	dup:Гарбуз					
vt-EM-1330			Shopping_ads	ne_v_nayavnosti		
vt-EM-1335			Shopping_ads	ne_v_nayavnosti		
vt-EM-1340			Shopping_ads	ne_v_nayavnosti		
vt-EM-1345	dup:Гарбуз					prybutok
vt-EM-1516	dup:Гарбуз					
vt-EM-1551	dup:Тиква		Shopping_ads	ne_v_nayavnosti		
vt-EM-1620			Shopping_ads	ne_v_nayavnosti		
vt-EM-1733	dup:Гарбуз					
vt-EM-1734	dup:Гарбуз					
vt-EM-1750	dup:Тиква		Shopping_ads	ne_v_nayavnosti		
vt-EM-1757			Shopping_ads	ne_v_nayavnosti		
vt-EM-2018			Shopping_ads	ne_v_nayavnosti		
vt-EM-2024			Shopping_ads	ne_v_nayavnosti		
vt-EM-2107			Shopping_ads	ne_v_nayavnosti		
vt-EM-2130			Shopping_ads	ne_v_nayavnosti		
vt-EM-2141			Shopping_ads	ne_v_nayavnosti		
vt-EM-2166			Shopping_ads	ne_v_nayavnosti		prybutok
vt-EM-2180	dup:Тиква		Shopping_ads	ne_v_nayavnosti		
vt-EM-2241			Shopping_ads	ne_v_nayavnosti		
vt-EM-2407			Shopping_ads	ne_v_nayavnosti		
vt-EM-2430			Shopping_ads	ne_v_nayavnosti		
vt-EM-2438	dup:Тиква		Shopping_ads	ne_v_nayavnosti		
vt-EM-2448	dup:Гарбуз					
vt-EM-2499						prybutok
vt-EM-2515			Shopping_ads	ne_v_nayavnosti		
vt-EM-2570			Shopping_ads	ne_v_nayavnosti		
vt-EM-3104			Shopping_ads	ne_v_nayavnosti		
vt-EM-3188			Shopping_ads	ne_v_nayavnosti		
vt-EM-3336			Shopping_ads	ne_v_nayavnosti		
vt-EM-3367						prybutok
vt-EM-3413			Shopping_ads	ne_v_nayavnosti		
vt-EM-3901-1			Shopping_ads	ne_v_nayavnosti		
vt-EM-4008			Shopping_ads	ne_v_nayavnosti		
vt-EM-4225			Shopping_ads	ne_v_nayavnosti		
vt-EM-5526	dup:Тиква		Shopping_ads	ne_v_nayavnosti		
vt-EM-5537			Shopping_ads	ne_v_nayavnosti		
vt-EM-6019			Shopping_ads	ne_v_nayavnosti		
vt-EM-6702	dup:Тиква		Shopping_ads	ne_v_nayavnosti		
vt-EM-7080			Shopping_ads	ne_v_nayavnosti		
vt-EM-7081			Shopping_ads	ne_v_nayavnosti		
vt-EM-7083			Shopping_ads	ne_v_nayavnosti		
vt-EM-7084			Shopping_ads	ne_v_nayavnosti		
vt-EM-7856			Shopping_ads	ne_v_nayavnosti		
vt-EM-8156	dup:Гарбуз					
vt-EM-8634			Shopping_ads	ne_v_nayavnosti		
vt-EM-8645			Shopping_ads	ne_v_nayavnosti		
vt-EM-8753						prybutok
vt-EM-9129			Shopping_ads	ne_v_nayavnosti		
vt-EM-9339						prybutok
vt-EM-9450			Shopping_ads	ne_v_nayavnosti		
vt-EM-9506			Shopping_ads	ne_v_nayavnosti		
vt-EM-9595			Shopping_ads	ne_v_nayavnosti		prybutok
vt-EM-9599			Shopping_ads	ne_v_nayavnosti		
vt-EM-9643			Shopping_ads	ne_v_nayavnosti		
vt-EM-9748			Shopping_ads	ne_v_nayavnosti		
vt-EM-9780			Shopping_ads	ne_v_nayavnosti		
vt-EM-9789			Shopping_ads	ne_v_nayavnosti		
vt-EM-9833			Shopping_ads	ne_v_nayavnosti		
vt-EM-9840			Shopping_ads	ne_v_nayavnosti		
vt-EM-9851			Shopping_ads	ne_v_nayavnosti		
vt-EM-9852	dup:Гарбуз					
vt-EM-9854						prybutok
vt-EM-9938			Shopping_ads	ne_v_nayavnosti		
vt-ESHD-001			Shopping_ads	ne_v_nayavnosti		
vt-ESHD-002			Shopping_ads	ne_v_nayavnosti		
vt-FDB-1138		ads_zero	Shopping_ads	ne_v_nayavnosti		stop
vt-FRU-009	dup:Тиква		Shopping_ads	ne_v_nayavnosti		
vt-G-16CM			Shopping_ads	ne_v_nayavnosti		
vt-G-18CM			Shopping_ads	ne_v_nayavnosti		
vt-G-22			Shopping_ads	ne_v_nayavnosti		
vt-G-28CM			Shopping_ads	ne_v_nayavnosti		
vt-GR3025	dup:Гарбуз					
vt-Gold OMS 3141-28-6,6л			Shopping_ads	ne_v_nayavnosti		
vt-Gold OMS 3141-IND-18-2л			Shopping_ads	ne_v_nayavnosti		
vt-H4122 V5010			Shopping_ads	ne_v_nayavnosti		
vt-H4132			Shopping_ads	ne_v_nayavnosti		
vt-H6142	dup:Гарбуз					
vt-H6345	dup:Гарбуз					
vt-H6346	dup:Тиква		Shopping_ads	ne_v_nayavnosti		
vt-HD-3			Shopping_ads	ne_v_nayavnosti	bez_foto	
vt-HG07319А	dup:Гарбуз					
vt-HG07319В	dup:Гарбуз					
vt-HJR1007A	dup:Гарбуз		Shopping_ads	ne_v_nayavnosti		stop
vt-HOUSE 0522	dup:Гарбуз					
vt-HR1144			Shopping_ads	ne_v_nayavnosti		
vt-HR1340			Shopping_ads	ne_v_nayavnosti		
vt-HR1422	dup:Гарбуз					
vt-HR1424	dup:Гарбуз					
vt-HR4400			Shopping_ads	ne_v_nayavnosti		
vt-HT02-P600			Shopping_ads	ne_v_nayavnosti		
vt-HT03-P800 75279			Shopping_ads	ne_v_nayavnosti		
vt-HT12-P1000	dup:Тиква		Shopping_ads	ne_v_nayavnosti		
vt-HT12-P800	dup:Тиква		Shopping_ads	ne_v_nayavnosti		
vt-IvoryOMS 3141-IND-26-5,5л			Shopping_ads	ne_v_nayavnosti		
vt-J5304	dup:Гарбуз					
vt-J9397/4	dup:Гарбуз					
vt-J9399/4	dup:Гарбуз					
vt-J9403/4	dup:Гарбуз					
vt-JB0803			Shopping_ads	ne_v_nayavnosti		
vt-JH6009-4			Shopping_ads	ne_v_nayavnosti		
vt-JH6009-5	dup:Гарбуз					
vt-JH6196-4	dup:Тиква		Shopping_ads	ne_v_nayavnosti		
vt-JH6196-5	dup:Гарбуз					
vt-JH6197-4			Shopping_ads	ne_v_nayavnosti		
vt-KM-01L						prybutok
vt-KM-0551						prybutok
vt-KM-0561 IND						prybutok
vt-KM-0565 IND						prybutok
vt-KM-0566 IND						prybutok
vt-KM-0689			Shopping_ads	ne_v_nayavnosti		prybutok
vt-KM-0694BN						prybutok
vt-KM-0776S			Shopping_ads	ne_v_nayavnosti		stop
vt-KM-0810			Shopping_ads	ne_v_nayavnosti		
vt-KM-0857						prybutok
vt-KM-0858						prybutok
vt-KM-10076			Shopping_ads	ne_v_nayavnosti		
vt-KM-10088						prybutok
vt-KM-1040A			Shopping_ads	ne_v_nayavnosti		
vt-KM-1070WH						prybutok
vt-KM-1071						prybutok
vt-KM-1072BL						prybutok
vt-KM-1072GR						prybutok
vt-KM-1093						prybutok
vt-KM-1094						prybutok
vt-KM-1095						prybutok
vt-KM-1601						stop
vt-KM-1701A			Shopping_ads	ne_v_nayavnosti		
vt-KM-1701B			Shopping_ads	ne_v_nayavnosti		
vt-KM-1712						prybutok
vt-KM-1714			Shopping_ads	ne_v_nayavnosti		
vt-KM-2024			Shopping_ads	ne_v_nayavnosti		
vt-KM-2030						prybutok
vt-KM-2039			Shopping_ads	ne_v_nayavnosti		
vt-KM-2049A			Shopping_ads	ne_v_nayavnosti		
vt-KM-2070						prybutok
vt-KM-2071			Shopping_ads	ne_v_nayavnosti		prybutok
vt-KM-2099			Shopping_ads	ne_v_nayavnosti		
vt-KM-2107						prybutok
vt-KM-2114			Shopping_ads	ne_v_nayavnosti		
vt-KM-2130						prybutok
vt-KM-2130A			Shopping_ads	ne_v_nayavnosti		
vt-KM-2147						prybutok
vt-KM-2148			Shopping_ads	ne_v_nayavnosti		
vt-KM-2171						cina
vt-KM-2512MR						prybutok
vt-KM-2603						prybutok
vt-KM-3010			Shopping_ads	ne_v_nayavnosti		
vt-KM-3013			Shopping_ads	ne_v_nayavnosti		
vt-KM-4121			Shopping_ads	ne_v_nayavnosti		
vt-KM-4123						prybutok
vt-KM-4170			Shopping_ads	ne_v_nayavnosti		
vt-KM-4212			Shopping_ads	ne_v_nayavnosti		
vt-KM-4328			Shopping_ads	ne_v_nayavnosti		
vt-KM-4363						prybutok
vt-KM-4373			Shopping_ads	ne_v_nayavnosti		
vt-KM-4383						prybutok
vt-KM-4384						prybutok
vt-KM-4387			Shopping_ads	ne_v_nayavnosti		
vt-KM-4391			Shopping_ads	ne_v_nayavnosti		
vt-KM-4425			Shopping_ads	ne_v_nayavnosti		
vt-KM-4485			Shopping_ads	ne_v_nayavnosti		
vt-KM-4708S			Shopping_ads	ne_v_nayavnosti		
vt-KM-4902						prybutok
vt-KM-4912						prybutok
vt-KM-4922						prybutok
vt-KM-4931			Shopping_ads	ne_v_nayavnosti		
vt-KM-4932						prybutok
vt-KM-5030A						prybutok
vt-KM-5030B			Shopping_ads	ne_v_nayavnosti		prybutok
vt-KM-5059			Shopping_ads	ne_v_nayavnosti		
vt-KM-5117			Shopping_ads	ne_v_nayavnosti		
vt-KM-5123						prybutok
vt-KM-5143			Shopping_ads	ne_v_nayavnosti		
vt-KM-5168			Shopping_ads	ne_v_nayavnosti		
vt-KM-5177			Shopping_ads	ne_v_nayavnosti		
vt-KM-5229			Shopping_ads	ne_v_nayavnosti		prybutok
vt-KM-5235						prybutok
vt-KM-5236						prybutok
vt-KM-5255						prybutok
vt-KM-5265						prybutok
vt-KM-5410			Shopping_ads	ne_v_nayavnosti		
vt-KM-5618S			Shopping_ads	ne_v_nayavnosti		
vt-KM-5638S			Shopping_ads	ne_v_nayavnosti		
vt-KM-5702			Shopping_ads	ne_v_nayavnosti		
vt-KM-5842			Shopping_ads	ne_v_nayavnosti		
vt-KM-6005A						prybutok
vt-KM-6040			Shopping_ads	ne_v_nayavnosti		
vt-KM-6047			Shopping_ads	ne_v_nayavnosti		
vt-KM-6056			Shopping_ads	ne_v_nayavnosti		
vt-KM-6057			Shopping_ads	ne_v_nayavnosti		
vt-KM-6061			Shopping_ads	ne_v_nayavnosti		
vt-KM-6425			Shopping_ads	ne_v_nayavnosti		
vt-KM-6511		ads_zero				stop
vt-KM-6535		ads_zero				stop
vt-KM-6750			Shopping_ads	ne_v_nayavnosti		
vt-KM-6831			Shopping_ads	ne_v_nayavnosti		
vt-KM-7025						prybutok
vt-KM-7754			Shopping_ads	ne_v_nayavnosti		
vt-KM-7761						prybutok
vt-KM-7786						prybutok
vt-KM-8842						prybutok
vt-KM-8861						prybutok
vt-KM-9003						prybutok
vt-KM-9005			Shopping_ads	ne_v_nayavnosti		
vt-KM-9013			Shopping_ads	ne_v_nayavnosti		
vt-KM-9029			Shopping_ads	ne_v_nayavnosti		
vt-KM-9031			Shopping_ads	ne_v_nayavnosti		
vt-KM-9050						prybutok
vt-KM-9051						prybutok
vt-KM-9116						prybutok
vt-KM-9125						prybutok
vt-KM-9150						prybutok
vt-KM-9155						prybutok
vt-KM-9156			Shopping_ads	ne_v_nayavnosti		
vt-KM-9157			Shopping_ads	ne_v_nayavnosti		
vt-KM-9161						prybutok
vt-KM-9162			Shopping_ads	ne_v_nayavnosti		
vt-KM-9163						prybutok
vt-KM-9170						prybutok
vt-KM-9200						prybutok
vt-KM-9204						prybutok
vt-KM-9209			Shopping_ads	ne_v_nayavnosti		prybutok
vt-KM-9210						prybutok
vt-KM-9211						prybutok
vt-KM-9212						prybutok
vt-KM-9213						prybutok
vt-KM-9214						prybutok
vt-KM-9215						prybutok
vt-KM-9216			Shopping_ads	ne_v_nayavnosti		prybutok
vt-KM-9219						stop
vt-KM-9221						prybutok
vt-KM0445E			Shopping_ads	ne_v_nayavnosti		
vt-KW 134			Shopping_ads	ne_v_nayavnosti		
vt-L0300	dup:Гарбуз					
vt-L10	dup:Гарбуз					
vt-L3705	dup:Гарбуз					
vt-LK240506	dup:Тиква		Shopping_ads	ne_v_nayavnosti		
vt-LNP85			Shopping_ads	ne_v_nayavnosti		
vt-LTBS-L0160	dup:Гарбуз					
vt-LTBS-S0110	dup:Тиква		Shopping_ads	ne_v_nayavnosti		
vt-LTSL-P0531-A	dup:Гарбуз					
vt-LTSL-P0536-A	dup:Гарбуз					
vt-LX03	dup:Гарбуз					
vt-LXHP17-25-2			Shopping_ads	ne_v_nayavnosti		
vt-LXHP19DL-30	dup:Гарбуз					
vt-LXHP21-30-2	dup:Гарбуз					
vt-LXHP21-30-5	dup:Гарбуз					
vt-LXY1506	dup:Гарбуз					
vt-LXZB19	dup:Гарбуз					
vt-LXZS0604	dup:Тиква		Shopping_ads	ne_v_nayavnosti		
vt-LXZS0615-2	dup:Гарбуз					
vt-LYJ-12	dup:Гарбуз					
vt-MBC-D450	dup:Гарбуз					
vt-MBC-Y500B			Shopping_ads	ne_v_nayavnosti		
vt-MS12	dup:Гарбуз		Shopping_ads	season_off		
vt-MS501			Shopping_ads	season_off		
vt-MS990			Shopping_ads	ne_v_nayavnosti		
vt-N1230			Shopping_ads	ne_v_nayavnosti		
vt-N2946	dup:Тиква		Shopping_ads	ne_v_nayavnosti		
vt-N3083			Shopping_ads	ne_v_nayavnosti		
vt-N3273	dup:Гарбуз					
vt-N3600			Shopping_ads	ne_v_nayavnosti		
vt-N3941	dup:Гарбуз					prybutok
vt-N6416			Shopping_ads	ne_v_nayavnosti		
vt-NOV 389 01M			Shopping_ads	ne_v_nayavnosti		
vt-OMS 2008-14х8-1,1 л			Shopping_ads	ne_v_nayavnosti		
vt-OMS 2038 S-22-4,5л						prybutok
vt-OMS 2038 SF-26			Shopping_ads	ne_v_nayavnosti		
vt-OMS 2039-22-4,3л			Shopping_ads	ne_v_nayavnosti		
vt-OMS 3023 IND-Gold						prybutok
vt-OMS 3024-IND-Ivory		ads_zero				stop
vt-OMS 3215-Black			Shopping_ads	ne_v_nayavnosti		
vt-OMS 3316-28 IND			Shopping_ads	ne_v_nayavnosti		
vt-OMS 3316-30-4,9л-Bla			Shopping_ads	ne_v_nayavnosti		
vt-OMS 4002-20			Shopping_ads	ne_v_nayavnosti		
vt-OMS 7016-1,85л			Shopping_ads	ne_v_nayavnosti		
vt-P2616			Shopping_ads	ne_v_nayavnosti		
vt-P3380	dup:Гарбуз					prybutok
vt-P3404	dup:Гарбуз					
vt-P3548	dup:Гарбуз		Shopping_ads	ne_v_nayavnosti		
vt-P3549	dup:Гарбуз					
vt-P3552			Shopping_ads	ne_v_nayavnosti		
vt-P4025			Shopping_ads	ne_v_nayavnosti		
vt-P4026			Shopping_ads	ne_v_nayavnosti		
vt-P4027			Shopping_ads	ne_v_nayavnosti		
vt-P4360			Shopping_ads	ne_v_nayavnosti		
vt-P4428			Shopping_ads	ne_v_nayavnosti		
vt-P5516	dup:Тиква		Shopping_ads	ne_v_nayavnosti		
vt-P6363			Shopping_ads	ne_v_nayavnosti		
vt-P9317/1	dup:Гарбуз					
vt-PJ01365			Shopping_ads	ne_v_nayavnosti		
vt-PJ01823			Shopping_ads	ne_v_nayavnosti		
vt-PJ01827			Shopping_ads	ne_v_nayavnosti		
vt-PJ01961			Shopping_ads	ne_v_nayavnosti		
vt-PJ02043	dup:Тиква		Shopping_ads	ne_v_nayavnosti		
vt-PJ02559-S1			Shopping_ads	ne_v_nayavnosti		
vt-PJ02812			Shopping_ads	ne_v_nayavnosti		
vt-PJ03030	dup:Гарбуз					
vt-PJ03146			Shopping_ads	ne_v_nayavnosti		
vt-PJ03629			Shopping_ads	ne_v_nayavnosti		
vt-PJ03762-S1			Shopping_ads	ne_v_nayavnosti		
vt-PJD076	dup:Гарбуз					
vt-PLWW10-75			Shopping_ads	ne_v_nayavnosti		
vt-PT0443-A	dup:Гарбуз					
vt-Q0213			Shopping_ads	ne_v_nayavnosti		
vt-Q0881	dup:Гарбуз					prybutok
vt-Q0891			Shopping_ads	ne_v_nayavnosti		
vt-Q3201			Shopping_ads	ne_v_nayavnosti		
vt-Q9970 J6973			Shopping_ads	ne_v_nayavnosti		
vt-QD-F-T-0326-L			Shopping_ads	ne_v_nayavnosti		
vt-QD-F0328	dup:Гарбуз					
vt-QD-FF018L			Shopping_ads	ne_v_nayavnosti		
vt-QD-G24			Shopping_ads	ne_v_nayavnosti		
vt-QD-MLD24-26-28	dup:Гарбуз					
vt-QX311			Shopping_ads	ne_v_nayavnosti		
vt-QX507	dup:Гарбуз					
vt-RB-4540-MT	dup:Гарбуз					
vt-RG-5129	dup:Гарбуз					
vt-RHOMBS  ZSP80			Shopping_ads	ne_v_nayavnosti		
vt-RIBS  SWP70			Shopping_ads	ne_v_nayavnosti		
vt-RIBS  SWP80			Shopping_ads	ne_v_nayavnosti		
vt-RWP-01-17.5			Shopping_ads	ne_v_nayavnosti		
vt-S-105						prybutok
vt-S0208515B			Shopping_ads	ne_v_nayavnosti		
vt-S0208515S	dup:Гарбуз					
vt-S0209515S	dup:Гарбуз					
vt-S445012C/U 067/12			Shopping_ads	ne_v_nayavnosti		
"vt-S506710BZJ - ""1"" - A"			Shopping_ads	ne_v_nayavnosti		
vt-S507009-А	dup:Тиква		Shopping_ads	ne_v_nayavnosti		
vt-S508610-А	dup:Гарбуз					
vt-S701	dup:Тиква		Shopping_ads	ne_v_nayavnosti		
vt-SC10	dup:Гарбуз					
vt-SG-7750 АКЦІЯ	dup:Гарбуз					
vt-SL-50Z-B-BLUE			Shopping_ads	ne_v_nayavnosti		
vt-Ser82PK	dup:Гарбуз					
vt-T610					bez_foto	
vt-TM-CA16-1	dup:Тиква		Shopping_ads	ne_v_nayavnosti		
vt-TM-CA18-1	dup:Тиква		Shopping_ads	ne_v_nayavnosti		
vt-TM-SS32-2			Shopping_ads	ne_v_nayavnosti		
vt-TM-SS36-2			Shopping_ads	ne_v_nayavnosti		
vt-TM-SS38-2			Shopping_ads	ne_v_nayavnosti		
vt-TO-24			Shopping_ads	ne_v_nayavnosti		
vt-TR-Y5	dup:Гарбуз					
vt-TS2304A	dup:Гарбуз					
vt-TS2304B	dup:Гарбуз					
vt-TS2304C	dup:Гарбуз					
vt-TS2305C			Shopping_ads	ne_v_nayavnosti		
vt-TS2305D			Shopping_ads	ne_v_nayavnosti		
vt-TU 2304-1	dup:Гарбуз					
vt-TU 3159-1	dup:Гарбуз					
vt-TU0265-2			Shopping_ads	ne_v_nayavnosti		
vt-TU1039-1	dup:Гарбуз					
vt-TU1045-2	dup:Гарбуз					
vt-TU1055-9			Shopping_ads	ne_v_nayavnosti		
vt-TU2081-3			Shopping_ads	ne_v_nayavnosti		
vt-TU2081-6	dup:Тиква		Shopping_ads	ne_v_nayavnosti		
vt-TU2204-4			Shopping_ads	ne_v_nayavnosti		
vt-TU2239			Shopping_ads	ne_v_nayavnosti		
vt-TU2545			Shopping_ads	ne_v_nayavnosti		
vt-TU2983-3	dup:Гарбуз					
vt-TU3165			Shopping_ads	ne_v_nayavnosti		
vt-TU3386-1			Shopping_ads	ne_v_nayavnosti		
vt-TU3544-1			Shopping_ads	ne_v_nayavnosti		
vt-TU3563-2			Shopping_ads	ne_v_nayavnosti		
vt-TU3885			Shopping_ads	ne_v_nayavnosti		
vt-TU9999-1	dup:Гарбуз					
vt-TU9999-3			Shopping_ads	ne_v_nayavnosti		
vt-TU9999-4			Shopping_ads	ne_v_nayavnosti		
vt-TY2273			Shopping_ads	ne_v_nayavnosti		
vt-TY51314			Shopping_ads	ne_v_nayavnosti		
vt-TY940			Shopping_ads	ne_v_nayavnosti		
vt-V-230B			Shopping_ads	ne_v_nayavnosti		
vt-V1097	dup:Гарбуз					
vt-V15			Shopping_ads	ne_v_nayavnosti		
vt-V15СР			Shopping_ads	ne_v_nayavnosti		
vt-V3648			Shopping_ads	ne_v_nayavnosti		
vt-V3792			Shopping_ads	ne_v_nayavnosti		
vt-V5007 G0563			Shopping_ads	ne_v_nayavnosti		
vt-V5008 G0564			Shopping_ads	ne_v_nayavnosti		
vt-V5945	dup:Гарбуз					
vt-V7141			Shopping_ads	ne_v_nayavnosti		prybutok
vt-V9416			Shopping_ads	ne_v_nayavnosti		
vt-VS0402						prybutok
vt-W810J			Shopping_ads	ne_v_nayavnosti		
vt-WH 672/323			Shopping_ads	ne_v_nayavnosti		
vt-WH 675/326			Shopping_ads	ne_v_nayavnosti		
vt-WH 676/327	dup:Гарбуз					
vt-WL-992657			Shopping_ads	ne_v_nayavnosti		
vt-WL735-6	dup:Гарбуз					
vt-WL735-7	dup:Гарбуз					
vt-WL735-8	dup:Гарбуз					
vt-X0323	dup:Тиква		Shopping_ads	ne_v_nayavnosti		
vt-X15			Shopping_ads	ne_v_nayavnosti		
vt-X16			Shopping_ads	ne_v_nayavnosti		
vt-XWY6855-4	dup:Гарбуз					
vt-YB-81	dup:Гарбуз					
vt-YB-88			Shopping_ads	ne_v_nayavnosti		
vt-YLS8028 - I	dup:Тиква		Shopping_ads	ne_v_nayavnosti		
vt-YS8024 - I	dup:Гарбуз					
vt-YT10810	dup:Тиква		Shopping_ads	ne_v_nayavnosti		
vt-YZ07	dup:Гарбуз					
vt-YZ10B	dup:Гарбуз					
vt-ZB 005/3			Shopping_ads	ne_v_nayavnosti		
vt-ZB 10/3	dup:Гарбуз					
vt-ZB-2.6 C			Shopping_ads	ne_v_nayavnosti		
vt-ZB-2S			Shopping_ads	ne_v_nayavnosti		
vt-ZB-3.6 C	dup:Тиква		Shopping_ads	ne_v_nayavnosti		
vt-ZB-3S			Shopping_ads	ne_v_nayavnosti		prybutok
vt-ZB-4.7 C			Shopping_ads	ne_v_nayavnosti		
vt-ZB-4S	dup:Тиква		Shopping_ads	ne_v_nayavnosti		
vt-ZB-5S			Shopping_ads	ne_v_nayavnosti		
vt-ZB-6.1 C			Shopping_ads	ne_v_nayavnosti		
vt-ZB-6S			Shopping_ads	ne_v_nayavnosti		
vt-ZB17/2.5 B	dup:Гарбуз					
vt-ZF 1122 OP	dup:Гарбуз					
vt-ZF 3528 CR	dup:Гарбуз					
vt-ZF 3528 PF	dup:Гарбуз					
vt-ZF 3529C- OP	dup:Гарбуз					
vt-ZFA982 OP	dup:Гарбуз					
vt-ZFC038 LV	dup:Гарбуз					
vt-ZFC045 CR 89863	dup:Гарбуз					
vt-ZFC465 CR	dup:Тиква		Shopping_ads	ne_v_nayavnosti		
vt-ZFC465 OP	dup:Гарбуз					
vt-ZFC465 PF	dup:Тиква		Shopping_ads	ne_v_nayavnosti		
vt-a52736			Shopping_ads	ne_v_nayavnosti		
vt-a53922			Shopping_ads	ne_v_nayavnosti		
vt-АВА 110E	dup:Гарбуз					prybutok
vt-АВА 110F (83149)			Shopping_ads	ne_v_nayavnosti		prybutok
vt-АВА 110А (79237)						prybutok
vt-АВА 110В						prybutok
vt-АСМО269-1			Shopping_ads	ne_v_nayavnosti		
vt-АСМО269-2			Shopping_ads	ne_v_nayavnosti		
vt-В-344	dup:Тиква		Shopping_ads	ne_v_nayavnosti		
vt-В-3445	dup:Гарбуз					
vt-В-345	dup:Гарбуз					
vt-В-346	dup:Тиква		Shopping_ads	ne_v_nayavnosti		
vt-В-349			Shopping_ads	ne_v_nayavnosti		
vt-ВРМ-2			Shopping_ads	ne_v_nayavnosti		
vt-ВС-5/07			Shopping_ads	ne_v_nayavnosti		
vt-ВС-8/02			Shopping_ads	ne_v_nayavnosti		
vt-ВС-8/07			Shopping_ads	ne_v_nayavnosti		
vt-ДК-01			Shopping_ads	ne_v_nayavnosti		
vt-ДК-02			Shopping_ads	ne_v_nayavnosti		
vt-ДК-03						prybutok
vt-ДК-08			Shopping_ads	ne_v_nayavnosti		
vt-ДК-3616			Shopping_ads	ne_v_nayavnosti		
vt-ДК-620 Преміум			Shopping_ads	season_off		
vt-ДК-750 Преміум			Shopping_ads	season_off		
vt-ДК-БК 22			Shopping_ads	ne_v_nayavnosti		
vt-ДК-БК 28			Shopping_ads	ne_v_nayavnosti		
vt-ДК-БК 30	dup:Тиква		Shopping_ads	ne_v_nayavnosti		
vt-ДК-БК 38			Shopping_ads	ne_v_nayavnosti		
vt-ДК-БСМТ						prybutok
vt-ДК-ДШ-2	dup:Гарбуз					
vt-ДК-ЛОЗА					bez_foto	
vt-ДК-МВ 16			Shopping_ads	ne_v_nayavnosti		
vt-ДК-МВ 22			Shopping_ads	ne_v_nayavnosti		
vt-ДК-МК 2525	dup:Тиква		Shopping_ads	ne_v_nayavnosti		
vt-ДК-МК 3030			Shopping_ads	ne_v_nayavnosti		
vt-ДК-МК-35-3			Shopping_ads	ne_v_nayavnosti		
vt-ДК-МК-35-4			Shopping_ads	ne_v_nayavnosti		
vt-ДК-МО-4030			Shopping_ads	ne_v_nayavnosti		
vt-ДК-ПК 30	dup:Гарбуз					
vt-ДК-ТО 30/4			Shopping_ads	ne_v_nayavnosti		
vt-ДК-ХД-ДЕКОР	dup:Гарбуз					
vt-ДК-піца25			Shopping_ads	ne_v_nayavnosti		
vt-ДК-піца30			Shopping_ads	ne_v_nayavnosti		
vt-ДК-піца32						prybutok
vt-КА-4,5			Shopping_ads	ne_v_nayavnosti		
vt-КА-8			Shopping_ads	ne_v_nayavnosti		
vt-КД 17			Shopping_ads	ne_v_nayavnosti		
vt-КД 177			Shopping_ads	ne_v_nayavnosti		
vt-КД 81			Shopping_ads	ne_v_nayavnosti		
vt-КД 9			Shopping_ads	ne_v_nayavnosti		
vt-КР-127 Д			Shopping_ads	ne_v_nayavnosti		
vt-КР-127 Т			Shopping_ads	ne_v_nayavnosti		
vt-ПС-М2	dup:Тиква		Shopping_ads	ne_v_nayavnosti		
vt-РП-1			Shopping_ads	ne_v_nayavnosti		
vt-РП-2			Shopping_ads	ne_v_nayavnosti		
vt-СPT 0619			Shopping_ads	ne_v_nayavnosti		
vt-СБЛА			Shopping_ads	ne_v_nayavnosti		
vt-Т101	dup:Тиква		Shopping_ads	ne_v_nayavnosti		stop
vt-Т303Ук			Shopping_ads	ne_v_nayavnosti		
vt-Т306С3		ads_zero				stop
vt-Т308	dup:Гарбуз					
vt-Т401С3	dup:Тиква		Shopping_ads	ne_v_nayavnosti		
vt-Т402С3			Shopping_ads	ne_v_nayavnosti		
vt-Т403СР			Shopping_ads	ne_v_nayavnosti		
vt-ТР-100	dup:Гарбуз		Shopping_ads	season_off		
vt-ФВ-10			Shopping_ads	ne_v_nayavnosti		
vt-ФВП-1			Shopping_ads	ne_v_nayavnosti		
vt-ФДП-6						prybutok
vt-ФПК-1	dup:Гарбуз					
vt-ФПО-12	dup:Тиква		Shopping_ads	ne_v_nayavnosti		
vt-ФСП-1						prybutok
vt-ФЧП-01			Shopping_ads	ne_v_nayavnosti		
vt-ЧБ-2			Shopping_ads	ne_v_nayavnosti		
vt-ЧПМ- 10			Shopping_ads	ne_v_nayavnosti		
vt-ЧШ-8618			Shopping_ads	season_off		
vt-ШДР 3,0/12/620 Преміум			Shopping_ads	season_off		
vt-а55243			Shopping_ads	ne_v_nayavnosti		
Д-350	dup:Гарбуз		Shopping_ads	season_off		
К-305	dup:Гарбуз					
К-601-266	dup:Гарбуз					
К-602-265	dup:Гарбуз					
К-603-24	dup:Гарбуз					
Л-0	dup:Гарбуз					
ЛБ-0	dup:Гарбуз					prybutok
ЛБ-1	dup:Гарбуз					
ЛБ-2	dup:Гарбуз					
ПГ-8007/14	dup:Гарбуз	ads_zero				
ТР 337	dup:Гарбуз					prybutok
ТР 7019-2						prybutok
ХМ 26	dup:Гарбуз					
