id	custom_label_3	custom_label_4	excluded_destination	custom_label_1	custom_label_0
00000950	dup:Тиква		Shopping_ads		
00000969	dup:Гарбуз		Shopping_ads	season_off	
00001396	dup:Тиква		Shopping_ads	season_off	
00001399	dup:Тиква		Shopping_ads		
00001400	dup:Гарбуз		Shopping_ads		
00001762	dup:Гарбуз		Shopping_ads		
00002168	dup:Гарбуз		Shopping_ads		
001-h	dup:Тиква		Shopping_ads		prybutok
002-h	dup:Тиква		Shopping_ads		
003-h	dup:Тиква		Shopping_ads		
004-h	dup:Гарбуз		Shopping_ads		prybutok
005-h	dup:Гарбуз		Shopping_ads		prybutok
006-h	dup:Тиква		Shopping_ads		
007-h	dup:Тиква		Shopping_ads		
008-h	dup:Гарбуз		Shopping_ads		prybutok
009-h	dup:Гарбуз		Shopping_ads		
0092	dup:Гарбуз		Shopping_ads		prybutok
0093	dup:Едім				
0094	dup:Гарбуз		Shopping_ads		prybutok
01-009	dup:Едім		Shopping_ads	ne_v_nayavnosti	
01-01-002	dup:Гарбуз		Shopping_ads		
01-01-004	dup:Гарбуз		Shopping_ads	ne_v_prajsi	
01-010	dup:Гарбуз		Shopping_ads	ne_v_nayavnosti	
01-011	dup:Гарбуз		Shopping_ads	ne_v_nayavnosti	
01-012	dup:Гарбуз		Shopping_ads	ne_v_nayavnosti	
01-013	dup:Едім		Shopping_ads	ne_v_nayavnosti	
01-0144	dup:Гарбуз		Shopping_ads	ne_v_nayavnosti	
01-015	dup:Гарбуз		Shopping_ads	ne_v_nayavnosti	
01-016	dup:Гарбуз		Shopping_ads	ne_v_nayavnosti	
01-0177	dup:Гарбуз		Shopping_ads	ne_v_nayavnosti	
01-03-003	dup:Гарбуз		Shopping_ads		
01-03-005	dup:Гарбуз		Shopping_ads	ne_v_prajsi	
01-03-006	dup:Едім				
01-03-010	dup:Едім				
01-03-011	dup:Гарбуз		Shopping_ads		
01-03-015	dup:Гарбуз		Shopping_ads		
01-03-017	dup:Гарбуз		Shopping_ads		
01-04-002	dup:Тиква		Shopping_ads		
01-04-005	dup:Гарбуз		Shopping_ads	ne_v_prajsi	
01-09-001	dup:Тиква		Shopping_ads		
01-09-005	dup:Тиква		Shopping_ads		
01-09-PB	dup:Гарбуз		Shopping_ads		
01-100-001	dup:Едім				
01-11-001	dup:Тиква		Shopping_ads		
01-11-002	dup:Тиква		Shopping_ads		
01-150	dup:Тиква		Shopping_ads		
01-17-004	dup:Тиква		Shopping_ads		
01-17-005	dup:Гарбуз		Shopping_ads		
01-20-002	dup:Тиква		Shopping_ads		
01-20-003	dup:Тиква		Shopping_ads		
01-20-005	dup:Тиква		Shopping_ads		cina
01-200	dup:Тиква		Shopping_ads		prybutok
01-21-002	dup:Гарбуз		Shopping_ads		
01-21-005	dup:Тиква		Shopping_ads		prybutok
01-21-006	dup:Тиква		Shopping_ads		
01-250	dup:Тиква		Shopping_ads		
01-300	dup:Тиква		Shopping_ads		
01-33-003	dup:Гарбуз		Shopping_ads		
01-33-004	dup:Гарбуз		Shopping_ads	ne_v_nayavnosti	
01-35-001	dup:Гарбуз		Shopping_ads		
01-35-002	dup:Гарбуз		Shopping_ads		
01-36-002	dup:Гарбуз		Shopping_ads	ne_v_nayavnosti	
01-36-004	dup:Едім				
01-36-005	dup:Гарбуз		Shopping_ads		
01-39-001	dup:Гарбуз		Shopping_ads		
01-39-002	dup:Едім				
01-45-003	dup:Тиква		Shopping_ads		
01-47	dup:Тиква		Shopping_ads		
01-62-001	dup:Гарбуз		Shopping_ads		
01-62-002	dup:Гарбуз		Shopping_ads		
01-63-001	dup:Гарбуз		Shopping_ads		
01-63-002	dup:Гарбуз		Shopping_ads		
01-63-003	dup:Гарбуз		Shopping_ads		
01-63-004	dup:Гарбуз		Shopping_ads		
01-63-005	dup:Гарбуз		Shopping_ads		
01-63-006	dup:Гарбуз		Shopping_ads		
01-64-003	dup:Гарбуз		Shopping_ads		
01-64-005	dup:Гарбуз		Shopping_ads		
01-64-006	dup:Гарбуз		Shopping_ads		
01-64-010	dup:Гарбуз		Shopping_ads		
01-72-001	dup:Тиква		Shopping_ads		
01-72-002	dup:Гарбуз		Shopping_ads		
01-72-003	dup:Гарбуз		Shopping_ads		
01-72-005	dup:Тиква		Shopping_ads		
01-74-001	dup:Гарбуз		Shopping_ads		
01-74-002	dup:Гарбуз		Shopping_ads	ne_v_nayavnosti	
01-74-003	dup:Гарбуз		Shopping_ads		
01-74-004	dup:Едім				
01-74-005	dup:Гарбуз		Shopping_ads	ne_v_prajsi	
01-74-009	dup:Гарбуз		Shopping_ads	ne_v_prajsi	
01-74-012	dup:Гарбуз		Shopping_ads		
01-74-014	dup:Тиква		Shopping_ads		
01-74-015	dup:Гарбуз		Shopping_ads		
01-74-017	dup:Гарбуз		Shopping_ads		
01-74-018	dup:Гарбуз		Shopping_ads		
01-84-001	dup:Гарбуз		Shopping_ads	ne_v_nayavnosti	
01-84-002	dup:Гарбуз		Shopping_ads	ne_v_nayavnosti	
01-84-003	dup:Гарбуз		Shopping_ads	ne_v_nayavnosti	
01-84-004	dup:Гарбуз		Shopping_ads	ne_v_nayavnosti	
01-84-005	dup:Гарбуз		Shopping_ads	ne_v_nayavnosti	
01-84-006	dup:Гарбуз		Shopping_ads	ne_v_nayavnosti	
01-85-001	dup:Гарбуз		Shopping_ads	ne_v_nayavnosti	
01-85-002	dup:Гарбуз		Shopping_ads	ne_v_nayavnosti	
01-85-003	dup:Тиква		Shopping_ads		
010-h	dup:Тиква		Shopping_ads		
0101	dup:Гарбуз		Shopping_ads		
011-h	dup:Тиква		Shopping_ads		
012-h	dup:Тиква		Shopping_ads		
013-h	dup:Тиква		Shopping_ads		
014-h	dup:Гарбуз		Shopping_ads		
015-h	dup:Гарбуз		Shopping_ads		
016-h	dup:Тиква		Shopping_ads		
017-h	dup:Гарбуз		Shopping_ads		
018-h	dup:Тиква		Shopping_ads		
019-h	dup:Гарбуз		Shopping_ads		prybutok
02-001	dup:Тиква		Shopping_ads		
02-002	dup:Тиква		Shopping_ads		prybutok
02-003	dup:Тиква		Shopping_ads		prybutok
02-013	dup:Тиква		Shopping_ads		
02-014	dup:Тиква		Shopping_ads		prybutok
02-015	dup:Тиква		Shopping_ads		prybutok
02-016	dup:Тиква		Shopping_ads		prybutok
02-018	dup:Тиква		Shopping_ads		
02-019	dup:Тиква		Shopping_ads		
02-020	dup:Гарбуз		Shopping_ads		prybutok
02-021	dup:Гарбуз		Shopping_ads		prybutok
02-022	dup:Тиква		Shopping_ads		prybutok
02-150	dup:Тиква		Shopping_ads		
02-200	dup:Тиква		Shopping_ads		prybutok
02-250	dup:Тиква		Shopping_ads		
020-h	dup:Гарбуз		Shopping_ads		
021-h	dup:Гарбуз		Shopping_ads		
022-h	dup:Тиква		Shopping_ads		
024-h	dup:Гарбуз		Shopping_ads		
025-h	dup:Гарбуз		Shopping_ads		
026-h	dup:Гарбуз		Shopping_ads		
027-h	dup:Гарбуз		Shopping_ads		
028-h	dup:Гарбуз		Shopping_ads		
029-h	dup:Гарбуз		Shopping_ads		
03-001	dup:Тиква		Shopping_ads		
03-002	dup:Тиква		Shopping_ads		
03-003	dup:Тиква		Shopping_ads		
03-004	dup:Тиква		Shopping_ads		
03-005	dup:Тиква		Shopping_ads		prybutok
03-006	dup:Тиква		Shopping_ads		
03-007	dup:Тиква		Shopping_ads	ne_v_prajsi	
03-008	dup:Едім				
03-01-002	dup:Тиква		Shopping_ads		prybutok
03-01-005	dup:Тиква		Shopping_ads		prybutok
03-010	dup:Гарбуз		Shopping_ads		
03-011	dup:Тиква		Shopping_ads		prybutok
03-012	dup:Гарбуз		Shopping_ads		
03-03-001	dup:Гарбуз		Shopping_ads		
03-03-002	dup:Гарбуз		Shopping_ads		
03-03-006	dup:Гарбуз		Shopping_ads		
03-03-009	dup:Тиква		Shopping_ads		
03-04-002	dup:Тиква		Shopping_ads		prybutok
03-04-004	dup:Тиква		Shopping_ads		prybutok
03-04-006	dup:Тиква		Shopping_ads		prybutok
03-06-001	dup:Тиква		Shopping_ads		
03-06-002	dup:Тиква		Shopping_ads		
03-06-003	dup:Тиква		Shopping_ads		
03-06-004	dup:Тиква		Shopping_ads		
03-06-008	dup:Тиква		Shopping_ads		
03-06-009	dup:Тиква		Shopping_ads		
03-06-010	dup:Тиква		Shopping_ads		
03-08-001	dup:Тиква		Shopping_ads		
03-08-002	dup:Тиква		Shopping_ads		
03-08-004	dup:Тиква		Shopping_ads		
03-09-001	dup:Тиква		Shopping_ads		
03-09-002	dup:Тиква		Shopping_ads		
03-09-009	dup:Тиква		Shopping_ads		
03-09-012	dup:Тиква		Shopping_ads		
03-11-003	dup:Гарбуз		Shopping_ads		
03-11-006	dup:Гарбуз		Shopping_ads		
03-12-001	dup:Гарбуз		Shopping_ads		prybutok
03-12-003	dup:Гарбуз		Shopping_ads		prybutok
03-12-004	dup:Гарбуз		Shopping_ads		prybutok
03-13-001	dup:Тиква		Shopping_ads		
03-13-004	dup:Едім				
03-150	dup:Тиква		Shopping_ads		
03-16-001	dup:Гарбуз		Shopping_ads		
03-16-002	dup:Гарбуз		Shopping_ads		
03-16-004	dup:Гарбуз		Shopping_ads		
03-200	dup:Тиква		Shopping_ads		prybutok
03-250	dup:Тиква		Shopping_ads		
03-27-001	dup:Тиква		Shopping_ads		
03-27-002	dup:Гарбуз		Shopping_ads		
03-27-003	dup:Едім				
03-27-004	dup:Тиква		Shopping_ads		
03-39-002	dup:Гарбуз		Shopping_ads		
03-42-003	dup:Гарбуз		Shopping_ads		prybutok
03-42-004	dup:Гарбуз		Shopping_ads		prybutok
03-43-001	dup:Гарбуз		Shopping_ads		prybutok
03-43-002	dup:Гарбуз		Shopping_ads		prybutok
03-43-003	dup:Гарбуз		Shopping_ads		prybutok
03-43-005	dup:Тиква		Shopping_ads		prybutok
03-46-001	dup:Тиква		Shopping_ads		
03-46-002	dup:Тиква		Shopping_ads		
03-46-003	dup:Тиква		Shopping_ads		
03-46-004	dup:Тиква		Shopping_ads		
03-47-002	dup:Гарбуз		Shopping_ads		
03-47-003	dup:Гарбуз		Shopping_ads		
03-47-005	dup:Гарбуз		Shopping_ads		
03-49-001	dup:Тиква		Shopping_ads		
03-49-002	dup:Гарбуз		Shopping_ads		
03-52-001	dup:Тиква		Shopping_ads		
03-52-002	dup:Тиква		Shopping_ads		
03-52-003	dup:Тиква		Shopping_ads		
03-53-002	dup:Тиква		Shopping_ads		
03-53-003	dup:Тиква		Shopping_ads		
030-h	dup:Тиква		Shopping_ads		
031-h	dup:Гарбуз		Shopping_ads		
0317	dup:Гарбуз		Shopping_ads		
0318	dup:Гарбуз		Shopping_ads		
032-h	dup:Гарбуз		Shopping_ads		
033-h	dup:Гарбуз		Shopping_ads		
034-h	dup:Гарбуз		Shopping_ads		
035-h	dup:Гарбуз		Shopping_ads		
036-h	dup:Гарбуз		Shopping_ads		
037-h	dup:Тиква		Shopping_ads		
038-h	dup:Гарбуз		Shopping_ads		
039-h	dup:Гарбуз		Shopping_ads		
04-001	dup:Тиква		Shopping_ads		
04-002	dup:Тиква		Shopping_ads		
04-003	dup:Едім				
04-004	dup:Едім				
04-005	dup:Гарбуз		Shopping_ads		
04-006	dup:Гарбуз		Shopping_ads		prybutok
04-007	dup:Тиква		Shopping_ads		
04-06	dup:Гарбуз		Shopping_ads		
04-09	dup:Тиква		Shopping_ads		
04-19	dup:Гарбуз		Shopping_ads		
04-29	dup:Гарбуз		Shopping_ads		
04-36	dup:Гарбуз		Shopping_ads		
040-h	dup:Тиква		Shopping_ads		prybutok
041-h	dup:Тиква		Shopping_ads		
043-h	dup:Гарбуз		Shopping_ads		
044-h	dup:Тиква		Shopping_ads		
045-h	dup:Гарбуз		Shopping_ads		
046-h	dup:Гарбуз		Shopping_ads		prybutok
047-h	dup:Гарбуз		Shopping_ads		
048-h	dup:Гарбуз		Shopping_ads		
049-h	dup:Гарбуз		Shopping_ads		
05-003	dup:Гарбуз		Shopping_ads		
05-005	dup:Тиква		Shopping_ads		
05-006	dup:Тиква		Shopping_ads		prybutok
05-007	dup:Гарбуз		Shopping_ads		
051-h	dup:Тиква		Shopping_ads		
052-h	dup:Тиква		Shopping_ads		
053-h	dup:Тиква		Shopping_ads		
054-h	dup:Тиква		Shopping_ads		
055-h	dup:Тиква		Shopping_ads		
056-h	dup:Тиква		Shopping_ads		
057-h	dup:Тиква		Shopping_ads		
058-h	dup:Гарбуз		Shopping_ads		prybutok
0585			Shopping_ads	ne_v_nayavnosti	
0586			Shopping_ads	ne_v_nayavnosti	
059-h	dup:Тиква		Shopping_ads		
06-201	dup:Тиква		Shopping_ads		
06-202	dup:Тиква		Shopping_ads		
06-203			Shopping_ads	ne_v_nayavnosti	
06-435			Shopping_ads	ne_v_nayavnosti	
060-h	dup:Тиква		Shopping_ads		
061-h	dup:Тиква		Shopping_ads		prybutok
062-h	dup:Тиква		Shopping_ads	ne_v_nayavnosti	
063-h	dup:Тиква		Shopping_ads		
064-h	dup:Тиква		Shopping_ads		prybutok
065-h	dup:Тиква		Shopping_ads	ne_v_nayavnosti	
0658	dup:Гарбуз		Shopping_ads	ne_v_nayavnosti	
066-h	dup:Гарбуз		Shopping_ads		
067-h	dup:Гарбуз		Shopping_ads		
068-h	dup:Тиква		Shopping_ads		
069-h	dup:Тиква		Shopping_ads		
07-001	dup:Гарбуз		Shopping_ads		
07-002	dup:Гарбуз		Shopping_ads		
07-003	dup:Гарбуз		Shopping_ads	ne_v_nayavnosti	
07-004	dup:Тиква		Shopping_ads		
07-005	dup:Гарбуз		Shopping_ads		
07-006	dup:Тиква		Shopping_ads		
07-007	dup:Едім				
07-012	dup:Тиква		Shopping_ads	ne_v_nayavnosti	
070-h	dup:Тиква		Shopping_ads		
071-h	dup:Гарбуз		Shopping_ads		
072-h	dup:Тиква		Shopping_ads		
073-h	dup:Тиква		Shopping_ads		
076-h	dup:Тиква		Shopping_ads	ne_v_nayavnosti	
077-h	dup:Гарбуз		Shopping_ads		
078-h	dup:Тиква		Shopping_ads		
079-h	dup:Тиква		Shopping_ads		
080-h	dup:Тиква		Shopping_ads		
081-h	dup:Тиква		Shopping_ads		
082-h	dup:Тиква		Shopping_ads		
083-h	dup:Тиква		Shopping_ads		
084-h	dup:Тиква		Shopping_ads		
085-h	dup:Тиква		Shopping_ads		prybutok
086-h	dup:Тиква		Shopping_ads		
087-h	dup:Гарбуз		Shopping_ads		
088-h	dup:Гарбуз		Shopping_ads		
089-h	dup:Тиква		Shopping_ads		
09-201	dup:Гарбуз		Shopping_ads		
09-202	dup:Тиква		Shopping_ads		
09-203	dup:Тиква		Shopping_ads		
09-204	dup:Тиква		Shopping_ads		
09-205	dup:Тиква		Shopping_ads		
09-206	dup:Тиква		Shopping_ads		
09-207	dup:Едім				
09-208	dup:Гарбуз		Shopping_ads		
09-209	dup:Гарбуз		Shopping_ads		
09-210	dup:Гарбуз		Shopping_ads		
09-211	dup:Гарбуз		Shopping_ads		
090-h	dup:Тиква		Shopping_ads		
091-h	dup:Тиква		Shopping_ads		
092-h	dup:Гарбуз		Shopping_ads		
093-h	dup:Тиква		Shopping_ads		
094-h	dup:Тиква		Shopping_ads		
095-h	dup:Тиква		Shopping_ads		
096-h	dup:Тиква		Shopping_ads		
097-h	dup:Гарбуз		Shopping_ads		
098-h	dup:Гарбуз		Shopping_ads		
099-h	dup:Тиква		Shopping_ads		
1-001-002	dup:Гарбуз		Shopping_ads		
1-001-004	dup:Гарбуз		Shopping_ads		
1-002-014	dup:Гарбуз		Shopping_ads		stop
1-004-001	dup:Тиква		Shopping_ads		
1-004-002	dup:Тиква		Shopping_ads		
1-004-003	dup:Тиква		Shopping_ads		
1-004-005	dup:Гарбуз		Shopping_ads		
1-007-001	dup:Гарбуз		Shopping_ads		
1-008-002	dup:Гарбуз		Shopping_ads		
1-008-003	dup:Гарбуз		Shopping_ads		
1-008-004	dup:Тиква		Shopping_ads		
1-008-005	dup:Гарбуз		Shopping_ads		
1-01	dup:Гарбуз		Shopping_ads		
1-010A-002	dup:Тиква		Shopping_ads		
1-010A-003	dup:Гарбуз		Shopping_ads		
1-010A-005	dup:Гарбуз		Shopping_ads		
1-010A-006	dup:Гарбуз		Shopping_ads		
1-012-003	dup:Гарбуз		Shopping_ads		prybutok
1-015-009	dup:Гарбуз		Shopping_ads		
1-02	dup:Едім				
1-025b-001	dup:Гарбуз		Shopping_ads		
1-026-001	dup:Гарбуз		Shopping_ads		
1-026-002	dup:Тиква		Shopping_ads		
1-026-005	dup:Тиква		Shopping_ads		
1-03	dup:Гарбуз		Shopping_ads		
1-038-006	dup:Тиква		Shopping_ads		
1-038-007	dup:Тиква		Shopping_ads		stop
1-038-016	dup:Тиква		Shopping_ads		
1-038-021	dup:Тиква		Shopping_ads		
1-038-Black	dup:Тиква		Shopping_ads		
1-04	dup:Гарбуз		Shopping_ads		
1-045-001	dup:Гарбуз		Shopping_ads	season_off	prybutok
1-05	dup:Гарбуз		Shopping_ads		
1-06	dup:Гарбуз		Shopping_ads		
1-07	dup:Гарбуз		Shopping_ads		
1-08	dup:Тиква		Shopping_ads		
1-09	dup:Гарбуз		Shopping_ads		
1-10	dup:Гарбуз		Shopping_ads		
1-11	dup:Гарбуз		Shopping_ads		
1-14	dup:Гарбуз		Shopping_ads		prybutok
1-15	dup:Гарбуз		Shopping_ads		
10-001	dup:Тиква		Shopping_ads		
10-002	dup:Гарбуз		Shopping_ads		
10-004	dup:Гарбуз		Shopping_ads		
10-005	dup:Тиква		Shopping_ads		prybutok
10-006	dup:Гарбуз		Shopping_ads		
10-01	dup:Гарбуз		Shopping_ads	ne_v_nayavnosti	
10-02-001	dup:Гарбуз		Shopping_ads		
10-03-002	dup:Тиква		Shopping_ads		
10-05-001			Shopping_ads	ne_v_nayavnosti	
10-05-003	dup:Гарбуз		Shopping_ads	ne_v_nayavnosti	
10-06-002	dup:Гарбуз		Shopping_ads	ne_v_nayavnosti	
10-08-001			Shopping_ads	ne_v_nayavnosti	
10-08-003			Shopping_ads	ne_v_nayavnosti	
10-08-005			Shopping_ads	ne_v_nayavnosti	
10-10-003	dup:Гарбуз		Shopping_ads		
10-10-004	dup:Гарбуз		Shopping_ads		
10-10066	dup:Гарбуз		Shopping_ads		
10-11-003			Shopping_ads	ne_v_nayavnosti	
10-11-005-AB	dup:Гарбуз		Shopping_ads	ne_v_nayavnosti	
10-12-001	dup:Едім		Shopping_ads	ne_v_nayavnosti	
10-12-002			Shopping_ads	ne_v_nayavnosti	
10-12-004			Shopping_ads	ne_v_nayavnosti	
10-15-001-PB	dup:Гарбуз		Shopping_ads		
10-15-002-PC	dup:Гарбуз		Shopping_ads		
10-15-003-AB	dup:Гарбуз		Shopping_ads		
10-15-004-SN	dup:Гарбуз		Shopping_ads		
10-15a-005-GRAFIT	dup:Гарбуз		Shopping_ads		
10-21-004	dup:Гарбуз		Shopping_ads	ne_v_nayavnosti	
10-24-001	dup:Тиква		Shopping_ads	ne_v_nayavnosti	
10-24-002	dup:Тиква		Shopping_ads	ne_v_nayavnosti	
10-25	dup:Тиква		Shopping_ads	ne_v_nayavnosti	
10-26	dup:Гарбуз		Shopping_ads	ne_v_nayavnosti	
10-27	dup:Гарбуз		Shopping_ads		
10-29-002	dup:Гарбуз		Shopping_ads		
10-29-004	dup:Гарбуз		Shopping_ads		
10-32-004	dup:Гарбуз		Shopping_ads	ne_v_nayavnosti	
10-32-005			Shopping_ads	ne_v_nayavnosti	
10-32-007	dup:Гарбуз		Shopping_ads	ne_v_nayavnosti	
10-32-012	dup:Гарбуз		Shopping_ads	ne_v_nayavnosti	
10-33-001	dup:Гарбуз		Shopping_ads	ne_v_nayavnosti	
10-33-004	dup:Гарбуз		Shopping_ads	ne_v_nayavnosti	
10-33-005			Shopping_ads	ne_v_nayavnosti	
10-33-007			Shopping_ads	ne_v_nayavnosti	
10-33-008	dup:Гарбуз		Shopping_ads	ne_v_nayavnosti	
10-33-009	dup:Гарбуз		Shopping_ads	ne_v_nayavnosti	
10-33-012	dup:Гарбуз		Shopping_ads	ne_v_nayavnosti	
10-34-001	dup:Гарбуз		Shopping_ads		
10-34-004	dup:Гарбуз		Shopping_ads		
10-37-001	dup:Тиква		Shopping_ads	ne_v_nayavnosti	
10-38	dup:Гарбуз		Shopping_ads	ne_v_nayavnosti	
10-41	dup:Гарбуз		Shopping_ads	ne_v_nayavnosti	
10-42	dup:Гарбуз		Shopping_ads	ne_v_nayavnosti	
10-43-001	dup:Тиква		Shopping_ads	ne_v_nayavnosti	
10-43-002	dup:Тиква		Shopping_ads		
10-44-001			Shopping_ads	ne_v_nayavnosti	
10-44-002			Shopping_ads	ne_v_nayavnosti	
10-50			Shopping_ads	ne_v_nayavnosti	
10-51	dup:Гарбуз		Shopping_ads	ne_v_nayavnosti	
10-52			Shopping_ads	ne_v_nayavnosti	
10-54-001-PB	dup:Гарбуз		Shopping_ads		
10-54-002-PC	dup:Едім				
10-54-004-АВ	dup:Гарбуз		Shopping_ads		
10-54-005-ORB	dup:Едім				
10-65-001			Shopping_ads	ne_v_nayavnosti	
10-65-002			Shopping_ads	ne_v_nayavnosti	
10-65-003			Shopping_ads	ne_v_nayavnosti	
10-65-005			Shopping_ads	ne_v_nayavnosti	
10-65-006			Shopping_ads	ne_v_nayavnosti	
10-66-002	dup:Гарбуз		Shopping_ads	ne_v_nayavnosti	
10-66-003	dup:Гарбуз		Shopping_ads	ne_v_nayavnosti	
100-004	dup:Гарбуз		Shopping_ads		
100-005	dup:Гарбуз		Shopping_ads		stop
100-007	dup:Гарбуз		Shopping_ads		
100-008	dup:Гарбуз		Shopping_ads		
100-021	dup:Гарбуз		Shopping_ads		prybutok
100-022	dup:Гарбуз		Shopping_ads		prybutok
100-023	dup:Гарбуз		Shopping_ads		prybutok
100-024	dup:Гарбуз		Shopping_ads		prybutok
100-028	dup:Гарбуз		Shopping_ads		
100-029	dup:Тиква		Shopping_ads		
100-030	dup:Тиква		Shopping_ads		
100-031	dup:Тиква		Shopping_ads		
100-032	dup:Едім				
100-033	dup:Гарбуз		Shopping_ads		
100-034	dup:Гарбуз		Shopping_ads		
100-035	dup:Тиква		Shopping_ads		
100-036	dup:Гарбуз		Shopping_ads		
100-037	dup:Гарбуз		Shopping_ads		
100-038	dup:Гарбуз		Shopping_ads		
100-073	dup:Гарбуз		Shopping_ads		
100-074	dup:Гарбуз		Shopping_ads		
100-077	dup:Гарбуз		Shopping_ads		
100-078	dup:Гарбуз		Shopping_ads		
100-079	dup:Едім				
100-080	dup:Едім				
100-081	dup:Гарбуз		Shopping_ads		
100-088	dup:Гарбуз		Shopping_ads		
100-092	dup:Тиква		Shopping_ads		
100-093	dup:Гарбуз		Shopping_ads		
100-094	dup:Тиква		Shopping_ads	ne_v_nayavnosti	
100-096	dup:Гарбуз		Shopping_ads		prybutok
100-098	dup:Гарбуз		Shopping_ads		
100-099	dup:Гарбуз		Shopping_ads		
100-100	dup:Гарбуз		Shopping_ads		prybutok
100-101	dup:Гарбуз		Shopping_ads		
100-102	dup:Гарбуз		Shopping_ads		
100-103	dup:Гарбуз		Shopping_ads		
100-105	dup:Едім				
100-106	dup:Гарбуз		Shopping_ads		
100-107	dup:Тиква		Shopping_ads	ne_v_nayavnosti	
100-146	dup:Тиква		Shopping_ads		
100-147	dup:Тиква		Shopping_ads		prybutok
100-148	dup:Тиква		Shopping_ads		
100-149	dup:Тиква		Shopping_ads	ne_v_nayavnosti	
100-151	dup:Тиква		Shopping_ads		
100-152	dup:Тиква		Shopping_ads	ne_v_prajsi	
100-153	dup:Тиква		Shopping_ads		
100-174	dup:Гарбуз		Shopping_ads		
100-177	dup:Едім				
100-178	dup:Тиква		Shopping_ads		
100-179	dup:Гарбуз		Shopping_ads		
100-180	dup:Тиква		Shopping_ads		
100-182	dup:Гарбуз		Shopping_ads		
100-184	dup:Гарбуз		Shopping_ads		
100-185	dup:Тиква		Shopping_ads		
100-186	dup:Тиква		Shopping_ads		
100-187	dup:Гарбуз		Shopping_ads		
100-188	dup:Тиква		Shopping_ads		
100-219	dup:Едім				
100-220	dup:Гарбуз		Shopping_ads		
100-223	dup:Гарбуз		Shopping_ads		prybutok
100-224	dup:Гарбуз		Shopping_ads		prybutok
100-234	dup:Тиква		Shopping_ads		prybutok
100-300	dup:Тиква		Shopping_ads	ne_v_nayavnosti	
100-3044	dup:Тиква		Shopping_ads	ne_v_nayavnosti	prybutok
100-431	dup:Едім				prybutok
100-432	dup:Гарбуз		Shopping_ads		prybutok
100-433	dup:Гарбуз		Shopping_ads		
100-434	dup:Гарбуз		Shopping_ads		
100-435	dup:Гарбуз		Shopping_ads		
100-436	dup:Гарбуз		Shopping_ads		
100-437	dup:Тиква		Shopping_ads		
100-438	dup:Едім				
100-439	dup:Тиква		Shopping_ads		
100-440	dup:Едім		Shopping_ads	ne_v_nayavnosti	
100-441	dup:Гарбуз		Shopping_ads		
100-442	dup:Гарбуз		Shopping_ads	ne_v_nayavnosti	
100-443	dup:Гарбуз		Shopping_ads		
100-444	dup:Тиква		Shopping_ads		
1000-039	dup:Гарбуз		Shopping_ads		
1000-041	dup:Гарбуз		Shopping_ads		
1000-042	dup:Гарбуз		Shopping_ads		
1000-043	dup:Гарбуз		Shopping_ads		
1000-044	dup:Гарбуз		Shopping_ads		prybutok
1000-045	dup:Гарбуз		Shopping_ads		
1000-047	dup:Гарбуз		Shopping_ads		
1000-048	dup:Гарбуз		Shopping_ads		
1000-100	dup:Тиква		Shopping_ads		prybutok
1000-101	dup:Тиква		Shopping_ads		
1000-102	dup:Гарбуз		Shopping_ads		
1000-103	dup:Тиква		Shopping_ads		prybutok
1000-104	dup:Тиква		Shopping_ads		
1000-155	dup:Тиква		Shopping_ads		
1000-156	dup:Тиква		Shopping_ads		
1000-157	dup:Тиква		Shopping_ads		
1000-205	dup:Тиква		Shopping_ads		
1000-206	dup:Тиква		Shopping_ads		
1000-213	dup:Тиква		Shopping_ads		
1000-216	dup:Тиква		Shopping_ads		
1000-220	dup:Тиква		Shopping_ads		
101-001	dup:Тиква		Shopping_ads		
101-002	dup:Тиква		Shopping_ads		
101-004	dup:Тиква		Shopping_ads		
101-005	dup:Тиква		Shopping_ads		
101-006	dup:Тиква		Shopping_ads	ne_v_nayavnosti	
101-007	dup:Гарбуз		Shopping_ads		
101-008	dup:Гарбуз		Shopping_ads		
101-009	dup:Гарбуз		Shopping_ads	ne_v_nayavnosti	prybutok
101-010	dup:Гарбуз		Shopping_ads		
101-011	dup:Гарбуз		Shopping_ads		
101-012	dup:Гарбуз		Shopping_ads	ne_v_nayavnosti	
101-013	dup:Тиква		Shopping_ads		
101-014	dup:Гарбуз		Shopping_ads	ne_v_prajsi	
101-015	dup:Гарбуз		Shopping_ads		
101-016	dup:Тиква		Shopping_ads		prybutok
101-017	dup:Тиква		Shopping_ads		prybutok
101-018	dup:Гарбуз		Shopping_ads		
101-019	dup:Тиква		Shopping_ads		
101-020	dup:Едім				
101-021	dup:Тиква		Shopping_ads		prybutok
101-022	dup:Гарбуз		Shopping_ads		prybutok
101-023	dup:Гарбуз		Shopping_ads		
101-024	dup:Тиква		Shopping_ads		
101-025	dup:Тиква		Shopping_ads		
101-026	dup:Тиква		Shopping_ads		prybutok
101-027	dup:Тиква		Shopping_ads		prybutok
101-028	dup:Тиква		Shopping_ads		
101-029	dup:Тиква		Shopping_ads		
101-030	dup:Тиква		Shopping_ads		
101-031	dup:Тиква		Shopping_ads		
101-032	dup:Тиква		Shopping_ads		prybutok
101-033	dup:Тиква		Shopping_ads		
101-034	dup:Тиква		Shopping_ads		
101-035	dup:Тиква		Shopping_ads		
101-036	dup:Гарбуз		Shopping_ads		
101-037	dup:Тиква		Shopping_ads		
101-038	dup:Тиква		Shopping_ads		
101-039	dup:Тиква		Shopping_ads		
101-041	dup:Тиква		Shopping_ads		
101-042	dup:Тиква		Shopping_ads		
101-044	dup:Тиква		Shopping_ads		
101-050	dup:Тиква		Shopping_ads		
101-052	dup:Тиква		Shopping_ads		
101-053	dup:Тиква		Shopping_ads		
101-055	dup:Тиква		Shopping_ads		
101-056	dup:Гарбуз		Shopping_ads		
101-057	dup:Гарбуз		Shopping_ads		
101-067	dup:Тиква		Shopping_ads		
101-068	dup:Тиква		Shopping_ads		
101-069	dup:Гарбуз		Shopping_ads		
101-070	dup:Гарбуз		Shopping_ads		
101-071	dup:Тиква		Shopping_ads		prybutok
101-072	dup:Тиква		Shopping_ads		
101-073	dup:Тиква		Shopping_ads		
101-074	dup:Тиква		Shopping_ads		
101-075	dup:Тиква		Shopping_ads		
101-076	dup:Гарбуз		Shopping_ads		
101-077	dup:Тиква		Shopping_ads		
101-078	dup:Тиква		Shopping_ads		
101-080	dup:Тиква		Shopping_ads		prybutok
101-081	dup:Тиква		Shopping_ads		
101-082	dup:Тиква		Shopping_ads		
101-083	dup:Тиква		Shopping_ads		
101-084	dup:Тиква		Shopping_ads		
101-085	dup:Тиква		Shopping_ads		
101-086	dup:Тиква		Shopping_ads		
101-087	dup:Едім				
101-088	dup:Тиква		Shopping_ads		
101-089	dup:Едім				
101-090	dup:Тиква		Shopping_ads		
101-091	dup:Тиква		Shopping_ads		
101-092	dup:Тиква		Shopping_ads		
101-093	dup:Тиква		Shopping_ads		
101-094	dup:Тиква		Shopping_ads	ne_v_nayavnosti	
101-096	dup:Тиква		Shopping_ads		
101-097	dup:Гарбуз		Shopping_ads		
101-098	dup:Гарбуз		Shopping_ads		prybutok
101-099	dup:Гарбуз		Shopping_ads		prybutok
101-100	dup:Тиква		Shopping_ads		
101-101	dup:Тиква		Shopping_ads	ne_v_nayavnosti	
101-102	dup:Тиква		Shopping_ads	ne_v_nayavnosti	
101-103	dup:Тиква		Shopping_ads		
101-104	dup:Тиква		Shopping_ads		
101-105	dup:Тиква		Shopping_ads	ne_v_nayavnosti	
101-107	dup:Тиква	ads_zero	Shopping_ads		
101-111	dup:Тиква		Shopping_ads		
101-112	dup:Гарбуз		Shopping_ads		
101-115	dup:Тиква		Shopping_ads		
101-117	dup:Тиква		Shopping_ads		
101-118	dup:Тиква		Shopping_ads		
101-119	dup:Гарбуз		Shopping_ads		
101-120	dup:Гарбуз		Shopping_ads		
101-144	dup:Тиква		Shopping_ads		
101-145	dup:Тиква		Shopping_ads		
101-146	dup:Гарбуз		Shopping_ads		
101-148	dup:Гарбуз		Shopping_ads		prybutok
101-149	dup:Гарбуз		Shopping_ads		prybutok
101-150	dup:Тиква		Shopping_ads		
101-151	dup:Тиква		Shopping_ads		
101-152	dup:Тиква		Shopping_ads		
101-153	dup:Тиква		Shopping_ads		prybutok
101-154	dup:Тиква		Shopping_ads		
101-156	dup:Тиква		Shopping_ads		prybutok
101-157	dup:Тиква		Shopping_ads		
101-158	dup:Гарбуз		Shopping_ads		prybutok
101-159	dup:Тиква		Shopping_ads	ne_v_nayavnosti	
101-160	dup:Гарбуз		Shopping_ads		prybutok
101-161	dup:Гарбуз		Shopping_ads		prybutok
101-163	dup:Гарбуз		Shopping_ads		prybutok
101-165	dup:Тиква		Shopping_ads		
101-166	dup:Тиква		Shopping_ads		
101-167	dup:Тиква		Shopping_ads	ne_v_nayavnosti	
101-168	dup:Гарбуз		Shopping_ads		
101-169	dup:Гарбуз		Shopping_ads		
101-170	dup:Гарбуз		Shopping_ads		
101-171	dup:Гарбуз		Shopping_ads	ne_v_prajsi	
101-173	dup:Тиква		Shopping_ads	ne_v_nayavnosti	
101-179	dup:Гарбуз		Shopping_ads		
101-180	dup:Тиква		Shopping_ads	ne_v_nayavnosti	
101-188	dup:Тиква		Shopping_ads		
101-189	dup:Едім				
101-190	dup:Гарбуз		Shopping_ads		
101-191	dup:Гарбуз		Shopping_ads		
101-195	dup:Гарбуз		Shopping_ads	ne_v_nayavnosti	
101-196	dup:Гарбуз		Shopping_ads	ne_v_nayavnosti	
101-h	dup:Тиква		Shopping_ads		
101277	dup:Тиква		Shopping_ads	ne_v_nayavnosti	
101278	dup:Тиква		Shopping_ads		
101284	dup:Тиква		Shopping_ads	ne_v_nayavnosti	
101285	dup:Тиква		Shopping_ads	ne_v_nayavnosti	
101287	dup:Едім		Shopping_ads	season_off	
101292	dup:Тиква		Shopping_ads	ne_v_nayavnosti	
101293	dup:Гарбуз		Shopping_ads	ne_v_nayavnosti	prybutok
101320	dup:Тиква		Shopping_ads	season_off	
101321	dup:Тиква		Shopping_ads	season_off	
101331	dup:Тиква		Shopping_ads	ne_v_nayavnosti	
101345	dup:Тиква		Shopping_ads		
101346	dup:Тиква		Shopping_ads		
101347	dup:Тиква		Shopping_ads		
101367б	dup:Тиква		Shopping_ads		
101368б	dup:Тиква		Shopping_ads		
101372б	dup:Гарбуз		Shopping_ads		
101373б	dup:Гарбуз		Shopping_ads		
101375б	dup:Гарбуз		Shopping_ads		
101376б	dup:Тиква		Shopping_ads		
101377б	dup:Гарбуз		Shopping_ads		
101380б	dup:Гарбуз		Shopping_ads		
101383	dup:Гарбуз		Shopping_ads		
101383б	dup:Тиква		Shopping_ads		
101384б	dup:Гарбуз		Shopping_ads		prybutok
101387б	dup:Гарбуз		Shopping_ads		
101388	dup:Едім				
101427	dup:Гарбуз		Shopping_ads	ne_v_nayavnosti	
101428	dup:Гарбуз		Shopping_ads	ne_v_nayavnosti	
101430	dup:Тиква		Shopping_ads	season_off	
101431	dup:Гарбуз		Shopping_ads	ne_v_nayavnosti	
102-h	dup:Гарбуз		Shopping_ads		
103-h	dup:Тиква		Shopping_ads		
1035	dup:Гарбуз		Shopping_ads		
104-h	dup:Тиква		Shopping_ads		
1047	dup:Гарбуз		Shopping_ads		
105-m	dup:Гарбуз		Shopping_ads		
107-m	dup:Тиква		Shopping_ads		
1072	dup:Едім				
1078	dup:Тиква		Shopping_ads		
107802	dup:Тиква		Shopping_ads		
108-m	dup:Гарбуз		Shopping_ads		
108729	dup:Тиква		Shopping_ads		
109-m	dup:Тиква		Shopping_ads		
110-m	dup:Тиква		Shopping_ads		
1102-180N	dup:Тиква		Shopping_ads		
1102-200N	dup:Тиква		Shopping_ads		
1103-160N	dup:Тиква		Shopping_ads		
1103-180N	dup:Тиква		Shopping_ads		
111-072	dup:Гарбуз		Shopping_ads		
111-085			Shopping_ads	ne_v_nayavnosti	
111-m	dup:Тиква		Shopping_ads		
112-m	dup:Тиква		Shopping_ads		
113-230	dup:Гарбуз		Shopping_ads		
113-330	dup:Гарбуз		Shopping_ads		
113-m	dup:Тиква		Shopping_ads		
114-m	dup:Едім				
115-m	dup:Тиква		Shopping_ads		
116-m	dup:Тиква		Shopping_ads		
117-m	dup:Тиква		Shopping_ads		
118-m	dup:Тиква		Shopping_ads		
119-k	dup:Гарбуз		Shopping_ads		
1190	dup:Тиква		Shopping_ads		
11997	dup:Тиква		Shopping_ads	ne_v_nayavnosti	
11998	dup:Тиква		Shopping_ads	ne_v_nayavnosti	
11999	dup:Тиква		Shopping_ads	ne_v_nayavnosti	
12-005	dup:Гарбуз		Shopping_ads		
120	dup:Тиква		Shopping_ads		
120-k	dup:Тиква		Shopping_ads		
12001	dup:Тиква		Shopping_ads	ne_v_nayavnosti	
12002	dup:Тиква		Shopping_ads		
12003	dup:Тиква		Shopping_ads		
121	dup:Гарбуз		Shopping_ads		
121-k	dup:Гарбуз		Shopping_ads		prybutok
1217	dup:Гарбуз		Shopping_ads	ne_v_nayavnosti	prybutok
122-k	dup:Гарбуз		Shopping_ads		
122-k_60	dup:Гарбуз		Shopping_ads		prybutok
1222	dup:Гарбуз		Shopping_ads		
123	dup:Гарбуз		Shopping_ads		
123-k			Shopping_ads	ne_v_nayavnosti	
1234	dup:Тиква		Shopping_ads		
124	dup:Гарбуз		Shopping_ads		
124-k	dup:Тиква		Shopping_ads		
125	dup:Гарбуз		Shopping_ads		
125-k	dup:Тиква		Shopping_ads	ne_v_nayavnosti	
126-k	dup:Тиква		Shopping_ads		
1262	dup:Тиква		Shopping_ads		
127-k	dup:Тиква		Shopping_ads		
1276	dup:Гарбуз		Shopping_ads		
1277	dup:Гарбуз		Shopping_ads		
1278	dup:Гарбуз		Shopping_ads		
128-k	dup:Тиква		Shopping_ads		
13-002	dup:Гарбуз		Shopping_ads		
13-07-004	dup:Гарбуз		Shopping_ads		
13-07-010	dup:Гарбуз		Shopping_ads		
13-08-003	dup:Гарбуз		Shopping_ads		
13-08-007	dup:Гарбуз		Shopping_ads		
13-08-010	dup:Тиква		Shopping_ads		
13-09-002	dup:Гарбуз		Shopping_ads		
13-10-003	dup:Гарбуз		Shopping_ads	ne_v_nayavnosti	
13-16-002	dup:Тиква		Shopping_ads		
13-17-002	dup:Гарбуз		Shopping_ads		
13-43-004	dup:Тиква		Shopping_ads		
13-62-002	dup:Тиква		Shopping_ads		
13-63-001	dup:Тиква		Shopping_ads		
13-63-002	dup:Тиква		Shopping_ads		
130-k	dup:Тиква		Shopping_ads		
131-k	dup:Гарбуз		Shopping_ads		
1319	dup:Тиква		Shopping_ads		
132-k	dup:Тиква		Shopping_ads		
1322	dup:Гарбуз		Shopping_ads		
1338	dup:Гарбуз		Shopping_ads		
134-k	dup:Гарбуз		Shopping_ads		
1347	dup:Гарбуз		Shopping_ads		
135-k	dup:Тиква		Shopping_ads		
1379	dup:Тиква		Shopping_ads		
14-001	dup:Тиква		Shopping_ads		
14-002	dup:Тиква		Shopping_ads		
14-003	dup:Тиква		Shopping_ads		
14-004	dup:Тиква		Shopping_ads		
14-005	dup:Тиква		Shopping_ads		prybutok
14-006	dup:Тиква		Shopping_ads		
14-16	dup:Тиква		Shopping_ads	ne_v_nayavnosti	
14-17	dup:Тиква		Shopping_ads	ne_v_nayavnosti	
14-18	dup:Тиква		Shopping_ads	ne_v_nayavnosti	
14-30	dup:Тиква		Shopping_ads	ne_v_nayavnosti	
14-35	dup:Тиква		Shopping_ads		
14-36	dup:Тиква		Shopping_ads	ne_v_nayavnosti	
14-37	dup:Гарбуз		Shopping_ads	ne_v_nayavnosti	
14-40	dup:Гарбуз	ads_zero	Shopping_ads		prybutok
140-100	dup:Тиква		Shopping_ads		
140-120	dup:Тиква		Shopping_ads		
140-150	dup:Тиква		Shopping_ads		
140-180	dup:Тиква		Shopping_ads		
140-220	dup:Тиква		Shopping_ads		
140-240	dup:Тиква		Shopping_ads		
140-320	dup:Тиква		Shopping_ads		
140-36	dup:Тиква		Shopping_ads		
140-360	dup:Тиква		Shopping_ads		
140-40	dup:Тиква		Shopping_ads		
140-400	dup:Тиква		Shopping_ads		
140-600	dup:Тиква		Shopping_ads		
140-80	dup:Гарбуз		Shopping_ads		
1401-02	dup:Тиква		Shopping_ads		
1450-416	dup:Тиква		Shopping_ads		
1450-418	dup:Тиква		Shopping_ads		
1450-420	dup:Тиква		Shopping_ads		
1450-46	dup:Тиква		Shopping_ads		
1450-48	dup:Тиква		Shopping_ads		
1450-4822	dup:Тиква		Shopping_ads		
1450-4830	dup:Гарбуз		Shopping_ads		prybutok
1450-4864	dup:Гарбуз		Shopping_ads		
1450-488	dup:Тиква		Shopping_ads		
1455	dup:Гарбуз		Shopping_ads		
1460	dup:Тиква		Shopping_ads		
1461	dup:Гарбуз		Shopping_ads	ne_v_nayavnosti	
1464	dup:Тиква		Shopping_ads		
1469	dup:Гарбуз		Shopping_ads		
1490	dup:Гарбуз		Shopping_ads		
1492	dup:Гарбуз		Shopping_ads		
15-001	dup:Гарбуз		Shopping_ads		
15-002	dup:Гарбуз		Shopping_ads	ne_v_prajsi	prybutok
15-003	dup:Гарбуз		Shopping_ads		prybutok
15-004	dup:Гарбуз		Shopping_ads		prybutok
15-01-002	dup:Тиква		Shopping_ads	ne_v_nayavnosti	prybutok
15-01-004	dup:Тиква		Shopping_ads	ne_v_nayavnosti	prybutok
15-02-001	dup:Тиква		Shopping_ads		prybutok
15-02-005	dup:Тиква		Shopping_ads	ne_v_nayavnosti	
15-08-001	dup:Тиква		Shopping_ads	ne_v_nayavnosti	
15-08-004	dup:Тиква		Shopping_ads	ne_v_nayavnosti	
15-100-04	dup:Тиква		Shopping_ads		
15-100-05	dup:Тиква		Shopping_ads		
15-103-001	dup:Тиква		Shopping_ads	ne_v_nayavnosti	
15-112-02	dup:Гарбуз		Shopping_ads	ne_v_nayavnosti	
15-116	dup:Гарбуз		Shopping_ads	ne_v_nayavnosti	
15-123	dup:Тиква		Shopping_ads		
15-124-004	dup:Тиква		Shopping_ads	ne_v_prajsi	
15-13-004	dup:Тиква		Shopping_ads		prybutok
15-13-005	dup:Тиква		Shopping_ads		prybutok
15-134-001	dup:Тиква		Shopping_ads	ne_v_nayavnosti	
15-134-003	dup:Тиква		Shopping_ads	ne_v_nayavnosti	
15-135-002	dup:Тиква		Shopping_ads	ne_v_nayavnosti	
15-136-001-SN/PC	dup:Тиква		Shopping_ads	ne_v_nayavnosti	
15-136-AB	dup:Тиква		Shopping_ads	ne_v_nayavnosti	
15-136-PB/SB	dup:Тиква		Shopping_ads		
15-137-001	dup:Тиква		Shopping_ads	ne_v_prajsi	
15-137-003	dup:Тиква		Shopping_ads	ne_v_nayavnosti	
15-15-003	dup:Гарбуз		Shopping_ads	ne_v_nayavnosti	
15-15-004	dup:Тиква		Shopping_ads	ne_v_nayavnosti	
15-15-008	dup:Тиква		Shopping_ads	ne_v_nayavnosti	
15-151-001	dup:Тиква		Shopping_ads	ne_v_nayavnosti	
15-151-003	dup:Гарбуз		Shopping_ads	ne_v_nayavnosti	
15-160-001	dup:Тиква		Shopping_ads	ne_v_nayavnosti	
15-160-002	dup:Тиква		Shopping_ads	ne_v_nayavnosti	
15-161-001	dup:Тиква		Shopping_ads	ne_v_nayavnosti	
15-161-002	dup:Тиква		Shopping_ads		
15-161-003	dup:Тиква		Shopping_ads	ne_v_nayavnosti	
15-161-004	dup:Тиква		Shopping_ads		
15-164-001	dup:Тиква		Shopping_ads		
15-164-002	dup:Тиква		Shopping_ads	ne_v_nayavnosti	
15-164-004	dup:Тиква		Shopping_ads	ne_v_nayavnosti	
15-170-001	dup:Тиква		Shopping_ads		
15-170-003	dup:Тиква		Shopping_ads		
15-170-004	dup:Тиква		Shopping_ads	ne_v_nayavnosti	
15-171-001	dup:Тиква		Shopping_ads	ne_v_nayavnosti	
15-171-002	dup:Тиква		Shopping_ads	ne_v_nayavnosti	
15-171-004	dup:Тиква		Shopping_ads	ne_v_nayavnosti	
15-175-001	dup:Тиква		Shopping_ads	ne_v_nayavnosti	
15-175-002	dup:Тиква		Shopping_ads	ne_v_nayavnosti	
15-176-001	dup:Тиква		Shopping_ads	ne_v_nayavnosti	
15-176-002	dup:Тиква		Shopping_ads		
15-180-001			Shopping_ads	ne_v_nayavnosti	
15-180-002			Shopping_ads	ne_v_nayavnosti	
15-180-003			Shopping_ads	ne_v_nayavnosti	
15-180-006			Shopping_ads	ne_v_nayavnosti	
15-181-001			Shopping_ads	ne_v_nayavnosti	
15-181-002			Shopping_ads	ne_v_nayavnosti	
15-181-003			Shopping_ads	ne_v_nayavnosti	
15-181-004			Shopping_ads	ne_v_nayavnosti	
15-181-006			Shopping_ads	ne_v_nayavnosti	
15-182-002	dup:Тиква		Shopping_ads	ne_v_nayavnosti	
15-182-003	dup:Тиква		Shopping_ads	ne_v_nayavnosti	
15-182-004	dup:Тиква		Shopping_ads	ne_v_nayavnosti	
15-182-006	dup:Тиква		Shopping_ads	ne_v_nayavnosti	
15-182-SN/PB	dup:Тиква		Shopping_ads	ne_v_nayavnosti	
15-183-001			Shopping_ads	ne_v_nayavnosti	
15-183-003			Shopping_ads	ne_v_nayavnosti	
15-183-004			Shopping_ads	ne_v_nayavnosti	
15-183-005			Shopping_ads	ne_v_nayavnosti	
15-184-001	dup:Тиква		Shopping_ads	ne_v_nayavnosti	
15-184-002	dup:Тиква		Shopping_ads	ne_v_nayavnosti	
15-184-003	dup:Тиква		Shopping_ads	ne_v_nayavnosti	
15-184-004	dup:Тиква		Shopping_ads	ne_v_nayavnosti	
15-184-006	dup:Тиква		Shopping_ads	ne_v_nayavnosti	
15-185-003	dup:Тиква		Shopping_ads		
15-185-005	dup:Тиква		Shopping_ads		
15-186-001	dup:Тиква		Shopping_ads	ne_v_nayavnosti	
15-186-002	dup:Тиква		Shopping_ads	ne_v_nayavnosti	
15-186-003	dup:Гарбуз		Shopping_ads		
15-187-001	dup:Тиква		Shopping_ads	ne_v_nayavnosti	
15-187-002	dup:Тиква		Shopping_ads	ne_v_nayavnosti	
15-187-003	dup:Тиква		Shopping_ads	ne_v_nayavnosti	
15-187-004	dup:Тиква		Shopping_ads	ne_v_nayavnosti	
15-187-006	dup:Тиква		Shopping_ads	ne_v_nayavnosti	
15-188-001	dup:Тиква		Shopping_ads	ne_v_nayavnosti	
15-188-002	dup:Тиква		Shopping_ads	ne_v_nayavnosti	
15-188-003	dup:Тиква		Shopping_ads	ne_v_nayavnosti	
15-188-004	dup:Тиква		Shopping_ads	ne_v_nayavnosti	
15-188-005	dup:Тиква		Shopping_ads	ne_v_nayavnosti	
15-191-001	dup:Тиква		Shopping_ads	ne_v_nayavnosti	
15-191-002	dup:Тиква		Shopping_ads	ne_v_nayavnosti	prybutok
15-191-003	dup:Тиква		Shopping_ads		
15-191-004	dup:Тиква		Shopping_ads	ne_v_nayavnosti	
15-191-005	dup:Тиква		Shopping_ads	ne_v_nayavnosti	
15-225-001	dup:Тиква		Shopping_ads	ne_v_nayavnosti	
15-226-001	dup:Тиква		Shopping_ads	ne_v_nayavnosti	
15-226-002	dup:Тиква		Shopping_ads	ne_v_nayavnosti	
15-25-001	dup:Гарбуз		Shopping_ads		
15-25-002	dup:Гарбуз		Shopping_ads	ne_v_nayavnosti	
15-25-006	dup:Гарбуз		Shopping_ads	ne_v_nayavnosti	
15-25-007			Shopping_ads	ne_v_nayavnosti	
15-25-011	dup:Гарбуз		Shopping_ads	ne_v_nayavnosti	
15-27-007	dup:Тиква		Shopping_ads	ne_v_nayavnosti	
15-27-008	dup:Тиква		Shopping_ads	ne_v_nayavnosti	
15-27-009	dup:Тиква		Shopping_ads	ne_v_nayavnosti	
15-27-017	dup:Тиква		Shopping_ads	ne_v_nayavnosti	
15-30-001	dup:Тиква		Shopping_ads	ne_v_nayavnosti	
15-30-002	dup:Тиква		Shopping_ads		
15-30-006	dup:Тиква		Shopping_ads		
15-30-009	dup:Тиква		Shopping_ads	ne_v_nayavnosti	
15-30-010	dup:Тиква		Shopping_ads	ne_v_nayavnosti	
15-30-011	dup:Тиква		Shopping_ads	ne_v_nayavnosti	
15-31-005	dup:Тиква		Shopping_ads		
15-31-007	dup:Тиква		Shopping_ads		
15-31-008	dup:Тиква		Shopping_ads		
15-32-001	dup:Тиква		Shopping_ads		
15-32-007	dup:Тиква		Shopping_ads	ne_v_nayavnosti	
15-33-014	dup:Тиква		Shopping_ads		
15-33-SN	dup:Тиква		Shopping_ads		
15-44-001	dup:Тиква		Shopping_ads	ne_v_nayavnosti	
15-44-003	dup:Тиква		Shopping_ads		
15-44-004	dup:Тиква		Shopping_ads	ne_v_nayavnosti	
15-45-004	dup:Тиква		Shopping_ads		
15-45-АВ	dup:Гарбуз		Shopping_ads		
15-47-008	dup:Тиква		Shopping_ads	ne_v_nayavnosti	
15-48-001	dup:Гарбуз		Shopping_ads		
15-48-003	dup:Гарбуз		Shopping_ads		
15-53-001	dup:Тиква		Shopping_ads		
15-53-003	dup:Гарбуз		Shopping_ads		
15-55a-002	dup:Тиква		Shopping_ads		
15-55a-004	dup:Тиква		Shopping_ads	ne_v_nayavnosti	
15-57-002	dup:Тиква		Shopping_ads		
15-57-004	dup:Тиква		Shopping_ads	ne_v_nayavnosti	
15-63-012	dup:Едім				
15-65-001	dup:Тиква		Shopping_ads	ne_v_nayavnosti	
15-65-004	dup:Тиква		Shopping_ads		
15-68-003	dup:Тиква		Shopping_ads	ne_v_nayavnosti	prybutok
15-68-004	dup:Тиква		Shopping_ads	ne_v_nayavnosti	
15-68-005	dup:Гарбуз		Shopping_ads		
15-68-006	dup:Тиква		Shopping_ads	ne_v_nayavnosti	
15-68-007	dup:Тиква		Shopping_ads	ne_v_nayavnosti	
15-70-001	dup:Гарбуз		Shopping_ads	ne_v_nayavnosti	
15-70-002	dup:Тиква		Shopping_ads	ne_v_nayavnosti	
15-71-001	dup:Едім				
15-71-003	dup:Тиква		Shopping_ads	ne_v_nayavnosti	
15-71-004	dup:Тиква		Shopping_ads	ne_v_nayavnosti	
15-73-003	dup:Тиква		Shopping_ads	ne_v_nayavnosti	
15-73-004	dup:Тиква		Shopping_ads	ne_v_nayavnosti	
15-81-001	dup:Тиква		Shopping_ads	ne_v_nayavnosti	
15-81-003	dup:Тиква		Shopping_ads	ne_v_nayavnosti	
15-81-004	dup:Едім				
15-84-006	dup:Гарбуз		Shopping_ads		
15-84-008	dup:Тиква		Shopping_ads	ne_v_nayavnosti	
1502-1	dup:Тиква		Shopping_ads		
1502-2	dup:Тиква		Shopping_ads		
1502-3	dup:Тиква		Shopping_ads		
1503	dup:Гарбуз		Shopping_ads		
1504	dup:Гарбуз		Shopping_ads		
1520	dup:Тиква		Shopping_ads		
1525	dup:Гарбуз		Shopping_ads		
1537	dup:Тиква		Shopping_ads		prybutok
1549	dup:Гарбуз		Shopping_ads		
155	dup:Гарбуз		Shopping_ads		
1550	dup:Тиква		Shopping_ads	ne_v_nayavnosti	
156	dup:Гарбуз		Shopping_ads		
1563			Shopping_ads	ne_v_nayavnosti	
1579	dup:Тиква		Shopping_ads		
1580	dup:Тиква		Shopping_ads		
1588	dup:Тиква		Shopping_ads		
1589	dup:Тиква		Shopping_ads		prybutok
16-001	dup:Гарбуз		Shopping_ads		
16-002	dup:Гарбуз		Shopping_ads		prybutok
16-003	dup:Гарбуз		Shopping_ads		prybutok
16-004	dup:Гарбуз		Shopping_ads		prybutok
16-005	dup:Гарбуз		Shopping_ads		
16-006	dup:Гарбуз		Shopping_ads		
16-007	dup:Тиква		Shopping_ads		
16-008	dup:Тиква		Shopping_ads		prybutok
16-10-001	dup:Тиква		Shopping_ads		
16-10-002	dup:Тиква		Shopping_ads		
1614	dup:Гарбуз		Shopping_ads	ne_v_nayavnosti	
1619	dup:Гарбуз		Shopping_ads	ne_v_nayavnosti	
1662	dup:Гарбуз		Shopping_ads		
1667	dup:Тиква		Shopping_ads		
1669	dup:Гарбуз		Shopping_ads		
1680	dup:Тиква		Shopping_ads		
169/168	dup:Гарбуз		Shopping_ads		
1695	dup:Гарбуз		Shopping_ads		
17-001	dup:Гарбуз		Shopping_ads		
17-002	dup:Гарбуз		Shopping_ads		
17-003	dup:Гарбуз		Shopping_ads		prybutok
17-004	dup:Гарбуз		Shopping_ads		prybutok
17-005	dup:Гарбуз		Shopping_ads		
17-006	dup:Гарбуз		Shopping_ads		prybutok
17-007	dup:Гарбуз		Shopping_ads		prybutok
17-008	dup:Гарбуз		Shopping_ads		
1702-250N	dup:Тиква		Shopping_ads		
1724	dup:Гарбуз		Shopping_ads	ne_v_nayavnosti	
1726	dup:Тиква		Shopping_ads		
1744	dup:Гарбуз		Shopping_ads	ne_v_nayavnosti	
1748	dup:Тиква		Shopping_ads		
1760	dup:Тиква		Shopping_ads		
1771	dup:Гарбуз		Shopping_ads		
1776	dup:Тиква		Shopping_ads		
1777	dup:Тиква		Shopping_ads		
1781	dup:Тиква		Shopping_ads	ne_v_nayavnosti	
18-001	dup:Гарбуз		Shopping_ads		
18-002	dup:Гарбуз		Shopping_ads		prybutok
18-003	dup:Гарбуз		Shopping_ads		prybutok
18-004	dup:Гарбуз		Shopping_ads		prybutok
18-005	dup:Гарбуз		Shopping_ads		
18-006	dup:Гарбуз		Shopping_ads		
18-02-011	dup:Тиква		Shopping_ads		
18-02-012	dup:Гарбуз		Shopping_ads		
18-03-001	dup:Тиква		Shopping_ads		
18-03-002	dup:Тиква		Shopping_ads		
18-03-003	dup:Тиква		Shopping_ads		
18-03-004	dup:Тиква		Shopping_ads		
18-03-005	dup:Тиква		Shopping_ads		
18-03-006	dup:Тиква		Shopping_ads		
18-08-008	dup:Гарбуз		Shopping_ads		
18-08-009	dup:Тиква		Shopping_ads		
18-08-011	dup:Тиква		Shopping_ads	ne_v_nayavnosti	
18-08-012	dup:Тиква		Shopping_ads	ne_v_nayavnosti	
18-08-013	dup:Тиква		Shopping_ads	ne_v_nayavnosti	
18-08-014	dup:Тиква		Shopping_ads	ne_v_nayavnosti	
1841	dup:Тиква		Shopping_ads		
1842	dup:Тиква		Shopping_ads		
1843	dup:Тиква		Shopping_ads		
1854	dup:Гарбуз		Shopping_ads		prybutok
1884	dup:Тиква		Shopping_ads	ne_v_nayavnosti	
1885	dup:Тиква		Shopping_ads		
1897	dup:Тиква		Shopping_ads		
19-001	dup:Гарбуз		Shopping_ads		
19-004	dup:Гарбуз		Shopping_ads		prybutok
19-005	dup:Гарбуз		Shopping_ads		
19-006	dup:Гарбуз		Shopping_ads		
19-007	dup:Гарбуз		Shopping_ads		prybutok
19-008	dup:Гарбуз		Shopping_ads		
19-009	dup:Гарбуз		Shopping_ads		
19-04-001	dup:Гарбуз		Shopping_ads		prybutok
19-04-002	dup:Гарбуз		Shopping_ads		
19-04-003	dup:Гарбуз		Shopping_ads		
19-04-004	dup:Гарбуз		Shopping_ads		
19-04-005	dup:Едім				prybutok
19-04-007	dup:Едім				
19-04-011	dup:Гарбуз		Shopping_ads		
19-04-012	dup:Гарбуз		Shopping_ads		
19015	dup:Тиква		Shopping_ads		
19016	dup:Тиква		Shopping_ads		
1923	dup:Гарбуз		Shopping_ads	ne_v_nayavnosti	
1925	dup:Гарбуз		Shopping_ads	ne_v_nayavnosti	
1928	dup:Гарбуз		Shopping_ads		
1943	dup:Тиква		Shopping_ads		
1944	dup:Тиква		Shopping_ads	ne_v_nayavnosti	
1954	dup:Тиква		Shopping_ads		
1979	dup:Гарбуз		Shopping_ads		prybutok
1980	dup:Гарбуз		Shopping_ads		prybutok
1988	dup:Гарбуз		Shopping_ads		
1990	dup:Тиква		Shopping_ads		
20-001	dup:Гарбуз		Shopping_ads		
20-002	dup:Гарбуз		Shopping_ads		prybutok
20-003	dup:Гарбуз		Shopping_ads		prybutok
20-004	dup:Гарбуз		Shopping_ads		prybutok
20-005	dup:Гарбуз		Shopping_ads		
20-006	dup:Гарбуз		Shopping_ads		
20-010	dup:Тиква		Shopping_ads		
20-20127	dup:Гарбуз		Shopping_ads	ne_v_nayavnosti	
200-003	dup:Едім				
200-012	dup:Тиква		Shopping_ads		
200-014	dup:Тиква		Shopping_ads		
2009	dup:Тиква		Shopping_ads	ne_v_nayavnosti	prybutok
2010	dup:Тиква		Shopping_ads	ne_v_nayavnosti	
2016	dup:Гарбуз		Shopping_ads		
2017	dup:Гарбуз		Shopping_ads	ne_v_nayavnosti	
2019	dup:Тиква		Shopping_ads	ne_v_nayavnosti	
2020	dup:Тиква		Shopping_ads		
2022	dup:Тиква		Shopping_ads		
2024	dup:Гарбуз		Shopping_ads		prybutok
2031	dup:Гарбуз		Shopping_ads		
2032	dup:Гарбуз		Shopping_ads		
2033	dup:Тиква		Shopping_ads	ne_v_nayavnosti	
2034	dup:Тиква		Shopping_ads		
204-160	dup:Гарбуз		Shopping_ads		
205-110	dup:Гарбуз		Shopping_ads		
205-210	dup:Едім				
2051	dup:Тиква		Shopping_ads		
206-160	dup:Тиква		Shopping_ads		
206-210	dup:Тиква		Shopping_ads		
206-260	dup:Тиква		Shopping_ads		
206-310	dup:Гарбуз		Shopping_ads		
2061	dup:Едім				
206182	dup:Гарбуз		Shopping_ads		prybutok
2069	dup:Гарбуз		Shopping_ads	ne_v_nayavnosti	
2070	dup:Тиква		Shopping_ads		
208-110	dup:Едім				
208-210	dup:Тиква		Shopping_ads		
208-260	dup:Тиква		Shopping_ads		
208-310	dup:Едім				
208-400	dup:Тиква		Shopping_ads		
208-460	dup:Гарбуз		Shopping_ads		
208-600	dup:Гарбуз		Shopping_ads		
21-001	dup:Гарбуз		Shopping_ads		
21-002	dup:Гарбуз		Shopping_ads		
21-003	dup:Гарбуз		Shopping_ads		prybutok
21-004	dup:Гарбуз		Shopping_ads		
21-005	dup:Гарбуз		Shopping_ads		
21-006	dup:Гарбуз		Shopping_ads		
21-007	dup:Гарбуз		Shopping_ads		
21-008	dup:Гарбуз		Shopping_ads	ne_v_nayavnosti	
21-009	dup:Гарбуз		Shopping_ads		prybutok
21-011	dup:Тиква		Shopping_ads		
21-012	dup:Гарбуз		Shopping_ads		
210-110	dup:Гарбуз		Shopping_ads		
210-160	dup:Тиква		Shopping_ads		
2106	dup:Гарбуз		Shopping_ads		
2110	dup:Тиква		Shopping_ads		
2111	dup:Тиква		Shopping_ads		
2112	dup:Тиква		Shopping_ads		
2113	dup:Тиква		Shopping_ads		
212-210	dup:Тиква		Shopping_ads		
212-260	dup:Гарбуз		Shopping_ads		
212-600	dup:Тиква		Shopping_ads		
2121	dup:Гарбуз		Shopping_ads	ne_v_nayavnosti	
2122	dup:Гарбуз		Shopping_ads	ne_v_nayavnosti	
2123	dup:Гарбуз		Shopping_ads	ne_v_nayavnosti	
2124	dup:Гарбуз		Shopping_ads		
2133	dup:Гарбуз		Shopping_ads		
2134	dup:Гарбуз		Shopping_ads		
214-160	dup:Гарбуз		Shopping_ads		
214-260	dup:Гарбуз		Shopping_ads		
214-310	dup:Тиква		Shopping_ads		
214-460	dup:Тиква		Shopping_ads		
214-600	dup:Тиква		Shopping_ads		
2149	dup:Гарбуз		Shopping_ads	ne_v_nayavnosti	
2159	dup:Гарбуз		Shopping_ads		
216-160	dup:Гарбуз		Shopping_ads		
216-210	dup:Тиква		Shopping_ads		
216-260	dup:Гарбуз		Shopping_ads		
216-310	dup:Гарбуз		Shopping_ads		
216-400	dup:Гарбуз		Shopping_ads	ne_v_nayavnosti	
216-460	dup:Тиква		Shopping_ads		
2161	dup:Гарбуз		Shopping_ads	ne_v_nayavnosti	prybutok
2170	dup:Гарбуз		Shopping_ads		prybutok
2171	dup:Гарбуз		Shopping_ads		
2174	dup:Тиква		Shopping_ads		
2175	dup:Гарбуз		Shopping_ads	ne_v_nayavnosti	
218-210	dup:Тиква		Shopping_ads		
218-260	dup:Гарбуз		Shopping_ads		
218-310	dup:Гарбуз		Shopping_ads	ne_v_nayavnosti	
218-400	dup:Гарбуз		Shopping_ads	ne_v_nayavnosti	
218-460	dup:Тиква		Shopping_ads		
2190	dup:Гарбуз		Shopping_ads	ne_v_nayavnosti	
2199	dup:Тиква		Shopping_ads		
22-001	dup:Гарбуз		Shopping_ads	ne_v_nayavnosti	
22-002	dup:Тиква		Shopping_ads		
22-003	dup:Тиква		Shopping_ads		
22-004	dup:Тиква		Shopping_ads	ne_v_nayavnosti	
22-005	dup:Тиква		Shopping_ads	ne_v_nayavnosti	
22-006	dup:Тиква		Shopping_ads	ne_v_nayavnosti	
22-007	dup:Тиква		Shopping_ads		
22-008	dup:Тиква		Shopping_ads	ne_v_nayavnosti	
22-009	dup:Тиква		Shopping_ads	ne_v_nayavnosti	
22-010	dup:Тиква		Shopping_ads	ne_v_nayavnosti	
22-011	dup:Тиква		Shopping_ads	ne_v_nayavnosti	
22-012	dup:Тиква		Shopping_ads	ne_v_nayavnosti	
22-013	dup:Тиква		Shopping_ads	ne_v_nayavnosti	
22-014	dup:Тиква		Shopping_ads	ne_v_nayavnosti	
22-015	dup:Гарбуз		Shopping_ads	ne_v_nayavnosti	
22-016	dup:Гарбуз		Shopping_ads	ne_v_nayavnosti	
22-017	dup:Гарбуз		Shopping_ads	ne_v_nayavnosti	
22-018	dup:Тиква		Shopping_ads		
22-019	dup:Гарбуз		Shopping_ads		
22-020	dup:Гарбуз		Shopping_ads		
22-021	dup:Тиква		Shopping_ads		
22-022	dup:Гарбуз		Shopping_ads		
220-310	dup:Гарбуз		Shopping_ads	ne_v_nayavnosti	
220-400	dup:Гарбуз		Shopping_ads	ne_v_nayavnosti	
220-460	dup:Тиква		Shopping_ads		
220-600	dup:Гарбуз		Shopping_ads		
2202	dup:Тиква		Shopping_ads		
2203	dup:Тиква		Shopping_ads		
2204	dup:Тиква		Shopping_ads		
2205	dup:Гарбуз		Shopping_ads		
2206	dup:Гарбуз		Shopping_ads		
2211	dup:Тиква		Shopping_ads		
2212	dup:Тиква		Shopping_ads		
2213	dup:Тиква		Shopping_ads		
2214	dup:Тиква		Shopping_ads		
222-260	dup:Едім		Shopping_ads	ne_v_nayavnosti	
222-310	dup:Тиква		Shopping_ads		
222-400	dup:Тиква		Shopping_ads		
2224	dup:Тиква		Shopping_ads		
223	dup:Гарбуз		Shopping_ads		
2232	dup:Гарбуз		Shopping_ads		cina
2233	dup:Едім				
2235	dup:Едім				prybutok
2237	dup:Гарбуз		Shopping_ads	ne_v_nayavnosti	
2238	dup:Гарбуз		Shopping_ads	ne_v_nayavnosti	
224	dup:Гарбуз		Shopping_ads		
224-460	dup:Тиква		Shopping_ads		
2241	dup:Гарбуз		Shopping_ads		
2245	dup:Гарбуз		Shopping_ads		
2246	dup:Гарбуз		Shopping_ads		
226-460	dup:Тиква		Shopping_ads		
226-600	dup:Едім				
226-800	dup:Едім		Shopping_ads	ne_v_nayavnosti	
228-460	dup:Гарбуз		Shopping_ads	ne_v_nayavnosti	
228-600	dup:Едім				
2281	dup:Тиква		Shopping_ads		
2282	dup:Тиква		Shopping_ads		prybutok
2283	dup:Тиква		Shopping_ads		
2284	dup:Тиква		Shopping_ads		
23-001	dup:Гарбуз		Shopping_ads		
23-002	dup:Тиква		Shopping_ads		
23-003	dup:Гарбуз		Shopping_ads		
23-004	dup:Тиква		Shopping_ads		
23-005	dup:Тиква		Shopping_ads		
23-006	dup:Тиква		Shopping_ads		
23-007	dup:Тиква		Shopping_ads	ne_v_nayavnosti	
23-008	dup:Едім				
23-009	dup:Тиква		Shopping_ads		prybutok
23-010	dup:Гарбуз		Shopping_ads		
23-011	dup:Гарбуз		Shopping_ads		
231	dup:Гарбуз		Shopping_ads		
232	dup:Гарбуз		Shopping_ads		
2328	dup:Тиква		Shopping_ads		
2329	dup:Тиква		Shopping_ads		
2336	dup:Тиква		Shopping_ads		
2344	dup:Гарбуз		Shopping_ads		
2345	dup:Едім				
2346	dup:Гарбуз		Shopping_ads		prybutok
235	dup:Тиква		Shopping_ads		
236	dup:Тиква		Shopping_ads		
2364	dup:Гарбуз		Shopping_ads		
239	dup:Гарбуз		Shopping_ads		
2390	dup:Тиква		Shopping_ads		
2397	dup:Гарбуз		Shopping_ads		
2398	dup:Гарбуз		Shopping_ads	ne_v_nayavnosti	
24-004	dup:Тиква		Shopping_ads	ne_v_nayavnosti	
24-005	dup:Тиква		Shopping_ads	ne_v_nayavnosti	
24-006	dup:Тиква		Shopping_ads	ne_v_nayavnosti	
240	dup:Гарбуз		Shopping_ads		
2400	dup:Гарбуз		Shopping_ads	ne_v_nayavnosti	
2401	dup:Тиква		Shopping_ads		
2402	dup:Гарбуз		Shopping_ads	ne_v_nayavnosti	
2404	dup:Тиква		Shopping_ads		
2405	dup:Тиква		Shopping_ads		
2406	dup:Тиква		Shopping_ads		
2407	dup:Тиква		Shopping_ads		
2408	dup:Тиква		Shopping_ads		
2409	dup:Тиква		Shopping_ads		
2410	dup:Тиква		Shopping_ads		
2419	dup:Тиква		Shopping_ads		
2420	dup:Тиква		Shopping_ads		
2421	dup:Тиква		Shopping_ads		
2434	dup:Гарбуз		Shopping_ads		
2435	dup:Гарбуз		Shopping_ads		
2436	dup:Гарбуз		Shopping_ads		
2439	dup:Гарбуз		Shopping_ads		
2465	dup:Тиква		Shopping_ads	ne_v_nayavnosti	
25-001	dup:Гарбуз		Shopping_ads	ne_v_nayavnosti	
25-002	dup:Гарбуз		Shopping_ads	ne_v_nayavnosti	
25-003	dup:Едім		Shopping_ads	ne_v_nayavnosti	
25-004	dup:Гарбуз		Shopping_ads	ne_v_nayavnosti	
25-005	dup:Гарбуз		Shopping_ads		
25-006	dup:Гарбуз		Shopping_ads		
25-007	dup:Гарбуз		Shopping_ads		prybutok
25-008	dup:Гарбуз		Shopping_ads	ne_v_nayavnosti	prybutok
25-009	dup:Гарбуз		Shopping_ads		prybutok
25-010	dup:Гарбуз		Shopping_ads		prybutok
25-011	dup:Гарбуз		Shopping_ads		
25-012	dup:Гарбуз		Shopping_ads	ne_v_nayavnosti	
25-013	dup:Тиква		Shopping_ads	ne_v_nayavnosti	
25-017	dup:Гарбуз		Shopping_ads		
25-018	dup:Едім		Shopping_ads	ne_v_nayavnosti	prybutok
25-019	dup:Тиква		Shopping_ads		
25-020	dup:Гарбуз		Shopping_ads	ne_v_nayavnosti	
25-040	dup:Тиква		Shopping_ads		
25-042	dup:Тиква		Shopping_ads		
25-049	dup:Тиква		Shopping_ads		
25-051	dup:Тиква		Shopping_ads		
25-067	dup:Едім				
25-075	dup:Тиква		Shopping_ads		
25-076	dup:Гарбуз		Shopping_ads	ne_v_nayavnosti	
25-082	dup:Тиква		Shopping_ads		
25-083	dup:Тиква		Shopping_ads		
25-084	dup:Тиква		Shopping_ads		
25-085	dup:Тиква		Shopping_ads		
25-086	dup:Тиква		Shopping_ads		
25-087	dup:Тиква		Shopping_ads		
25-088	dup:Тиква		Shopping_ads		
25-089	dup:Тиква		Shopping_ads		
25-091	dup:Тиква		Shopping_ads		
25-093	dup:Тиква		Shopping_ads		
25-094	dup:Тиква		Shopping_ads		
25-096	dup:Тиква		Shopping_ads		
25-097	dup:Тиква		Shopping_ads		
25-098	dup:Тиква		Shopping_ads		
25-099	dup:Тиква		Shopping_ads		
25-100	dup:Тиква		Shopping_ads		
25-101	dup:Тиква		Shopping_ads		
25-102	dup:Тиква		Shopping_ads		
25-103	dup:Тиква		Shopping_ads		
25-114	dup:Гарбуз		Shopping_ads	ne_v_nayavnosti	
25-115	dup:Едім		Shopping_ads	ne_v_nayavnosti	prybutok
25-116	dup:Гарбуз		Shopping_ads	ne_v_nayavnosti	
25-117	dup:Гарбуз		Shopping_ads	ne_v_nayavnosti	
2505	dup:Тиква		Shopping_ads		
2506	dup:Тиква		Shopping_ads		
2508	dup:Гарбуз		Shopping_ads		
2516	dup:Тиква		Shopping_ads		
2520	dup:Тиква		Shopping_ads		
2523	dup:Гарбуз		Shopping_ads		
2524	dup:Гарбуз		Shopping_ads	ne_v_nayavnosti	
2525	dup:Гарбуз		Shopping_ads	ne_v_nayavnosti	
2526	dup:Тиква		Shopping_ads	ne_v_nayavnosti	
2530	dup:Тиква		Shopping_ads		
2546	dup:Гарбуз		Shopping_ads	ne_v_nayavnosti	
2576	dup:Тиква		Shopping_ads	ne_v_nayavnosti	
2577	dup:Тиква		Shopping_ads	ne_v_nayavnosti	
2581	dup:Тиква		Shopping_ads	ne_v_nayavnosti	
2584	dup:Гарбуз		Shopping_ads	ne_v_nayavnosti	
2585	dup:Гарбуз		Shopping_ads		prybutok
2589	dup:Гарбуз		Shopping_ads	ne_v_nayavnosti	
2594	dup:Гарбуз		Shopping_ads	ne_v_nayavnosti	
2595	dup:Тиква		Shopping_ads	ne_v_nayavnosti	
2596			Shopping_ads	ne_v_nayavnosti	
2597	dup:Гарбуз		Shopping_ads		
26-001	dup:Гарбуз		Shopping_ads	ne_v_nayavnosti	
26-002	dup:Гарбуз		Shopping_ads	ne_v_nayavnosti	
26-003	dup:Гарбуз		Shopping_ads		
26-004	dup:Гарбуз		Shopping_ads	ne_v_nayavnosti	
26-005	dup:Тиква		Shopping_ads	ne_v_nayavnosti	
26-006	dup:Гарбуз		Shopping_ads	ne_v_nayavnosti	
26-007	dup:Гарбуз		Shopping_ads	ne_v_nayavnosti	
26-008	dup:Гарбуз		Shopping_ads	ne_v_nayavnosti	
26-009	dup:Гарбуз		Shopping_ads	ne_v_nayavnosti	
26-010	dup:Гарбуз		Shopping_ads	ne_v_nayavnosti	
26-012	dup:Гарбуз		Shopping_ads	ne_v_nayavnosti	
26-013	dup:Гарбуз		Shopping_ads	ne_v_nayavnosti	
26-014	dup:Гарбуз		Shopping_ads		
2600	dup:Тиква		Shopping_ads	ne_v_nayavnosti	
2611	dup:Гарбуз		Shopping_ads		prybutok
2627	dup:Гарбуз		Shopping_ads	ne_v_nayavnosti	
2628	dup:Гарбуз		Shopping_ads		
263	dup:Гарбуз		Shopping_ads		
2631	dup:Тиква		Shopping_ads		
2632	dup:Тиква		Shopping_ads		stop
2635	dup:Гарбуз		Shopping_ads	ne_v_nayavnosti	
264	dup:Гарбуз		Shopping_ads		
2656	dup:Тиква		Shopping_ads	ne_v_nayavnosti	
2666	dup:Тиква		Shopping_ads		
2667	dup:Тиква		Shopping_ads		
2668	dup:Тиква		Shopping_ads	ne_v_nayavnosti	
267	dup:Тиква		Shopping_ads		
2672	dup:Гарбуз		Shopping_ads		prybutok
2673	dup:Гарбуз		Shopping_ads		prybutok
268	dup:Едім				
2684	dup:Гарбуз		Shopping_ads		
2685	dup:Гарбуз		Shopping_ads		
2686					prybutok
269	dup:Тиква		Shopping_ads		
2699	dup:Тиква		Shopping_ads		
27-001	dup:Гарбуз		Shopping_ads		
27-002	dup:Гарбуз		Shopping_ads		
27-003	dup:Гарбуз		Shopping_ads		
27-004	dup:Тиква		Shopping_ads		
27-005	dup:Гарбуз		Shopping_ads		
27-006	dup:Гарбуз		Shopping_ads		
2707	dup:Гарбуз		Shopping_ads		
2708	dup:Гарбуз		Shopping_ads	ne_v_nayavnosti	
271	dup:Гарбуз		Shopping_ads		
2712	dup:Гарбуз		Shopping_ads		
2713	dup:Гарбуз		Shopping_ads		prybutok
2727	dup:Тиква		Shopping_ads		
2732	dup:Тиква		Shopping_ads	ne_v_nayavnosti	
2735	dup:Тиква		Shopping_ads		
2740	dup:Едім				
2750	dup:Тиква		Shopping_ads		
2756	dup:Тиква		Shopping_ads		
28-001	dup:Гарбуз		Shopping_ads		
28-002	dup:Гарбуз		Shopping_ads		
2805	dup:Тиква		Shopping_ads		
2815	dup:Тиква		Shopping_ads		
282	dup:Гарбуз		Shopping_ads		
2829	dup:Едім				
2835	dup:Тиква		Shopping_ads		
2836	dup:Тиква		Shopping_ads	ne_v_nayavnosti	
2838	dup:Гарбуз		Shopping_ads	ne_v_nayavnosti	
284	dup:Гарбуз		Shopping_ads		
2842	dup:Тиква		Shopping_ads		
286	dup:Гарбуз		Shopping_ads		
2868	dup:Гарбуз		Shopping_ads		
2872	dup:Тиква		Shopping_ads		
2873	dup:Тиква		Shopping_ads	ne_v_nayavnosti	
2875	dup:Тиква		Shopping_ads		
2879	dup:Гарбуз		Shopping_ads		
2884	dup:Тиква		Shopping_ads	ne_v_nayavnosti	
2886	dup:Гарбуз		Shopping_ads		
2897	dup:Тиква		Shopping_ads		
29-001	dup:Гарбуз		Shopping_ads		
29-002	dup:Гарбуз		Shopping_ads		
29-003	dup:Гарбуз		Shopping_ads		
29-005	dup:Гарбуз		Shopping_ads		
29-006	dup:Гарбуз		Shopping_ads	ne_v_nayavnosti	
29-007	dup:Гарбуз		Shopping_ads	ne_v_nayavnosti	
29-008	dup:Гарбуз		Shopping_ads		
29-010	dup:Тиква		Shopping_ads		
29-011	dup:Тиква		Shopping_ads		
29-013	dup:Гарбуз		Shopping_ads	ne_v_nayavnosti	
29-014	dup:Гарбуз		Shopping_ads		
29-015	dup:Гарбуз		Shopping_ads	ne_v_nayavnosti	
29-016	dup:Гарбуз		Shopping_ads	ne_v_nayavnosti	
29-017	dup:Тиква		Shopping_ads		
2924	dup:Гарбуз		Shopping_ads	ne_v_nayavnosti	
2926	dup:Гарбуз		Shopping_ads	ne_v_nayavnosti	prybutok
2931	dup:Тиква		Shopping_ads		prybutok
2933	dup:Гарбуз		Shopping_ads	ne_v_nayavnosti	
2941	dup:Тиква		Shopping_ads		
2959	dup:Гарбуз		Shopping_ads		
2960	dup:Гарбуз		Shopping_ads	ne_v_nayavnosti	
2976	dup:Тиква		Shopping_ads		
2994	dup:Тиква		Shopping_ads	ne_v_nayavnosti	
3-001-001	dup:Гарбуз		Shopping_ads		
3-003-001	dup:Гарбуз		Shopping_ads		
3-003-002	dup:Гарбуз		Shopping_ads	ne_v_nayavnosti	
3-004-001	dup:Гарбуз		Shopping_ads		
3-004-002	dup:Гарбуз		Shopping_ads		prybutok
3-005	dup:Гарбуз	ads_zero	Shopping_ads		stop
3-006	dup:Тиква		Shopping_ads		stop
3-007-001	dup:Едім				
3-008-001	dup:Гарбуз		Shopping_ads		
3-008-002	dup:Гарбуз		Shopping_ads		
3-008-003	dup:Гарбуз		Shopping_ads		
3-010-001	dup:Гарбуз		Shopping_ads	ne_v_prajsi	
3-010-002	dup:Гарбуз		Shopping_ads		prybutok
3-010-003	dup:Гарбуз		Shopping_ads		
3-011	dup:Гарбуз		Shopping_ads		prybutok
3-011-001	dup:Гарбуз		Shopping_ads		prybutok
3-011-003	dup:Гарбуз		Shopping_ads		
3-012	dup:Гарбуз		Shopping_ads		prybutok
3-016-001	dup:Гарбуз		Shopping_ads		
3-016-002	dup:Гарбуз		Shopping_ads		prybutok
3-018-001	dup:Гарбуз		Shopping_ads		
3-018-002	dup:Гарбуз		Shopping_ads		
3-019-001	dup:Гарбуз		Shopping_ads		
3-019-003	dup:Тиква		Shopping_ads		
3-020-001	dup:Гарбуз		Shopping_ads		
3-020-002	dup:Гарбуз		Shopping_ads		
3-022-001	dup:Гарбуз		Shopping_ads		
3-022-002	dup:Гарбуз		Shopping_ads		
3-046-001	dup:Гарбуз		Shopping_ads		
3-046-003	dup:Гарбуз		Shopping_ads		
3-046-007	dup:Гарбуз		Shopping_ads		
3-046-008	dup:Тиква		Shopping_ads		
3-052-001	dup:Гарбуз		Shopping_ads		prybutok
3-052-002	dup:Гарбуз		Shopping_ads		
3-052-003	dup:Едім				
3-070-001	dup:Гарбуз		Shopping_ads	ne_v_nayavnosti	
3-070-003	dup:Гарбуз		Shopping_ads	ne_v_nayavnosti	
3-071-001	dup:Гарбуз		Shopping_ads		
3-071-002	dup:Гарбуз		Shopping_ads	ne_v_nayavnosti	
3-071-003	dup:Гарбуз		Shopping_ads	ne_v_nayavnosti	
3-071-004			Shopping_ads	ne_v_nayavnosti	prybutok
3-072-002	dup:Гарбуз		Shopping_ads		
3-072-003	dup:Гарбуз		Shopping_ads	ne_v_nayavnosti	
3-072-004	dup:Гарбуз		Shopping_ads		prybutok
3-073-001	dup:Гарбуз		Shopping_ads	ne_v_nayavnosti	
3-073-002	dup:Тиква		Shopping_ads		
3-073-004	dup:Гарбуз		Shopping_ads	ne_v_nayavnosti	prybutok
3-074-001	dup:Гарбуз		Shopping_ads		prybutok
3-074-002	dup:Гарбуз		Shopping_ads	ne_v_nayavnosti	
3-074-003	dup:Гарбуз		Shopping_ads		
3-074-004	dup:Гарбуз		Shopping_ads	ne_v_nayavnosti	
30-001	dup:Гарбуз		Shopping_ads		
30-002	dup:Гарбуз		Shopping_ads		
30-003	dup:Гарбуз		Shopping_ads		
30-004	dup:Едім				
30-005	dup:Гарбуз		Shopping_ads		
30-007	dup:Тиква		Shopping_ads		
30-008	dup:Тиква		Shopping_ads		
30-009	dup:Тиква		Shopping_ads		
30-010	dup:Гарбуз		Shopping_ads		
30-011	dup:Тиква		Shopping_ads		
30-012	dup:Гарбуз		Shopping_ads		
30-013	dup:Тиква		Shopping_ads		
30-014	dup:Тиква		Shopping_ads		
30-015	dup:Гарбуз		Shopping_ads		
30-30187	dup:Гарбуз		Shopping_ads	ne_v_nayavnosti	
3006	dup:Тиква		Shopping_ads		
3006-b			Shopping_ads	ne_v_nayavnosti	
3007-b			Shopping_ads	ne_v_nayavnosti	stop
3008-b			Shopping_ads	ne_v_nayavnosti	
3009-b			Shopping_ads	ne_v_nayavnosti	
301	dup:Тиква		Shopping_ads		
3010-b			Shopping_ads	ne_v_nayavnosti	prybutok
3011-b			Shopping_ads	ne_v_nayavnosti	
3019	dup:Тиква		Shopping_ads		
3020	dup:Тиква		Shopping_ads		
3021	dup:Тиква		Shopping_ads		
3023	dup:Гарбуз		Shopping_ads		
3037	dup:Гарбуз		Shopping_ads		
3038	dup:Тиква		Shopping_ads		
3039	dup:Едім				
3040	dup:Гарбуз		Shopping_ads		
3041	dup:Гарбуз		Shopping_ads		
3042	dup:Гарбуз		Shopping_ads		
3043	dup:Гарбуз		Shopping_ads	ne_v_nayavnosti	
3046	dup:Гарбуз		Shopping_ads		
3047	dup:Гарбуз		Shopping_ads		
3048	dup:Тиква		Shopping_ads		
3049	dup:Гарбуз		Shopping_ads		
3051	dup:Гарбуз		Shopping_ads		
3052	dup:Гарбуз		Shopping_ads		prybutok
3053	dup:Гарбуз		Shopping_ads		prybutok
3055	dup:Гарбуз		Shopping_ads	ne_v_nayavnosti	
3056	dup:Гарбуз		Shopping_ads	ne_v_nayavnosti	
3058	dup:Тиква		Shopping_ads	ne_v_nayavnosti	
306	dup:Тиква		Shopping_ads		
3060	dup:Гарбуз		Shopping_ads		
3062	dup:Гарбуз		Shopping_ads	ne_v_nayavnosti	
3064	dup:Тиква		Shopping_ads		
3065	dup:Гарбуз		Shopping_ads		
3068	dup:Гарбуз		Shopping_ads		prybutok
3071	dup:Тиква		Shopping_ads	ne_v_nayavnosti	
3085	dup:Тиква		Shopping_ads		
3086	dup:Гарбуз		Shopping_ads		
3099	dup:Тиква		Shopping_ads	ne_v_nayavnosti	
31-001	dup:Тиква		Shopping_ads		
31-002	dup:Тиква		Shopping_ads	ne_v_nayavnosti	
31-003	dup:Тиква		Shopping_ads	ne_v_nayavnosti	
31-004	dup:Тиква		Shopping_ads		
31-005	dup:Тиква		Shopping_ads		
31-006	dup:Гарбуз		Shopping_ads		
31-007	dup:Тиква		Shopping_ads		
31-008	dup:Тиква		Shopping_ads		
31-009	dup:Тиква		Shopping_ads		
31-010	dup:Тиква		Shopping_ads		
31-011	dup:Едім				
31-012	dup:Тиква		Shopping_ads		
31-013	dup:Тиква		Shopping_ads		
31-015	dup:Тиква		Shopping_ads		
31-016	dup:Тиква		Shopping_ads		
31-018	dup:Гарбуз		Shopping_ads	ne_v_nayavnosti	
310	dup:Тиква		Shopping_ads		
3100	dup:Тиква		Shopping_ads		
3101	dup:Тиква		Shopping_ads		
3102	dup:Тиква		Shopping_ads	ne_v_nayavnosti	
3103	dup:Тиква		Shopping_ads	ne_v_nayavnosti	
3104	dup:Едім				stop
3112	dup:Тиква		Shopping_ads	ne_v_nayavnosti	
3119	dup:Тиква		Shopping_ads		
3120	dup:Тиква		Shopping_ads		
3123	dup:Гарбуз		Shopping_ads		
3125474986	dup:Гарбуз		Shopping_ads		
3129	dup:Гарбуз		Shopping_ads	ne_v_nayavnosti	
3130	dup:Гарбуз		Shopping_ads	ne_v_nayavnosti	
3131	dup:Гарбуз		Shopping_ads		
3134	dup:Едім				
3135	dup:Гарбуз		Shopping_ads		
3136	dup:Гарбуз		Shopping_ads	ne_v_nayavnosti	
3139	dup:Гарбуз		Shopping_ads	ne_v_nayavnosti	
3150	dup:Тиква		Shopping_ads		
3154	dup:Гарбуз		Shopping_ads		
3155	dup:Гарбуз		Shopping_ads		
3156	dup:Гарбуз		Shopping_ads		
3157	dup:Гарбуз		Shopping_ads		
3158	dup:Гарбуз		Shopping_ads		
32-001	dup:Гарбуз		Shopping_ads		
32-002	dup:Гарбуз		Shopping_ads	ne_v_nayavnosti	
32-003	dup:Гарбуз		Shopping_ads	ne_v_nayavnosti	
32-004	dup:Гарбуз		Shopping_ads		
32-005	dup:Гарбуз		Shopping_ads		
32-006	dup:Гарбуз		Shopping_ads	ne_v_nayavnosti	
32-007	dup:Гарбуз		Shopping_ads		
32-008	dup:Гарбуз		Shopping_ads		
32-009	dup:Гарбуз		Shopping_ads	ne_v_nayavnosti	
32-010	dup:Гарбуз		Shopping_ads	ne_v_nayavnosti	
32-011	dup:Гарбуз		Shopping_ads	ne_v_nayavnosti	
32-012	dup:Гарбуз		Shopping_ads	ne_v_nayavnosti	prybutok
32-019	dup:Гарбуз		Shopping_ads	ne_v_nayavnosti	
32-020	dup:Гарбуз		Shopping_ads		
32-023	dup:Тиква		Shopping_ads		
32-024	dup:Гарбуз		Shopping_ads		
32-026	dup:Тиква		Shopping_ads		
32-027	dup:Гарбуз		Shopping_ads	ne_v_nayavnosti	
32-028	dup:Тиква		Shopping_ads		
32-029	dup:Гарбуз		Shopping_ads		
32-030	dup:Тиква		Shopping_ads	ne_v_nayavnosti	
32-031	dup:Тиква		Shopping_ads		
32-033	dup:Тиква		Shopping_ads		
32-034	dup:Гарбуз		Shopping_ads	ne_v_nayavnosti	
32-035	dup:Тиква		Shopping_ads	ne_v_nayavnosti	
32-036	dup:Тиква		Shopping_ads	ne_v_nayavnosti	
32-037	dup:Гарбуз		Shopping_ads	ne_v_nayavnosti	
32-038	dup:Тиква		Shopping_ads		
32-039	dup:Тиква		Shopping_ads	ne_v_nayavnosti	
32-040	dup:Гарбуз		Shopping_ads	ne_v_nayavnosti	
32-041			Shopping_ads	ne_v_nayavnosti	
32-042	dup:Гарбуз		Shopping_ads	ne_v_nayavnosti	prybutok
32-043	dup:Тиква		Shopping_ads		
32-047	dup:Тиква		Shopping_ads		
32-057	dup:Гарбуз		Shopping_ads		
32-058	dup:Гарбуз		Shopping_ads		prybutok
32-059	dup:Гарбуз		Shopping_ads		prybutok
32-060	dup:Гарбуз		Shopping_ads		
32-062	dup:Едім				
32-064	dup:Едім				
32-065	dup:Гарбуз		Shopping_ads		
32-066	dup:Тиква		Shopping_ads	season_off	
32-068	dup:Гарбуз		Shopping_ads		
32-069	dup:Тиква		Shopping_ads		
32-070	dup:Гарбуз		Shopping_ads		
32-071	dup:Гарбуз		Shopping_ads	ne_v_prajsi	
32-072	dup:Гарбуз		Shopping_ads		
32-073	dup:Гарбуз		Shopping_ads		
33-001	dup:Гарбуз		Shopping_ads	ne_v_nayavnosti	
33-002	dup:Гарбуз		Shopping_ads		
33-003	dup:Гарбуз		Shopping_ads		
33-004	dup:Едім		Shopping_ads	ne_v_nayavnosti	
33-005	dup:Гарбуз		Shopping_ads		
33-006	dup:Гарбуз		Shopping_ads		prybutok
33-007	dup:Гарбуз		Shopping_ads		
33346		ads_zero			stop
34	dup:Тиква		Shopping_ads		
34-001	dup:Тиква		Shopping_ads	ne_v_nayavnosti	
34-002	dup:Тиква		Shopping_ads		
34-003	dup:Тиква		Shopping_ads		
35	dup:Тиква		Shopping_ads		
35-001	dup:Едім		Shopping_ads	ne_v_nayavnosti	
35-002	dup:Гарбуз		Shopping_ads	ne_v_nayavnosti	
35-003	dup:Гарбуз		Shopping_ads	ne_v_nayavnosti	
35-004	dup:Гарбуз		Shopping_ads	ne_v_nayavnosti	
35-005	dup:Гарбуз		Shopping_ads	ne_v_nayavnosti	
35-006	dup:Едім				
35-009	dup:Гарбуз		Shopping_ads		
35-010	dup:Гарбуз		Shopping_ads		
35-011	dup:Гарбуз		Shopping_ads		
35-012	dup:Тиква		Shopping_ads		
35-013	dup:Тиква		Shopping_ads		
35-014	dup:Тиква		Shopping_ads		
35-015	dup:Тиква		Shopping_ads		
35-016	dup:Гарбуз		Shopping_ads	ne_v_nayavnosti	
35-017	dup:Гарбуз		Shopping_ads		
35-018	dup:Гарбуз		Shopping_ads	ne_v_nayavnosti	
35-019	dup:Тиква		Shopping_ads	ne_v_nayavnosti	
35-020	dup:Тиква		Shopping_ads		
350	dup:Тиква		Shopping_ads		
351	dup:Гарбуз		Shopping_ads		prybutok
354	dup:Гарбуз		Shopping_ads		
355	dup:Гарбуз		Shopping_ads		
36	dup:Тиква		Shopping_ads		
36-001	dup:Гарбуз		Shopping_ads	ne_v_nayavnosti	
36-002	dup:Гарбуз		Shopping_ads	ne_v_nayavnosti	
36-003	dup:Гарбуз		Shopping_ads	ne_v_nayavnosti	
36-004	dup:Гарбуз		Shopping_ads	ne_v_nayavnosti	
36-005	dup:Гарбуз		Shopping_ads	ne_v_nayavnosti	
36-006	dup:Гарбуз		Shopping_ads	ne_v_nayavnosti	prybutok
36-007	dup:Гарбуз		Shopping_ads	ne_v_nayavnosti	
36-008	dup:Гарбуз		Shopping_ads	ne_v_nayavnosti	prybutok
36-010	dup:Гарбуз		Shopping_ads	ne_v_nayavnosti	
36-011	dup:Тиква		Shopping_ads		
36-012	dup:Тиква		Shopping_ads		
36-015	dup:Гарбуз		Shopping_ads		
36-016	dup:Гарбуз		Shopping_ads		
36-017	dup:Гарбуз		Shopping_ads		
36-018	dup:Гарбуз		Shopping_ads	ne_v_nayavnosti	
36-019	dup:Гарбуз		Shopping_ads	ne_v_nayavnosti	
36-020	dup:Гарбуз		Shopping_ads	ne_v_nayavnosti	
36-021	dup:Тиква		Shopping_ads		
36-022	dup:Тиква		Shopping_ads	ne_v_nayavnosti	
36-023	dup:Тиква		Shopping_ads	ne_v_nayavnosti	
36-024	dup:Тиква		Shopping_ads		
36-025	dup:Тиква		Shopping_ads		
36-026	dup:Гарбуз		Shopping_ads		
36-027	dup:Тиква		Shopping_ads		
36-028	dup:Тиква		Shopping_ads	ne_v_nayavnosti	
36-029	dup:Тиква		Shopping_ads	ne_v_nayavnosti	
36-030	dup:Тиква		Shopping_ads	ne_v_nayavnosti	
36-031	dup:Гарбуз		Shopping_ads	ne_v_nayavnosti	
36-039	dup:Гарбуз		Shopping_ads	ne_v_nayavnosti	
36-040	dup:Гарбуз		Shopping_ads	ne_v_nayavnosti	
36-041	dup:Гарбуз		Shopping_ads	ne_v_nayavnosti	
36-043	dup:Гарбуз		Shopping_ads	ne_v_nayavnosti	
36-044	dup:Тиква		Shopping_ads	ne_v_nayavnosti	prybutok
36-045	dup:Гарбуз		Shopping_ads	ne_v_nayavnosti	prybutok
3601-01	dup:Гарбуз		Shopping_ads		
3601-02	dup:Тиква		Shopping_ads		
3601-04	dup:Тиква		Shopping_ads		
3601-05	dup:Тиква		Shopping_ads		
3601-06	dup:Тиква		Shopping_ads		
3601-07	dup:Тиква		Shopping_ads		
3601-08	dup:Тиква		Shopping_ads		
3601-10	dup:Тиква		Shopping_ads		
3601-12	dup:Тиква		Shopping_ads		
37	dup:Тиква		Shopping_ads		
37-001	dup:Гарбуз		Shopping_ads	ne_v_nayavnosti	
37-002	dup:Гарбуз		Shopping_ads	ne_v_nayavnosti	
37-003	dup:Гарбуз		Shopping_ads		
37-004	dup:Гарбуз		Shopping_ads		
37-005	dup:Гарбуз		Shopping_ads		
37-006	dup:Гарбуз		Shopping_ads		
37-007	dup:Гарбуз		Shopping_ads		
37-008	dup:Гарбуз		Shopping_ads		
37-009	dup:Гарбуз		Shopping_ads		
37-010	dup:Гарбуз		Shopping_ads		
37-011	dup:Гарбуз		Shopping_ads		prybutok
37-012	dup:Гарбуз		Shopping_ads		
37-013	dup:Гарбуз		Shopping_ads		
37-014	dup:Гарбуз		Shopping_ads		
37-015	dup:Гарбуз		Shopping_ads		
37-016	dup:Гарбуз		Shopping_ads		
37-017	dup:Гарбуз		Shopping_ads		
37-018	dup:Гарбуз		Shopping_ads		
37-019	dup:Гарбуз		Shopping_ads		
37-020	dup:Гарбуз		Shopping_ads	ne_v_nayavnosti	
37-021	dup:Гарбуз		Shopping_ads	ne_v_nayavnosti	
37-022	dup:Гарбуз		Shopping_ads		
37-023	dup:Гарбуз		Shopping_ads		
37-024	dup:Гарбуз		Shopping_ads		
37-025	dup:Гарбуз		Shopping_ads		
37-026	dup:Гарбуз		Shopping_ads		
37-027	dup:Гарбуз		Shopping_ads		
37-028	dup:Гарбуз		Shopping_ads		
37-029	dup:Гарбуз		Shopping_ads	ne_v_prajsi	
37-030	dup:Гарбуз		Shopping_ads		
37-031	dup:Гарбуз		Shopping_ads		
37-032	dup:Гарбуз		Shopping_ads		
37-033	dup:Гарбуз		Shopping_ads		
37-034	dup:Гарбуз		Shopping_ads		
37-035	dup:Гарбуз		Shopping_ads		
37-036	dup:Гарбуз		Shopping_ads		
37-037	dup:Гарбуз		Shopping_ads		
37-038	dup:Гарбуз		Shopping_ads	ne_v_nayavnosti	
37-040	dup:Тиква		Shopping_ads		
37-041	dup:Тиква		Shopping_ads		
37-042	dup:Тиква		Shopping_ads		
37-043	dup:Тиква		Shopping_ads		
37-044	dup:Тиква		Shopping_ads		
37-045	dup:Тиква		Shopping_ads		
37-046	dup:Тиква		Shopping_ads		
37-047			Shopping_ads	ne_v_nayavnosti	
37-048			Shopping_ads	ne_v_nayavnosti	
37-049			Shopping_ads	ne_v_nayavnosti	
37-050			Shopping_ads	ne_v_nayavnosti	
37-051	dup:Гарбуз		Shopping_ads		
37-052	dup:Гарбуз		Shopping_ads		
37-053	dup:Гарбуз		Shopping_ads		
37-054	dup:Гарбуз		Shopping_ads		
37-055	dup:Гарбуз		Shopping_ads		
37-056	dup:Гарбуз		Shopping_ads		
37-057	dup:Гарбуз		Shopping_ads		
37-058	dup:Гарбуз		Shopping_ads		
37-059	dup:Гарбуз		Shopping_ads		
37-060	dup:Гарбуз		Shopping_ads		
37-061	dup:Гарбуз		Shopping_ads		
37-062			Shopping_ads	ne_v_prajsi	
37-069					prybutok
37-070					prybutok
37-075			Shopping_ads	ne_v_nayavnosti	
37-076	dup:Гарбуз		Shopping_ads		
37-078			Shopping_ads	ne_v_nayavnosti	
37-079			Shopping_ads	ne_v_nayavnosti	
37-080			Shopping_ads	ne_v_nayavnosti	
37-081	dup:Гарбуз		Shopping_ads		
37-082	dup:Гарбуз		Shopping_ads		
37-083	dup:Гарбуз		Shopping_ads		
37-084	dup:Гарбуз		Shopping_ads		
37-085	dup:Гарбуз		Shopping_ads		prybutok
37-086	dup:Гарбуз		Shopping_ads		prybutok
37-087	dup:Гарбуз		Shopping_ads		
37-088	dup:Тиква		Shopping_ads		
37-089	dup:Гарбуз		Shopping_ads		
37-091	dup:Гарбуз		Shopping_ads		prybutok
37-092	dup:Гарбуз		Shopping_ads		prybutok
37-093	dup:Гарбуз		Shopping_ads		
37-094	dup:Гарбуз		Shopping_ads		
37-095	dup:Гарбуз		Shopping_ads		
37-096	dup:Гарбуз		Shopping_ads		
37-097	dup:Гарбуз		Shopping_ads		
37-098	dup:Гарбуз		Shopping_ads		
37-099	dup:Гарбуз		Shopping_ads		
37-100	dup:Гарбуз		Shopping_ads		
37-101	dup:Гарбуз		Shopping_ads		
37-102	dup:Гарбуз		Shopping_ads		
37-103	dup:Гарбуз		Shopping_ads		
37-104	dup:Гарбуз		Shopping_ads		
37-105	dup:Едім				
37-106	dup:Едім				
37-107	dup:Гарбуз		Shopping_ads		
37-108	dup:Гарбуз		Shopping_ads		
37-109	dup:Гарбуз		Shopping_ads	ne_v_nayavnosti	
37-110	dup:Едім		Shopping_ads	ne_v_nayavnosti	
37-111	dup:Гарбуз		Shopping_ads	ne_v_nayavnosti	
37-112	dup:Гарбуз		Shopping_ads		
37-113	dup:Гарбуз		Shopping_ads	ne_v_nayavnosti	
37-114	dup:Гарбуз		Shopping_ads	ne_v_nayavnosti	
37-115	dup:Гарбуз		Shopping_ads		
37-116	dup:Гарбуз		Shopping_ads		
37-117	dup:Едім				
37-118	dup:Едім				
37-137	dup:Тиква		Shopping_ads		
37-138	dup:Гарбуз		Shopping_ads		
37-139	dup:Тиква		Shopping_ads	ne_v_nayavnosti	
37-141	dup:Тиква		Shopping_ads		
37-142	dup:Тиква		Shopping_ads	ne_v_nayavnosti	
37-143	dup:Тиква		Shopping_ads	ne_v_nayavnosti	
37-144	dup:Тиква		Shopping_ads		prybutok
37-145	dup:Гарбуз		Shopping_ads		
37-146	dup:Гарбуз		Shopping_ads		
37-148	dup:Тиква		Shopping_ads		
37-149	dup:Гарбуз		Shopping_ads		
37-152	dup:Тиква		Shopping_ads		
37-153	dup:Тиква		Shopping_ads		
37-154	dup:Едім				
37-155	dup:Тиква		Shopping_ads		
37-156	dup:Тиква		Shopping_ads		
37-157	dup:Тиква		Shopping_ads		
37-159	dup:Тиква		Shopping_ads		
37-160	dup:Тиква		Shopping_ads		
37-161	dup:Едім				
37-162	dup:Гарбуз		Shopping_ads		
37-163	dup:Гарбуз		Shopping_ads		
37-164	dup:Гарбуз		Shopping_ads		
37-165	dup:Гарбуз		Shopping_ads	ne_v_nayavnosti	
37-166	dup:Тиква		Shopping_ads		
37-167	dup:Гарбуз		Shopping_ads	ne_v_nayavnosti	
37-172	dup:Гарбуз		Shopping_ads		
37-173	dup:Гарбуз		Shopping_ads		
37-174	dup:Гарбуз		Shopping_ads		
37-175	dup:Гарбуз		Shopping_ads		
3701-01	dup:Тиква		Shopping_ads		
3701-02	dup:Тиква		Shopping_ads		
3701-04	dup:Тиква		Shopping_ads		
3701-05	dup:Тиква		Shopping_ads		
3701-06	dup:Тиква		Shopping_ads		
3701-07	dup:Гарбуз		Shopping_ads		
3701-08	dup:Тиква		Shopping_ads		
3701-10	dup:Тиква		Shopping_ads		
3701-11	dup:Тиква		Shopping_ads		
38	dup:Тиква		Shopping_ads		
38-001	dup:Гарбуз		Shopping_ads	ne_v_nayavnosti	
38-002	dup:Гарбуз		Shopping_ads	ne_v_nayavnosti	
38-003	dup:Едім		Shopping_ads	ne_v_nayavnosti	
38-004	dup:Гарбуз		Shopping_ads	ne_v_nayavnosti	prybutok
38-005	dup:Гарбуз		Shopping_ads		
38-006	dup:Гарбуз		Shopping_ads	ne_v_nayavnosti	
38-007	dup:Гарбуз		Shopping_ads		
38-008	dup:Гарбуз		Shopping_ads	ne_v_nayavnosti	
38-009	dup:Едім		Shopping_ads	ne_v_nayavnosti	
38-010	dup:Гарбуз		Shopping_ads		
38-011	dup:Гарбуз		Shopping_ads		
38-012	dup:Гарбуз		Shopping_ads	ne_v_nayavnosti	prybutok
38-013	dup:Гарбуз		Shopping_ads	ne_v_nayavnosti	
38-014	dup:Гарбуз		Shopping_ads	ne_v_nayavnosti	
38-015			Shopping_ads	ne_v_nayavnosti	
38-019	dup:Тиква		Shopping_ads		
38-021	dup:Тиква		Shopping_ads		
38-022	dup:Гарбуз		Shopping_ads	ne_v_nayavnosti	
38-040	dup:Гарбуз		Shopping_ads		prybutok
38-041	dup:Тиква		Shopping_ads		
38-042	dup:Тиква		Shopping_ads		
38-043	dup:Тиква		Shopping_ads		
38-044	dup:Тиква		Shopping_ads		
38-045	dup:Тиква		Shopping_ads		prybutok
38-051	dup:Гарбуз		Shopping_ads	ne_v_nayavnosti	
38-052	dup:Гарбуз		Shopping_ads	ne_v_nayavnosti	
38-053	dup:Гарбуз		Shopping_ads	ne_v_nayavnosti	prybutok
38-054	dup:Гарбуз		Shopping_ads	ne_v_nayavnosti	
38-056	dup:Гарбуз		Shopping_ads		
38-057	dup:Гарбуз		Shopping_ads	ne_v_nayavnosti	
38-058	dup:Гарбуз		Shopping_ads	ne_v_nayavnosti	
38-059	dup:Гарбуз		Shopping_ads	ne_v_nayavnosti	
38-061	dup:Гарбуз		Shopping_ads	ne_v_nayavnosti	
38-062	dup:Гарбуз		Shopping_ads	ne_v_nayavnosti	
38-064	dup:Тиква		Shopping_ads		prybutok
38-065	dup:Гарбуз		Shopping_ads	ne_v_nayavnosti	
39	dup:Тиква		Shopping_ads		
39-001	dup:Гарбуз		Shopping_ads		
39-002	dup:Гарбуз		Shopping_ads	ne_v_nayavnosti	
39-003	dup:Гарбуз		Shopping_ads		
39-004	dup:Гарбуз		Shopping_ads	ne_v_nayavnosti	
39-005	dup:Гарбуз		Shopping_ads		
39-006	dup:Гарбуз		Shopping_ads	ne_v_nayavnosti	
39-007	dup:Гарбуз		Shopping_ads	ne_v_nayavnosti	
39-008	dup:Гарбуз		Shopping_ads	ne_v_nayavnosti	
39-009	dup:Гарбуз		Shopping_ads	ne_v_nayavnosti	
391	dup:Тиква		Shopping_ads		
4-012	dup:Гарбуз		Shopping_ads		
4-025-001	dup:Гарбуз		Shopping_ads		
4-025-002	dup:Тиква		Shopping_ads		
4-026-001	dup:Едім				
4-027-002	dup:Тиква		Shopping_ads		
4-028-001	dup:Гарбуз		Shopping_ads		
4-034-001	dup:Тиква		Shopping_ads		
4-070-001	dup:Тиква		Shopping_ads		
40-001	dup:Тиква		Shopping_ads		
40-002	dup:Гарбуз		Shopping_ads	ne_v_nayavnosti	
40-003	dup:Гарбуз		Shopping_ads	ne_v_nayavnosti	
41	dup:Тиква		Shopping_ads		
41-001	dup:Гарбуз		Shopping_ads	ne_v_nayavnosti	
41-002	dup:Гарбуз		Shopping_ads	ne_v_nayavnosti	
41-003	dup:Гарбуз		Shopping_ads	ne_v_nayavnosti	
41-004	dup:Тиква		Shopping_ads		
41-005	dup:Тиква		Shopping_ads		
41-006	dup:Гарбуз		Shopping_ads		
41-007	dup:Гарбуз		Shopping_ads		
41-008	dup:Гарбуз		Shopping_ads		
41-009	dup:Гарбуз		Shopping_ads		
41-010	dup:Гарбуз		Shopping_ads		
41-011	dup:Гарбуз		Shopping_ads		
41-012	dup:Гарбуз		Shopping_ads		
41-013	dup:Гарбуз		Shopping_ads		
41-014	dup:Гарбуз		Shopping_ads		
41-015	dup:Гарбуз		Shopping_ads		
41-016	dup:Гарбуз		Shopping_ads		
41-017	dup:Гарбуз		Shopping_ads	ne_v_nayavnosti	
41-018	dup:Гарбуз		Shopping_ads	ne_v_nayavnosti	
41-019	dup:Тиква		Shopping_ads		
41-020	dup:Едім				
41-021	dup:Тиква		Shopping_ads		
41-022	dup:Тиква		Shopping_ads		
42	dup:Тиква		Shopping_ads		
43-001	dup:Едім				
439	dup:Гарбуз		Shopping_ads		
44-001	dup:Гарбуз		Shopping_ads	ne_v_nayavnosti	
44-005	dup:Гарбуз		Shopping_ads	ne_v_nayavnosti	
44-007	dup:Гарбуз		Shopping_ads	ne_v_nayavnosti	
44-008	dup:Гарбуз		Shopping_ads	ne_v_nayavnosti	
44-009	dup:Гарбуз		Shopping_ads	ne_v_nayavnosti	
44-012	dup:Гарбуз		Shopping_ads	ne_v_nayavnosti	
44-013	dup:Гарбуз		Shopping_ads	ne_v_nayavnosti	
44-014	dup:Гарбуз		Shopping_ads	ne_v_nayavnosti	
440	dup:Гарбуз		Shopping_ads		
4444	dup:Тиква		Shopping_ads		
4445	dup:Гарбуз		Shopping_ads	ne_v_nayavnosti	
448	dup:Гарбуз		Shopping_ads		
45-001	dup:Тиква		Shopping_ads		
45-002	dup:Тиква		Shopping_ads	ne_v_nayavnosti	
45-004	dup:Гарбуз		Shopping_ads		
45-101			Shopping_ads	ne_v_nayavnosti	
45-417	dup:Гарбуз		Shopping_ads	season_off	
45-418	dup:Гарбуз		Shopping_ads	season_off	
45-591	dup:Тиква		Shopping_ads	season_off	
45-592	dup:Гарбуз		Shopping_ads	ne_v_nayavnosti	
45-598	dup:Тиква		Shopping_ads	ne_v_nayavnosti	
45-604	dup:Тиква		Shopping_ads		
45-606	dup:Тиква		Shopping_ads	ne_v_nayavnosti	
45-623	dup:Гарбуз		Shopping_ads		
45-633	dup:Гарбуз		Shopping_ads		prybutok
45-642	dup:Гарбуз		Shopping_ads		
46-004	dup:Тиква		Shopping_ads		
468	dup:Гарбуз		Shopping_ads		prybutok
469	dup:Гарбуз		Shopping_ads		prybutok
47-001	dup:Гарбуз		Shopping_ads	ne_v_nayavnosti	
47-002	dup:Гарбуз		Shopping_ads	ne_v_nayavnosti	
47-003	dup:Гарбуз		Shopping_ads	ne_v_nayavnosti	
47-004	dup:Тиква		Shopping_ads	ne_v_nayavnosti	
47-005	dup:Гарбуз		Shopping_ads	ne_v_nayavnosti	
47-006	dup:Гарбуз		Shopping_ads	ne_v_nayavnosti	
47-007	dup:Гарбуз		Shopping_ads		
47-008	dup:Тиква		Shopping_ads	ne_v_nayavnosti	
47-009	dup:Тиква		Shopping_ads	ne_v_nayavnosti	
47-010	dup:Тиква		Shopping_ads	ne_v_nayavnosti	
47-011	dup:Гарбуз		Shopping_ads	ne_v_nayavnosti	
47-012	dup:Гарбуз		Shopping_ads	ne_v_nayavnosti	
47-013	dup:Гарбуз		Shopping_ads	ne_v_nayavnosti	
47-014	dup:Гарбуз		Shopping_ads	ne_v_nayavnosti	
47-015	dup:Гарбуз		Shopping_ads	ne_v_nayavnosti	
48-001	dup:Гарбуз		Shopping_ads	ne_v_nayavnosti	
48-002	dup:Тиква		Shopping_ads		
4810DTG	dup:Едім				
482018596	dup:Тиква		Shopping_ads		
482018599	dup:Тиква		Shopping_ads		
482018601	dup:Тиква		Shopping_ads	season_off	
482018602	dup:Гарбуз		Shopping_ads		
482018603	dup:Гарбуз		Shopping_ads		
482018605	dup:Гарбуз		Shopping_ads		
482018606	dup:Тиква		Shopping_ads		
482018607	dup:Гарбуз		Shopping_ads		
482018609	dup:Гарбуз		Shopping_ads		prybutok
482018610	dup:Гарбуз		Shopping_ads		
482018611	dup:Гарбуз		Shopping_ads		prybutok
482018612	dup:Гарбуз		Shopping_ads		
482018614	dup:Тиква		Shopping_ads		
482018615	dup:Гарбуз		Shopping_ads	ne_v_nayavnosti	
482018617	dup:Тиква		Shopping_ads		
482018621	dup:Гарбуз		Shopping_ads		
482018625	dup:Тиква		Shopping_ads	season_off	
482018626	dup:Тиква		Shopping_ads	season_off	
482018634	dup:Тиква		Shopping_ads	ne_v_nayavnosti	
482018636	dup:Тиква		Shopping_ads	ne_v_nayavnosti	
482018637	dup:Тиква		Shopping_ads		stop
482018641	dup:Гарбуз		Shopping_ads		
482018645	dup:Гарбуз		Shopping_ads		
482018646	dup:Гарбуз		Shopping_ads		
482018648			Shopping_ads	ne_v_nayavnosti	
482018658	dup:Тиква		Shopping_ads	season_off	
482018665	dup:Гарбуз		Shopping_ads	season_off	
482018667	dup:Гарбуз		Shopping_ads		
482018668	dup:Гарбуз		Shopping_ads	season_off	
482018670	dup:Гарбуз		Shopping_ads		prybutok
482018671	dup:Тиква		Shopping_ads		
482018674	dup:Тиква		Shopping_ads		
482018676	dup:Тиква		Shopping_ads		
482018687	dup:Тиква		Shopping_ads		
482018688	dup:Тиква		Shopping_ads		
482018690	dup:Гарбуз		Shopping_ads	season_off	
482018691	dup:Гарбуз		Shopping_ads	season_off	
482018693	dup:Тиква		Shopping_ads		prybutok
482018704	dup:Гарбуз		Shopping_ads		
482018708	dup:Гарбуз		Shopping_ads		
482018709	dup:Гарбуз		Shopping_ads	ne_v_nayavnosti	
482018710	dup:Тиква		Shopping_ads	ne_v_nayavnosti	
482018711	dup:Тиква		Shopping_ads		
482018712			Shopping_ads	ne_v_nayavnosti	
482018713	dup:Тиква		Shopping_ads	ne_v_nayavnosti	
482018717	dup:Гарбуз		Shopping_ads		
482018718	dup:Гарбуз		Shopping_ads		prybutok
482018724	dup:Тиква		Shopping_ads	ne_v_nayavnosti	
482018736	dup:Гарбуз		Shopping_ads		
482018737	dup:Гарбуз		Shopping_ads		
482018741	dup:Гарбуз		Shopping_ads		
482018743	dup:Гарбуз		Shopping_ads		
482018745	dup:Гарбуз		Shopping_ads		prybutok
482018746	dup:Гарбуз		Shopping_ads		
482018747	dup:Гарбуз		Shopping_ads	ne_v_nayavnosti	
482018748	dup:Тиква		Shopping_ads	ne_v_nayavnosti	
482018749	dup:Гарбуз		Shopping_ads		prybutok
482018750	dup:Тиква		Shopping_ads	ne_v_nayavnosti	
482018751	dup:Гарбуз		Shopping_ads		
482018752			Shopping_ads	ne_v_nayavnosti	
482018753	dup:Гарбуз		Shopping_ads		
482018754	dup:Гарбуз		Shopping_ads		
482018759	dup:Тиква		Shopping_ads		
482018760	dup:Тиква		Shopping_ads		
482018777	dup:Гарбуз		Shopping_ads		prybutok
482018779	dup:Тиква		Shopping_ads	season_off	
482018780	dup:Гарбуз		Shopping_ads		
482018781	dup:Гарбуз		Shopping_ads		
482018782	dup:Гарбуз		Shopping_ads		
482018783	dup:Гарбуз		Shopping_ads		
482018785	dup:Гарбуз		Shopping_ads		
482018786	dup:Гарбуз		Shopping_ads		
482018787	dup:Гарбуз		Shopping_ads		
482018788	dup:Гарбуз		Shopping_ads		
482018789	dup:Гарбуз		Shopping_ads		
482018792	dup:Гарбуз		Shopping_ads	season_off	
482018793	dup:Гарбуз		Shopping_ads		prybutok
482018810	dup:Гарбуз	ads_zero	Shopping_ads		
482018811	dup:Гарбуз		Shopping_ads	ne_v_nayavnosti	
482018812	dup:Гарбуз		Shopping_ads		
482018813	dup:Гарбуз		Shopping_ads		prybutok
482018815	dup:Гарбуз		Shopping_ads		prybutok
482018817	dup:Тиква		Shopping_ads	season_off	prybutok
482018818	dup:Тиква		Shopping_ads		
482018819	dup:Тиква		Shopping_ads		
482018820	dup:Тиква		Shopping_ads		
482018821	dup:Тиква		Shopping_ads		
482018823	dup:Тиква		Shopping_ads	season_off	prybutok
482018830	dup:Гарбуз		Shopping_ads		stop
482018831	dup:Гарбуз		Shopping_ads		
482018834	dup:Тиква		Shopping_ads		prybutok
482018841	dup:Гарбуз		Shopping_ads		
482018842	dup:Гарбуз		Shopping_ads		
482018843	dup:Гарбуз		Shopping_ads		
482018844	dup:Тиква		Shopping_ads		
482018845	dup:Гарбуз		Shopping_ads		
482018848	dup:Гарбуз		Shopping_ads	ne_v_nayavnosti	
482018852	dup:Тиква		Shopping_ads	ne_v_nayavnosti	
482018854	dup:Тиква		Shopping_ads		
482018858	dup:Тиква		Shopping_ads		
482018859	dup:Гарбуз		Shopping_ads		
482018862	dup:Гарбуз		Shopping_ads		
482018863	dup:Гарбуз		Shopping_ads		prybutok
482018864	dup:Гарбуз		Shopping_ads		prybutok
482018865	dup:Гарбуз		Shopping_ads		
482018868	dup:Гарбуз		Shopping_ads		
482018870	dup:Гарбуз		Shopping_ads	season_off	prybutok
482018871	dup:Тиква		Shopping_ads		
482018872	dup:Тиква		Shopping_ads	ne_v_nayavnosti	
482018873	dup:Тиква		Shopping_ads		
482018874	dup:Гарбуз		Shopping_ads		
482018875	dup:Гарбуз		Shopping_ads		
482018877	dup:Гарбуз		Shopping_ads		
482018878	dup:Тиква		Shopping_ads		
482018882	dup:Тиква		Shopping_ads		
482018883	dup:Гарбуз		Shopping_ads	ne_v_nayavnosti	
482018884	dup:Гарбуз		Shopping_ads		
482018886	dup:Тиква		Shopping_ads		
482018887	dup:Тиква		Shopping_ads		
482018888	dup:Тиква		Shopping_ads		
482018889	dup:Тиква		Shopping_ads		
482018890	dup:Тиква		Shopping_ads		
482018893	dup:Гарбуз		Shopping_ads		prybutok
482018899	dup:Гарбуз		Shopping_ads		
482018900	dup:Тиква		Shopping_ads		
482018901	dup:Гарбуз		Shopping_ads		prybutok
482018902	dup:Гарбуз		Shopping_ads		
482018904	dup:Гарбуз		Shopping_ads		prybutok
482018905	dup:Гарбуз		Shopping_ads		
482018907	dup:Гарбуз		Shopping_ads		
482018908	dup:Тиква		Shopping_ads		
482018914					prybutok
482018915	dup:Гарбуз		Shopping_ads		
482018916	dup:Тиква		Shopping_ads		
482018917	dup:Тиква		Shopping_ads		
482018918	dup:Тиква		Shopping_ads		
482018920	dup:Тиква		Shopping_ads		
482018921	dup:Тиква		Shopping_ads	ne_v_nayavnosti	
482018922	dup:Гарбуз		Shopping_ads		prybutok
482018924	dup:Гарбуз		Shopping_ads		prybutok
482018925	dup:Гарбуз		Shopping_ads	ne_v_nayavnosti	
482018926	dup:Гарбуз		Shopping_ads		
482018928	dup:Гарбуз		Shopping_ads		
482018930	dup:Тиква		Shopping_ads		
482018931	dup:Гарбуз		Shopping_ads		prybutok
482018932	dup:Тиква		Shopping_ads		
482018943	dup:Тиква		Shopping_ads		
482018944	dup:Гарбуз	ads_zero	Shopping_ads		
482018945	dup:Гарбуз		Shopping_ads		
482018946	dup:Гарбуз		Shopping_ads		
482018952	dup:Гарбуз		Shopping_ads	ne_v_nayavnosti	
482018955	dup:Тиква		Shopping_ads		
482018964	dup:Гарбуз		Shopping_ads		
482019091	dup:Гарбуз		Shopping_ads		prybutok
482019092	dup:Гарбуз		Shopping_ads		
482019094	dup:Гарбуз		Shopping_ads		
482019096	dup:Гарбуз		Shopping_ads		
482019098	dup:Гарбуз		Shopping_ads		
482019099	dup:Тиква		Shopping_ads		
482019100	dup:Гарбуз		Shopping_ads		
482019101	dup:Гарбуз		Shopping_ads		
482019102	dup:Гарбуз		Shopping_ads		
482019103	dup:Гарбуз		Shopping_ads		
482019107	dup:Гарбуз		Shopping_ads		
482019109	dup:Гарбуз		Shopping_ads		
482019110	dup:Тиква		Shopping_ads		
482019111	dup:Едім				
482019116	dup:Тиква		Shopping_ads		
482019117	dup:Тиква		Shopping_ads		
482019120	dup:Тиква		Shopping_ads		
482019121	dup:Гарбуз		Shopping_ads		
482019122	dup:Гарбуз		Shopping_ads		
482019124	dup:Тиква		Shopping_ads		
482019267	dup:Гарбуз		Shopping_ads		
482019269	dup:Гарбуз		Shopping_ads		
482019270	dup:Гарбуз		Shopping_ads		
482019271	dup:Гарбуз		Shopping_ads		
482019272	dup:Гарбуз		Shopping_ads		
482019273	dup:Тиква		Shopping_ads	ne_v_nayavnosti	
482019277	dup:Гарбуз		Shopping_ads		prybutok
482019278	dup:Гарбуз		Shopping_ads		stop
482019283	dup:Едім				
482019290	dup:Гарбуз		Shopping_ads	ne_v_nayavnosti	
482019319	dup:Гарбуз		Shopping_ads		
482019320	dup:Гарбуз		Shopping_ads		prybutok
482019321	dup:Гарбуз		Shopping_ads		
482019322	dup:Гарбуз		Shopping_ads		prybutok
482019323	dup:Гарбуз		Shopping_ads		
482019324	dup:Тиква		Shopping_ads	ne_v_nayavnosti	
482019325	dup:Тиква		Shopping_ads		
482019326	dup:Тиква		Shopping_ads		
482019328	dup:Тиква		Shopping_ads	ne_v_nayavnosti	
482019329	dup:Тиква		Shopping_ads		
482019330	dup:Тиква		Shopping_ads		
482019331	dup:Гарбуз		Shopping_ads		
482019332	dup:Тиква		Shopping_ads		
482019333	dup:Тиква		Shopping_ads		
482019334	dup:Гарбуз		Shopping_ads	ne_v_nayavnosti	
482019336	dup:Гарбуз		Shopping_ads		
482019337	dup:Гарбуз		Shopping_ads		
482019339	dup:Едім				
482019344	dup:Тиква		Shopping_ads		
482019382	dup:Тиква		Shopping_ads	ne_v_nayavnosti	
482019385	dup:Гарбуз		Shopping_ads	ne_v_nayavnosti	
482019414	dup:Тиква		Shopping_ads		
482019415	dup:Тиква		Shopping_ads		
482019416	dup:Тиква		Shopping_ads		
482019417	dup:Едім				
482019418	dup:Тиква		Shopping_ads	ne_v_nayavnosti	
482019419	dup:Гарбуз		Shopping_ads		
482019420	dup:Гарбуз		Shopping_ads		
482019421	dup:Тиква		Shopping_ads		
482019422	dup:Тиква		Shopping_ads		
482019423	dup:Тиква		Shopping_ads		
482019424	dup:Тиква		Shopping_ads		
482019546	dup:Тиква		Shopping_ads		
482019583			Shopping_ads	ne_v_nayavnosti	
482019584	dup:Гарбуз		Shopping_ads		prybutok
482019586	dup:Гарбуз		Shopping_ads	ne_v_nayavnosti	
482019587	dup:Гарбуз		Shopping_ads	ne_v_nayavnosti	prybutok
482019588	dup:Тиква		Shopping_ads		
482019622	dup:Тиква		Shopping_ads	season_off	
482019657	dup:Тиква		Shopping_ads	season_off	
482019658	dup:Тиква		Shopping_ads	season_off	
482019663	dup:Тиква		Shopping_ads		
482019665	dup:Тиква		Shopping_ads		
482019667	dup:Гарбуз		Shopping_ads		
482019668	dup:Гарбуз		Shopping_ads		
482019754	dup:Тиква		Shopping_ads		
482019783	dup:Гарбуз		Shopping_ads	ne_v_nayavnosti	
482019784	dup:Гарбуз		Shopping_ads		prybutok
482019785	dup:Едім				
482019803	dup:Тиква		Shopping_ads		
482019852	dup:Тиква		Shopping_ads	ne_v_nayavnosti	
482019853	dup:Тиква		Shopping_ads		
482019937	dup:Тиква		Shopping_ads	season_off	
482019938	dup:Тиква		Shopping_ads	season_off	
482019939	dup:Тиква		Shopping_ads	season_off	prybutok
482019940	dup:Тиква		Shopping_ads	season_off	
482019941	dup:Тиква		Shopping_ads	season_off	prybutok
482019942	dup:Тиква		Shopping_ads	season_off	
482019943	dup:Тиква		Shopping_ads	season_off	
482020082	dup:Тиква		Shopping_ads		
482020083	dup:Тиква		Shopping_ads		
482020084	dup:Тиква		Shopping_ads		
482025271	dup:Гарбуз		Shopping_ads		
4825DTG	dup:Гарбуз		Shopping_ads		
4825АТ	dup:Гарбуз		Shopping_ads		
4850DTG	dup:Тиква		Shopping_ads		
49-003	dup:Гарбуз		Shopping_ads	ne_v_nayavnosti	
49-004	dup:Едім		Shopping_ads	ne_v_nayavnosti	
50-001	dup:Тиква		Shopping_ads		
50-002	dup:Тиква		Shopping_ads		prybutok
50-003	dup:Гарбуз		Shopping_ads		
50-004	dup:Гарбуз		Shopping_ads	ne_v_nayavnosti	
50-005	dup:Гарбуз		Shopping_ads		
50-006	dup:Гарбуз		Shopping_ads		
50-50307	dup:Гарбуз		Shopping_ads	ne_v_nayavnosti	
500-004С	dup:Тиква		Shopping_ads		
500-006С	dup:Гарбуз		Shopping_ads		
500-008С	dup:Едім				
500-010С	dup:Тиква		Shopping_ads		
500-012С	dup:Гарбуз		Shopping_ads		
500-014С	dup:Гарбуз		Shopping_ads		
500200	dup:Тиква		Shopping_ads		
5006	dup:Гарбуз		Shopping_ads		
5007	dup:Тиква		Shopping_ads		
5073	dup:Гарбуз		Shopping_ads		
5074	dup:Гарбуз		Shopping_ads		
51-001	dup:Тиква		Shopping_ads		
51-002	dup:Тиква		Shopping_ads		
51-003	dup:Тиква		Shopping_ads		
51-004	dup:Тиква		Shopping_ads		
51-005	dup:Тиква		Shopping_ads		
51-006	dup:Тиква		Shopping_ads		
51-008	dup:Тиква		Shopping_ads		
51-009	dup:Тиква		Shopping_ads		
51-010	dup:Тиква		Shopping_ads		prybutok
51-012	dup:Тиква		Shopping_ads		
51-018	dup:Тиква		Shopping_ads		
51-019			Shopping_ads	ne_v_nayavnosti	prybutok
51-020	dup:Тиква		Shopping_ads	ne_v_nayavnosti	
51-021	dup:Едім		Shopping_ads	ne_v_nayavnosti	
51-022	dup:Гарбуз		Shopping_ads	ne_v_nayavnosti	prybutok
51-023	dup:Тиква		Shopping_ads		
51-024	dup:Тиква		Shopping_ads		
51-026	dup:Тиква		Shopping_ads		
51-027	dup:Тиква		Shopping_ads		
51-028	dup:Тиква		Shopping_ads		
51-029	dup:Тиква		Shopping_ads		
51-030	dup:Тиква		Shopping_ads		
51-031	dup:Тиква		Shopping_ads		
51-032	dup:Тиква		Shopping_ads		
51-033	dup:Тиква		Shopping_ads		
51-034	dup:Гарбуз		Shopping_ads		
51-035	dup:Гарбуз		Shopping_ads	ne_v_nayavnosti	
51-036	dup:Гарбуз		Shopping_ads	ne_v_nayavnosti	
51-037	dup:Гарбуз		Shopping_ads	ne_v_nayavnosti	
51-038	dup:Гарбуз		Shopping_ads	ne_v_nayavnosti	
51-039	dup:Гарбуз		Shopping_ads	ne_v_nayavnosti	
51-040	dup:Тиква		Shopping_ads		
51-041	dup:Тиква		Shopping_ads		
51-042	dup:Гарбуз		Shopping_ads	ne_v_nayavnosti	
51-043	dup:Гарбуз		Shopping_ads	ne_v_nayavnosti	
51-044	dup:Гарбуз		Shopping_ads	ne_v_nayavnosti	
51-045	dup:Гарбуз		Shopping_ads	ne_v_nayavnosti	
51-046	dup:Гарбуз		Shopping_ads	ne_v_nayavnosti	
51-047	dup:Гарбуз		Shopping_ads	ne_v_nayavnosti	
51-048	dup:Гарбуз		Shopping_ads	ne_v_nayavnosti	
51-049	dup:Гарбуз		Shopping_ads	ne_v_nayavnosti	
51-050	dup:Гарбуз		Shopping_ads	ne_v_nayavnosti	
51-051	dup:Гарбуз		Shopping_ads	ne_v_nayavnosti	
51-052	dup:Гарбуз		Shopping_ads	ne_v_nayavnosti	
51-053	dup:Гарбуз		Shopping_ads	ne_v_nayavnosti	
51-054	dup:Гарбуз		Shopping_ads	ne_v_nayavnosti	
51-055	dup:Гарбуз		Shopping_ads		
51-056	dup:Гарбуз		Shopping_ads		
51-057	dup:Гарбуз		Shopping_ads		
51-058	dup:Гарбуз		Shopping_ads		
51-059	dup:Гарбуз		Shopping_ads		
51-060	dup:Гарбуз		Shopping_ads		
51-061	dup:Гарбуз		Shopping_ads		
51-062	dup:Гарбуз		Shopping_ads		
51-063	dup:Гарбуз		Shopping_ads	ne_v_nayavnosti	
51-064	dup:Гарбуз		Shopping_ads		prybutok
51-065	dup:Гарбуз		Shopping_ads		
51-066	dup:Гарбуз		Shopping_ads		
51-067	dup:Гарбуз		Shopping_ads		
51-068	dup:Гарбуз		Shopping_ads		
51-069	dup:Гарбуз		Shopping_ads		
51-070	dup:Гарбуз		Shopping_ads		
51-071	dup:Гарбуз		Shopping_ads		
51-072	dup:Гарбуз		Shopping_ads		
51-073	dup:Гарбуз		Shopping_ads		
51-074	dup:Гарбуз		Shopping_ads		
51-075	dup:Тиква		Shopping_ads		
51-076	dup:Гарбуз		Shopping_ads		
51-077	dup:Гарбуз		Shopping_ads		
51-078	dup:Гарбуз		Shopping_ads		
51-079	dup:Гарбуз		Shopping_ads		
51-080	dup:Гарбуз		Shopping_ads		
51-081	dup:Гарбуз		Shopping_ads		
51-082	dup:Гарбуз		Shopping_ads		
51-083	dup:Тиква		Shopping_ads		
51-084	dup:Тиква		Shopping_ads		
51-086	dup:Гарбуз		Shopping_ads		
51-087	dup:Гарбуз		Shopping_ads		
51-088	dup:Гарбуз		Shopping_ads		
51-089	dup:Гарбуз		Shopping_ads		
51-090	dup:Едім				
51-091	dup:Гарбуз		Shopping_ads		
51-092	dup:Гарбуз		Shopping_ads		
51-093	dup:Гарбуз		Shopping_ads		
51-094	dup:Едім		Shopping_ads	ne_v_nayavnosti	
52-001	dup:Гарбуз		Shopping_ads		
52-002	dup:Гарбуз		Shopping_ads		
53-012	dup:Тиква		Shopping_ads		
53-013	dup:Тиква		Shopping_ads		
53-014	dup:Гарбуз		Shopping_ads		
53-015	dup:Тиква		Shopping_ads		
53-016	dup:Гарбуз		Shopping_ads	ne_v_nayavnosti	
5301-6130	dup:Гарбуз		Shopping_ads		
5301-650	dup:Гарбуз		Shopping_ads		
5301-690	dup:Гарбуз		Shopping_ads		
5301-8160	dup:Гарбуз		Shopping_ads		
5301-8230	dup:Гарбуз		Shopping_ads		
5399	dup:Тиква		Shopping_ads		
54-001	dup:Гарбуз		Shopping_ads		
54-002	dup:Гарбуз		Shopping_ads		
54-003	dup:Гарбуз		Shopping_ads		
54-004	dup:Гарбуз		Shopping_ads		
54-005	dup:Гарбуз		Shopping_ads		
54-006	dup:Гарбуз		Shopping_ads		
54-008	dup:Гарбуз		Shopping_ads		
54-009	dup:Гарбуз		Shopping_ads		prybutok
54-010	dup:Гарбуз		Shopping_ads		prybutok
54-012	dup:Гарбуз		Shopping_ads		prybutok
54-013	dup:Гарбуз		Shopping_ads		prybutok
54-015	dup:Гарбуз		Shopping_ads		
54-016	dup:Гарбуз		Shopping_ads		prybutok
54-017	dup:Гарбуз		Shopping_ads		
54-018	dup:Гарбуз		Shopping_ads		
54-019	dup:Гарбуз		Shopping_ads		
54-020	dup:Гарбуз		Shopping_ads		
54-022	dup:Тиква		Shopping_ads		
54-023	dup:Тиква		Shopping_ads		
54-024	dup:Тиква		Shopping_ads		
54-025	dup:Тиква		Shopping_ads		
54-026	dup:Тиква		Shopping_ads		
54-027	dup:Тиква		Shopping_ads		
54-028	dup:Тиква		Shopping_ads		
54-029	dup:Тиква		Shopping_ads		
54-030	dup:Тиква		Shopping_ads		
54-031	dup:Тиква		Shopping_ads		
54-033	dup:Тиква		Shopping_ads		
54-034	dup:Тиква		Shopping_ads		
54-035	dup:Тиква		Shopping_ads		
54-036	dup:Тиква		Shopping_ads		
54-037	dup:Тиква		Shopping_ads		
54-038	dup:Тиква		Shopping_ads		
54-039	dup:Тиква		Shopping_ads		
54-040	dup:Тиква		Shopping_ads		
54-041	dup:Тиква		Shopping_ads		
54-042	dup:Тиква		Shopping_ads		
54-043	dup:Гарбуз		Shopping_ads		
54-044	dup:Гарбуз		Shopping_ads		
54-045	dup:Гарбуз		Shopping_ads		
54-046	dup:Гарбуз		Shopping_ads		
54-047	dup:Гарбуз		Shopping_ads		
54-048	dup:Гарбуз		Shopping_ads		
54-049	dup:Гарбуз		Shopping_ads		
54-050	dup:Гарбуз		Shopping_ads		
54-051	dup:Гарбуз		Shopping_ads		prybutok
54-052	dup:Гарбуз		Shopping_ads		
54-053	dup:Гарбуз		Shopping_ads		
54-054	dup:Гарбуз		Shopping_ads		
54-055	dup:Гарбуз		Shopping_ads		
54-056	dup:Гарбуз		Shopping_ads		
54-058	dup:Гарбуз		Shopping_ads		
54-059	dup:Гарбуз		Shopping_ads		
54-065	dup:Тиква		Shopping_ads		
54-071	dup:Тиква		Shopping_ads	ne_v_nayavnosti	
54-090	dup:Гарбуз		Shopping_ads		
54-091	dup:Гарбуз		Shopping_ads		
54-092	dup:Гарбуз		Shopping_ads		
54-093	dup:Гарбуз		Shopping_ads		
54-094	dup:Гарбуз		Shopping_ads		
54-096	dup:Гарбуз		Shopping_ads		
54-097	dup:Едім				
54-098	dup:Тиква		Shopping_ads		
54-099	dup:Тиква		Shopping_ads		
54-101	dup:Тиква		Shopping_ads		
54-104	dup:Тиква		Shopping_ads		
54-105	dup:Тиква		Shopping_ads		
54-106	dup:Тиква		Shopping_ads	ne_v_nayavnosti	
54-107	dup:Тиква		Shopping_ads	ne_v_nayavnosti	
54-109	dup:Гарбуз		Shopping_ads	ne_v_nayavnosti	
54-110	dup:Гарбуз		Shopping_ads	ne_v_nayavnosti	
54-111	dup:Гарбуз		Shopping_ads	ne_v_nayavnosti	
54-112	dup:Едім		Shopping_ads	ne_v_nayavnosti	
54-113	dup:Гарбуз		Shopping_ads	ne_v_nayavnosti	
54-114	dup:Гарбуз		Shopping_ads	ne_v_nayavnosti	
54-115	dup:Гарбуз		Shopping_ads	ne_v_nayavnosti	
54-116	dup:Гарбуз		Shopping_ads	ne_v_nayavnosti	
54-126	dup:Гарбуз		Shopping_ads	ne_v_nayavnosti	
54-128	dup:Гарбуз		Shopping_ads	ne_v_nayavnosti	
54-129	dup:Гарбуз		Shopping_ads	ne_v_nayavnosti	
54-130	dup:Гарбуз		Shopping_ads	ne_v_nayavnosti	
54-132	dup:Гарбуз		Shopping_ads	ne_v_nayavnosti	
54-133	dup:Гарбуз		Shopping_ads	ne_v_nayavnosti	
54-135	dup:Тиква		Shopping_ads		
54-136	dup:Гарбуз		Shopping_ads		
54-138	dup:Тиква		Shopping_ads		
54-141	dup:Гарбуз		Shopping_ads		
54-143	dup:Гарбуз		Shopping_ads		
54-145	dup:Гарбуз		Shopping_ads		
54-146	dup:Гарбуз		Shopping_ads		
54-149	dup:Гарбуз		Shopping_ads		
54-150	dup:Гарбуз		Shopping_ads		
54-153	dup:Гарбуз		Shopping_ads		
54-154	dup:Гарбуз		Shopping_ads		
54-156	dup:Тиква		Shopping_ads		
54-157	dup:Тиква		Shopping_ads		
54-158	dup:Гарбуз		Shopping_ads	ne_v_nayavnosti	
54-159	dup:Тиква		Shopping_ads		
54-160	dup:Тиква		Shopping_ads		
54-161	dup:Тиква		Shopping_ads		
54-162	dup:Тиква		Shopping_ads	ne_v_nayavnosti	
54-163	dup:Тиква		Shopping_ads	ne_v_nayavnosti	
54-164	dup:Тиква		Shopping_ads		
54-165	dup:Тиква		Shopping_ads		
54-167	dup:Тиква		Shopping_ads		
54-168	dup:Тиква		Shopping_ads		
54-169	dup:Тиква		Shopping_ads	ne_v_nayavnosti	
54-170	dup:Тиква		Shopping_ads		
54-171	dup:Тиква		Shopping_ads		
54-172	dup:Тиква		Shopping_ads		
54-173	dup:Едім				
54-174	dup:Тиква		Shopping_ads		
54-175	dup:Тиква		Shopping_ads		
54-176	dup:Тиква		Shopping_ads		
5468	dup:Гарбуз		Shopping_ads		prybutok
55-001	dup:Гарбуз		Shopping_ads	ne_v_nayavnosti	
55-002	dup:Гарбуз		Shopping_ads	ne_v_nayavnosti	
55-003	dup:Тиква		Shopping_ads		
5501	dup:Тиква		Shopping_ads		
5502	dup:Гарбуз		Shopping_ads		
5503	dup:Тиква		Shopping_ads	ne_v_nayavnosti	
7-001	dup:Тиква		Shopping_ads		
7-002-001	dup:Тиква		Shopping_ads		
7-002-002	dup:Едім				
7-002-003	dup:Гарбуз		Shopping_ads		
7-003	dup:Гарбуз		Shopping_ads		
7-004	dup:Тиква		Shopping_ads		
7-005	dup:Гарбуз		Shopping_ads		
7-006	dup:Тиква		Shopping_ads		
7-007	dup:Гарбуз		Shopping_ads		
7-008	dup:Гарбуз		Shopping_ads		
7-010	dup:Тиква		Shopping_ads		
7-019	dup:Гарбуз		Shopping_ads		
7-020	dup:Гарбуз		Shopping_ads		
7-021	dup:Гарбуз		Shopping_ads		
7-022	dup:Тиква		Shopping_ads		
70-001	dup:Гарбуз		Shopping_ads	season_off	
70-002	dup:Гарбуз		Shopping_ads	season_off	
70-003	dup:Гарбуз		Shopping_ads	season_off	
70-004	dup:Гарбуз		Shopping_ads	season_off	
70-011	dup:Гарбуз		Shopping_ads	ne_v_nayavnosti	
70-012	dup:Гарбуз		Shopping_ads	ne_v_nayavnosti	
70-015	dup:Гарбуз		Shopping_ads	ne_v_nayavnosti	
70-017	dup:Гарбуз		Shopping_ads	ne_v_nayavnosti	
70-018	dup:Гарбуз		Shopping_ads	ne_v_nayavnosti	
70-019	dup:Гарбуз		Shopping_ads	ne_v_nayavnosti	
70-020	dup:Гарбуз		Shopping_ads	season_off	
70-021	dup:Гарбуз		Shopping_ads	ne_v_nayavnosti	
70-022	dup:Гарбуз		Shopping_ads	ne_v_nayavnosti	
70-023	dup:Гарбуз		Shopping_ads	ne_v_nayavnosti	
70-024	dup:Гарбуз		Shopping_ads	ne_v_nayavnosti	
70-025	dup:Гарбуз		Shopping_ads	ne_v_nayavnosti	
70-026	dup:Гарбуз		Shopping_ads	ne_v_nayavnosti	
70-027	dup:Гарбуз		Shopping_ads	season_off	
70-029	dup:Гарбуз		Shopping_ads	season_off	
70-030	dup:Гарбуз		Shopping_ads	season_off	
70-031	dup:Гарбуз		Shopping_ads	season_off	
70-032	dup:Гарбуз		Shopping_ads	season_off	
70-033	dup:Гарбуз		Shopping_ads	season_off	
70-034	dup:Гарбуз		Shopping_ads	season_off	
70-040	dup:Гарбуз		Shopping_ads	ne_v_nayavnosti	
70-041	dup:Гарбуз		Shopping_ads	ne_v_nayavnosti	prybutok
70-042	dup:Гарбуз		Shopping_ads	ne_v_nayavnosti	
70-043	dup:Гарбуз		Shopping_ads	ne_v_nayavnosti	
70-044	dup:Гарбуз		Shopping_ads	ne_v_nayavnosti	prybutok
808	dup:Тиква		Shopping_ads		
940008	dup:Гарбуз		Shopping_ads		
969	dup:Гарбуз		Shopping_ads		
985	dup:Гарбуз		Shopping_ads		
BB-20405	dup:Гарбуз		Shopping_ads		prybutok
HT-19-001	dup:Тиква		Shopping_ads		
HT-19-002	dup:Тиква		Shopping_ads		
HT-19-003	dup:Гарбуз		Shopping_ads		
HT-33-001	dup:Едім		Shopping_ads	ne_v_nayavnosti	
HT-33-005	dup:Тиква		Shopping_ads		
HT-46-001	dup:Гарбуз		Shopping_ads		
HT-46-002	dup:Гарбуз		Shopping_ads		
IT-10060	dup:Тиква		Shopping_ads		
IT-10061	dup:Тиква		Shopping_ads		
IT-10062	dup:Тиква		Shopping_ads		
IT-10064	dup:Тиква		Shopping_ads		
IT-10065	dup:Тиква		Shopping_ads		
IT-20121	dup:Тиква		Shopping_ads		
IT-20122	dup:Тиква		Shopping_ads		
IT-20123	dup:Тиква		Shopping_ads		
IT-20124	dup:Тиква		Shopping_ads		
IT-20125	dup:Тиква		Shopping_ads		
IT-20126	dup:Тиква		Shopping_ads		
IT-25151	dup:Гарбуз		Shopping_ads		
IT-25152	dup:Гарбуз		Shopping_ads		
IT-30181	dup:Тиква		Shopping_ads		
IT-30182	dup:Тиква		Shopping_ads		
IT-30183	dup:Гарбуз		Shopping_ads		
IT-30184	dup:Гарбуз		Shopping_ads		
IT-30185	dup:Тиква		Shopping_ads		
IT-30186	dup:Гарбуз		Shopping_ads		
IT-50301	dup:Гарбуз		Shopping_ads		
IT-50302	dup:Гарбуз		Shopping_ads		
IT-50303	dup:Гарбуз		Shopping_ads		
IT-50304	dup:Гарбуз		Shopping_ads		
IT-50305	dup:Гарбуз		Shopping_ads		
IT-50306	dup:Гарбуз		Shopping_ads		
N961	dup:Гарбуз		Shopping_ads		
N963	dup:Гарбуз		Shopping_ads		
PLX-01-009	dup:Едім				
PLX-01-01-002	dup:Гарбуз		Shopping_ads		
PLX-01-01-004	dup:Гарбуз		Shopping_ads	ne_v_prajsi	
PLX-01-010	dup:Гарбуз		Shopping_ads		
PLX-01-011	dup:Гарбуз		Shopping_ads		
PLX-01-012	dup:Гарбуз		Shopping_ads		
PLX-01-013	dup:Едім				
PLX-01-0144	dup:Гарбуз		Shopping_ads		
PLX-01-015	dup:Гарбуз		Shopping_ads		
PLX-01-016	dup:Гарбуз		Shopping_ads		
PLX-01-0177	dup:Гарбуз		Shopping_ads		
PLX-01-03-003	dup:Гарбуз		Shopping_ads		
PLX-01-03-005	dup:Гарбуз		Shopping_ads	ne_v_prajsi	
PLX-01-03-006	dup:Едім				
PLX-01-03-010	dup:Едім				
PLX-01-03-011	dup:Гарбуз		Shopping_ads		
PLX-01-03-015	dup:Гарбуз		Shopping_ads		
PLX-01-03-016	dup:Гарбуз		Shopping_ads		
PLX-01-03-017	dup:Гарбуз		Shopping_ads		
PLX-01-04-005	dup:Гарбуз		Shopping_ads	ne_v_prajsi	
PLX-01-09-001	dup:Гарбуз		Shopping_ads		
PLX-01-09-005	dup:Гарбуз		Shopping_ads		
PLX-01-09-PB	dup:Гарбуз		Shopping_ads		
PLX-01-100-001	dup:Едім				
PLX-01-17-005	dup:Гарбуз		Shopping_ads		
PLX-01-20-002	dup:Гарбуз		Shopping_ads		
PLX-01-20-003	dup:Гарбуз		Shopping_ads		
PLX-01-20-005	dup:Гарбуз		Shopping_ads		cina
PLX-01-21-005	dup:Гарбуз		Shopping_ads		prybutok
PLX-01-22-005	dup:Гарбуз		Shopping_ads		
PLX-01-22-006	dup:Гарбуз		Shopping_ads		
PLX-01-22-007	dup:Гарбуз		Shopping_ads		
PLX-01-22-008	dup:Гарбуз		Shopping_ads		
PLX-01-22-009	dup:Гарбуз		Shopping_ads		
PLX-01-22-011	dup:Гарбуз		Shopping_ads		
PLX-01-22-013	dup:Едім				
PLX-01-22-014	dup:Едім				
PLX-01-22-015	dup:Едім				
PLX-01-22-016	dup:Гарбуз		Shopping_ads		
PLX-01-22-017	dup:Едім				
PLX-01-22-019	dup:Гарбуз		Shopping_ads		
PLX-01-33-003	dup:Гарбуз		Shopping_ads		
PLX-01-33-004	dup:Гарбуз		Shopping_ads		
PLX-01-35-001	dup:Гарбуз		Shopping_ads		
PLX-01-35-002	dup:Гарбуз		Shopping_ads		
PLX-01-36-002	dup:Гарбуз		Shopping_ads		
PLX-01-36-004	dup:Едім				
PLX-01-36-005	dup:Гарбуз		Shopping_ads		
PLX-01-39-001	dup:Гарбуз		Shopping_ads		
PLX-01-39-002	dup:Едім				
PLX-01-43-002	dup:Гарбуз		Shopping_ads		
PLX-01-45-003	dup:Гарбуз		Shopping_ads		
PLX-01-45-004	dup:Гарбуз		Shopping_ads		
PLX-01-49-001	dup:Гарбуз		Shopping_ads		
PLX-01-50	dup:Гарбуз		Shopping_ads		
PLX-01-55	dup:Едім				
PLX-01-62-001	dup:Гарбуз		Shopping_ads		
PLX-01-62-002	dup:Гарбуз		Shopping_ads		
PLX-01-63-001	dup:Гарбуз		Shopping_ads		
PLX-01-63-002	dup:Гарбуз		Shopping_ads		
PLX-01-63-003	dup:Гарбуз		Shopping_ads		
PLX-01-63-004	dup:Гарбуз		Shopping_ads		
PLX-01-63-005	dup:Гарбуз		Shopping_ads		
PLX-01-63-006	dup:Гарбуз		Shopping_ads		
PLX-01-64-003	dup:Гарбуз		Shopping_ads		
PLX-01-64-004	dup:Гарбуз		Shopping_ads		
PLX-01-64-005	dup:Гарбуз		Shopping_ads		
PLX-01-64-006	dup:Гарбуз		Shopping_ads		
PLX-01-64-010	dup:Гарбуз		Shopping_ads		
PLX-01-66a-005	dup:Гарбуз		Shopping_ads		
PLX-01-66а-006	dup:Гарбуз		Shopping_ads		
PLX-01-72-002	dup:Гарбуз		Shopping_ads		
PLX-01-72-003	dup:Гарбуз		Shopping_ads		
PLX-01-72-005a	dup:Гарбуз		Shopping_ads	ne_v_prajsi	
PLX-01-74-001	dup:Гарбуз		Shopping_ads		
PLX-01-74-002	dup:Гарбуз		Shopping_ads		
PLX-01-74-003	dup:Гарбуз		Shopping_ads		
PLX-01-74-004	dup:Едім				
PLX-01-74-005	dup:Гарбуз		Shopping_ads	ne_v_prajsi	
PLX-01-74-009	dup:Гарбуз		Shopping_ads	ne_v_prajsi	
PLX-01-74-012	dup:Гарбуз		Shopping_ads		
PLX-01-74-015	dup:Гарбуз		Shopping_ads		
PLX-01-74-017	dup:Гарбуз		Shopping_ads		
PLX-01-74-018	dup:Гарбуз		Shopping_ads		
PLX-01-762	dup:Гарбуз		Shopping_ads		
PLX-01-78-005	dup:Едім				
PLX-01-78-010	dup:Гарбуз		Shopping_ads		
PLX-01-84-001	dup:Гарбуз		Shopping_ads		
PLX-01-84-002	dup:Гарбуз		Shopping_ads		
PLX-01-84-003	dup:Гарбуз		Shopping_ads		
PLX-01-84-004	dup:Гарбуз		Shopping_ads		
PLX-01-84-005	dup:Гарбуз		Shopping_ads		
PLX-01-84-006	dup:Гарбуз		Shopping_ads	ne_v_prajsi	
PLX-01-85-001	dup:Гарбуз		Shopping_ads		
PLX-01-85-002	dup:Гарбуз		Shopping_ads		
PLX-01-87-008	dup:Гарбуз		Shopping_ads		
PLX-02-001	dup:Гарбуз		Shopping_ads		
PLX-02-002	dup:Гарбуз		Shopping_ads		
PLX-02-003	dup:Гарбуз		Shopping_ads		
PLX-02-013	dup:Гарбуз		Shopping_ads		
PLX-02-015	dup:Гарбуз		Shopping_ads		
PLX-02-016	dup:Гарбуз		Shopping_ads		
PLX-02-018	dup:Гарбуз		Shopping_ads		
PLX-02-019	dup:Гарбуз		Shopping_ads		
PLX-02-020					prybutok
PLX-02-022	dup:Гарбуз		Shopping_ads		
PLX-02-025	dup:Гарбуз		Shopping_ads		
PLX-02.51-KMA	dup:Гарбуз		Shopping_ads		
PLX-02.61-KMA	dup:Гарбуз		Shopping_ads		
PLX-0252PL	dup:Гарбуз		Shopping_ads		
PLX-0254PL	dup:Едім				
PLX-03-001	dup:Гарбуз		Shopping_ads		
PLX-03-002	dup:Гарбуз		Shopping_ads		
PLX-03-003	dup:Гарбуз		Shopping_ads		
PLX-03-004	dup:Гарбуз		Shopping_ads		
PLX-03-005	dup:Гарбуз		Shopping_ads		
PLX-03-006	dup:Гарбуз		Shopping_ads		
PLX-03-007	dup:Гарбуз		Shopping_ads	ne_v_prajsi	
PLX-03-01-001	dup:Гарбуз		Shopping_ads		prybutok
PLX-03-011	dup:Гарбуз		Shopping_ads		
PLX-03-03-001	dup:Гарбуз		Shopping_ads		
PLX-03-03-002	dup:Гарбуз		Shopping_ads		
PLX-03-03-006	dup:Гарбуз		Shopping_ads		
PLX-03-03-009	dup:Едім				
PLX-03-03-SN	dup:Гарбуз		Shopping_ads		
PLX-03-04-002	dup:Едім				
PLX-03-04-004	dup:Едім				
PLX-03-04-006	dup:Гарбуз		Shopping_ads		
PLX-03-06-001	dup:Гарбуз		Shopping_ads		
PLX-03-06-003	dup:Едім				
PLX-03-06-008	dup:Гарбуз		Shopping_ads		
PLX-03-06-009	dup:Гарбуз		Shopping_ads		
PLX-03-06-010	dup:Гарбуз		Shopping_ads		
PLX-03-08-001	dup:Гарбуз		Shopping_ads		
PLX-03-08-002	dup:Гарбуз		Shopping_ads		
PLX-03-09-001	dup:Гарбуз		Shopping_ads		
PLX-03-09-002	dup:Гарбуз		Shopping_ads		
PLX-03-09-009	dup:Гарбуз		Shopping_ads		
PLX-03-09-012	dup:Гарбуз		Shopping_ads		
PLX-03-103-001	dup:Гарбуз		Shopping_ads		
PLX-03-103-002	dup:Гарбуз		Shopping_ads		
PLX-03-103-003	dup:Гарбуз		Shopping_ads		
PLX-03-104-001	dup:Гарбуз		Shopping_ads		
PLX-03-104-002	dup:Гарбуз		Shopping_ads		
PLX-03-104-003	dup:Гарбуз		Shopping_ads		
PLX-03-11-003	dup:Гарбуз		Shopping_ads		
PLX-03-11-006	dup:Гарбуз		Shopping_ads		
PLX-03-12-001	dup:Гарбуз		Shopping_ads		prybutok
PLX-03-12-003	dup:Гарбуз		Shopping_ads		prybutok
PLX-03-12-004	dup:Гарбуз		Shopping_ads		prybutok
PLX-03-12-006	dup:Гарбуз		Shopping_ads		
PLX-03-13-004	dup:Едім				
PLX-03-13-006	dup:Гарбуз		Shopping_ads		
PLX-03-16-001	dup:Гарбуз		Shopping_ads		
PLX-03-16-002	dup:Гарбуз		Shopping_ads		
PLX-03-16-004	dup:Гарбуз		Shopping_ads		
PLX-03-27-001	dup:Гарбуз		Shopping_ads		
PLX-03-27-002	dup:Гарбуз		Shopping_ads		
PLX-03-27-003	dup:Едім				
PLX-03-27-004	dup:Гарбуз		Shopping_ads		
PLX-03-39-001	dup:Гарбуз		Shopping_ads		
PLX-03-39-002	dup:Гарбуз		Shopping_ads		
PLX-03-39-003	dup:Гарбуз		Shopping_ads		
PLX-03-42-003	dup:Гарбуз		Shopping_ads		prybutok
PLX-03-42-004	dup:Гарбуз		Shopping_ads		prybutok
PLX-03-43-001	dup:Гарбуз		Shopping_ads		prybutok
PLX-03-43-002	dup:Гарбуз		Shopping_ads		prybutok
PLX-03-43-003	dup:Гарбуз		Shopping_ads		prybutok
PLX-03-43-004	dup:Гарбуз		Shopping_ads		prybutok
PLX-03-43-005	dup:Едім				
PLX-03-46-001	dup:Гарбуз		Shopping_ads		
PLX-03-46-002	dup:Гарбуз		Shopping_ads		
PLX-03-46-003	dup:Гарбуз		Shopping_ads		
PLX-03-46-004	dup:Гарбуз		Shopping_ads		
PLX-03-47-002	dup:Гарбуз		Shopping_ads		
PLX-03-47-003	dup:Гарбуз		Shopping_ads		
PLX-03-47-005	dup:Гарбуз		Shopping_ads		
PLX-03-49-001	dup:Гарбуз		Shopping_ads		
PLX-03-49-002	dup:Гарбуз		Shopping_ads		
PLX-03-52-001	dup:Едім				
PLX-03-52-002	dup:Гарбуз		Shopping_ads		
PLX-03-52-003	dup:Гарбуз		Shopping_ads		
PLX-03-53-002	dup:Гарбуз		Shopping_ads		
PLX-03-53-003	dup:Гарбуз		Shopping_ads		
PLX-0300-0001	dup:Гарбуз		Shopping_ads		
PLX-0301-IN-1263	dup:Гарбуз		Shopping_ads		prybutok
PLX-0301-IN-1264	dup:Гарбуз		Shopping_ads		prybutok
PLX-0301-IN-1265	dup:Гарбуз		Shopping_ads		
PLX-04-001	dup:Гарбуз		Shopping_ads		
PLX-04-002	dup:Гарбуз		Shopping_ads		
PLX-04-003	dup:Гарбуз		Shopping_ads		
PLX-04-004	dup:Гарбуз		Shopping_ads		
PLX-04-006					prybutok
PLX-04-007	dup:Гарбуз		Shopping_ads		
PLX-04-01-001	dup:Гарбуз		Shopping_ads		
PLX-04-06	dup:Гарбуз		Shopping_ads		
PLX-04-19	dup:Гарбуз		Shopping_ads		
PLX-04-29	dup:Гарбуз		Shopping_ads		
PLX-04-36	dup:Гарбуз		Shopping_ads		
PLX-04-696	dup:Гарбуз		Shopping_ads	season_off	
PLX-04.03	dup:Гарбуз		Shopping_ads		prybutok
PLX-04.06-S	dup:Гарбуз		Shopping_ads		
PLX-04.27	dup:Гарбуз		Shopping_ads		
PLX-04.27-S	dup:Гарбуз		Shopping_ads		
PLX-04.47	dup:Гарбуз		Shopping_ads		
PLX-04.51	dup:Гарбуз		Shopping_ads		
PLX-04.51-KMA	dup:Гарбуз		Shopping_ads		
PLX-04.51-S-3	dup:Гарбуз		Shopping_ads		
PLX-0400-0001	dup:Гарбуз		Shopping_ads		
PLX-0400-0002	dup:Гарбуз		Shopping_ads		
PLX-0400-Б	dup:Гарбуз		Shopping_ads		
PLX-0493PL	dup:Гарбуз		Shopping_ads		
PLX-0498PL	dup:Гарбуз		Shopping_ads		
PLX-05-001	dup:Гарбуз		Shopping_ads		
PLX-05-002	dup:Гарбуз		Shopping_ads		
PLX-05-004	dup:Гарбуз		Shopping_ads		
PLX-05-005	dup:Гарбуз		Shopping_ads		
PLX-05-006	dup:Гарбуз		Shopping_ads		
PLX-05-363	dup:Гарбуз		Shopping_ads		
PLX-05-373	dup:Гарбуз		Shopping_ads		
PLX-05-381	dup:Гарбуз		Shopping_ads		
PLX-05-988	dup:Гарбуз		Shopping_ads	season_off	
PLX-05.41	dup:Гарбуз		Shopping_ads		
PLX-0500-0001	dup:Гарбуз		Shopping_ads		
PLX-06-094	dup:Гарбуз		Shopping_ads	season_off	prybutok
PLX-06-095	dup:Гарбуз		Shopping_ads		
PLX-06-096	dup:Гарбуз		Shopping_ads		
PLX-06-097	dup:Гарбуз		Shopping_ads		prybutok
PLX-06-129	dup:Гарбуз		Shopping_ads	season_off	
PLX-06-130	dup:Гарбуз		Shopping_ads		
PLX-06-533	dup:Гарбуз		Shopping_ads		
PLX-06.01	dup:Гарбуз		Shopping_ads		
PLX-06.02	dup:Гарбуз		Shopping_ads		
PLX-06.41	dup:Гарбуз		Shopping_ads		
PLX-06.43	dup:Едім				
PLX-06.51-K65	dup:Гарбуз		Shopping_ads		
PLX-06.61-K65	dup:Гарбуз		Shopping_ads		
PLX-0619-L-CP	dup:Гарбуз		Shopping_ads		
PLX-0619-L-PB	dup:Гарбуз		Shopping_ads		
PLX-0640-Б	dup:Гарбуз		Shopping_ads		
PLX-07-001	dup:Гарбуз		Shopping_ads		
PLX-07-002	dup:Гарбуз		Shopping_ads		
PLX-07-003	dup:Гарбуз		Shopping_ads		
PLX-07-004	dup:Гарбуз		Shopping_ads		
PLX-07-005	dup:Гарбуз		Shopping_ads		
PLX-07-006	dup:Гарбуз		Shopping_ads		
PLX-07-008	dup:Гарбуз		Shopping_ads		
PLX-07-012	dup:Гарбуз		Shopping_ads		
PLX-07-015	dup:Гарбуз		Shopping_ads		
PLX-07-016	dup:Гарбуз		Shopping_ads		
PLX-0700-Б	dup:Гарбуз		Shopping_ads		
PLX-0710-Б	dup:Гарбуз		Shopping_ads		
PLX-0760-Б	dup:Едім				
PLX-08-001	dup:Гарбуз		Shopping_ads		
PLX-08-002	dup:Гарбуз		Shopping_ads		
PLX-08-003	dup:Гарбуз		Shopping_ads		
PLX-08-004	dup:Гарбуз		Shopping_ads		
PLX-08-005	dup:Гарбуз		Shopping_ads		
PLX-08-006	dup:Гарбуз		Shopping_ads		
PLX-08-007	dup:Гарбуз		Shopping_ads		
PLX-08-401	dup:Гарбуз		Shopping_ads	season_off	
PLX-08-444	dup:Гарбуз		Shopping_ads		
PLX-08-445	dup:Едім				
PLX-08-446	dup:Гарбуз		Shopping_ads		
PLX-08.08M	dup:Гарбуз		Shopping_ads		
PLX-0821PL	dup:Едім				
PLX-09-001	dup:Гарбуз		Shopping_ads		
PLX-09-002	dup:Гарбуз		Shopping_ads		
PLX-09-003	dup:Гарбуз		Shopping_ads		
PLX-09-004	dup:Гарбуз		Shopping_ads		
PLX-09-005	dup:Гарбуз		Shopping_ads		
PLX-09-006	dup:Гарбуз		Shopping_ads		
PLX-09-201	dup:Гарбуз		Shopping_ads		
PLX-09-208	dup:Гарбуз		Shopping_ads		
PLX-09-209	dup:Гарбуз		Shopping_ads		
PLX-09-210	dup:Гарбуз		Shopping_ads		
PLX-09-211	dup:Гарбуз		Shopping_ads		
PLX-09-350	dup:Гарбуз		Shopping_ads		
PLX-09-351	dup:Гарбуз		Shopping_ads		
PLX-09-354	dup:Гарбуз		Shopping_ads		
PLX-09-355	dup:Гарбуз		Shopping_ads		
PLX-09-356	dup:Гарбуз		Shopping_ads		
PLX-09-357	dup:Гарбуз		Shopping_ads		
PLX-09-358	dup:Гарбуз		Shopping_ads		
PLX-09-359	dup:Гарбуз		Shopping_ads		
PLX-09-451	dup:Гарбуз		Shopping_ads		
PLX-09-452	dup:Едім				
PLX-09-453	dup:Гарбуз		Shopping_ads		
PLX-09-454	dup:Гарбуз		Shopping_ads		
PLX-09-455	dup:Гарбуз		Shopping_ads		
PLX-09-456	dup:Едім				
PLX-09-457	dup:Гарбуз		Shopping_ads		
PLX-09-458	dup:Гарбуз		Shopping_ads		
PLX-09-459	dup:Гарбуз		Shopping_ads		
PLX-09-460	dup:Гарбуз		Shopping_ads		
PLX-09-782	dup:Гарбуз		Shopping_ads		
PLX-09-783	dup:Гарбуз		Shopping_ads		
PLX-09-784	dup:Гарбуз		Shopping_ads		
PLX-09-788	dup:Гарбуз		Shopping_ads	season_off	
PLX-09-789	dup:Гарбуз		Shopping_ads	season_off	
PLX-0900-0002	dup:Гарбуз		Shopping_ads		
PLX-1-001-002	dup:Гарбуз		Shopping_ads		
PLX-1-001-004	dup:Гарбуз		Shopping_ads		
PLX-1-002-014	dup:Гарбуз		Shopping_ads		stop
PLX-1-004-005	dup:Гарбуз		Shopping_ads		
PLX-1-004-018	dup:Гарбуз		Shopping_ads		
PLX-1-004-SN	dup:Гарбуз		Shopping_ads		
PLX-1-007-001	dup:Гарбуз		Shopping_ads		
PLX-1-007-004	dup:Гарбуз		Shopping_ads		
PLX-1-008-002	dup:Гарбуз		Shopping_ads		
PLX-1-008-003	dup:Гарбуз		Shopping_ads		
PLX-1-008-005	dup:Гарбуз		Shopping_ads		
PLX-1-009-005	dup:Гарбуз		Shopping_ads		
PLX-1-009-PC	dup:Гарбуз		Shopping_ads		
PLX-1-01	dup:Гарбуз		Shopping_ads		
PLX-1-010A-003	dup:Гарбуз		Shopping_ads		
PLX-1-010A-005	dup:Гарбуз		Shopping_ads		
PLX-1-010A-006	dup:Гарбуз		Shopping_ads		
PLX-1-015-001	dup:Гарбуз		Shopping_ads		
PLX-1-015-002	dup:Едім				
PLX-1-015-009	dup:Гарбуз		Shopping_ads		
PLX-1-025b-001	dup:Гарбуз		Shopping_ads		
PLX-1-026-003	dup:Гарбуз		Shopping_ads		
PLX-1-03	dup:Гарбуз		Shopping_ads		
PLX-1-038-005	dup:Гарбуз		Shopping_ads		
PLX-1-038-006	dup:Гарбуз		Shopping_ads		
PLX-1-038-007	dup:Гарбуз		Shopping_ads		stop
PLX-1-038-008	dup:Гарбуз		Shopping_ads		
PLX-1-038-009	dup:Гарбуз		Shopping_ads		
PLX-1-038-016	dup:Гарбуз		Shopping_ads		
PLX-1-038-021	dup:Гарбуз		Shopping_ads		
PLX-1-038-Black	dup:Гарбуз		Shopping_ads		
PLX-1-04	dup:Гарбуз		Shopping_ads		
PLX-1-040-001	dup:Гарбуз		Shopping_ads		prybutok
PLX-1-040-003	dup:Гарбуз		Shopping_ads		
PLX-1-040-004	dup:Гарбуз		Shopping_ads	ne_v_prajsi	prybutok
PLX-1-040-005	dup:Гарбуз		Shopping_ads		prybutok
PLX-1-044-002	dup:Гарбуз		Shopping_ads		
PLX-1-05	dup:Гарбуз		Shopping_ads		
PLX-1-06	dup:Гарбуз		Shopping_ads		
PLX-1-07	dup:Гарбуз		Shopping_ads		
PLX-1-08	dup:Гарбуз		Shopping_ads		
PLX-1-09	dup:Гарбуз		Shopping_ads		
PLX-1-10	dup:Гарбуз		Shopping_ads		
PLX-1-11	dup:Гарбуз		Shopping_ads		
PLX-1-14	dup:Гарбуз		Shopping_ads		prybutok
PLX-1-15	dup:Гарбуз		Shopping_ads		
PLX-10-001	dup:Гарбуз		Shopping_ads		
PLX-10-003	dup:Гарбуз		Shopping_ads		
PLX-10-005	dup:Гарбуз		Shopping_ads		
PLX-10-01	dup:Гарбуз		Shopping_ads		
PLX-10-02-001	dup:Гарбуз		Shopping_ads		
PLX-10-03-001	dup:Гарбуз		Shopping_ads		
PLX-10-05-001	dup:Гарбуз		Shopping_ads		
PLX-10-05-003	dup:Гарбуз		Shopping_ads		
PLX-10-05-005	dup:Гарбуз		Shopping_ads		
PLX-10-06-002	dup:Гарбуз		Shopping_ads		
PLX-10-07-002	dup:Гарбуз		Shopping_ads		
PLX-10-08-001	dup:Гарбуз		Shopping_ads		
PLX-10-08-003	dup:Гарбуз		Shopping_ads		
PLX-10-08-004	dup:Гарбуз		Shopping_ads		
PLX-10-08-005	dup:Гарбуз		Shopping_ads		
PLX-10-09-002	dup:Гарбуз		Shopping_ads		
PLX-10-09-003	dup:Гарбуз		Shopping_ads		
PLX-10-09-004	dup:Гарбуз		Shopping_ads		
PLX-10-10-002	dup:Гарбуз		Shopping_ads		
PLX-10-10-003	dup:Гарбуз		Shopping_ads		
PLX-10-10-004	dup:Гарбуз		Shopping_ads		
PLX-10-10066	dup:Гарбуз		Shopping_ads		
PLX-10-11-003	dup:Гарбуз		Shopping_ads		
PLX-10-11-005-AB	dup:Гарбуз		Shopping_ads		
PLX-10-111	dup:Гарбуз		Shopping_ads		prybutok
PLX-10-112	dup:Гарбуз		Shopping_ads	season_off	
PLX-10-113	dup:Гарбуз		Shopping_ads	season_off	
PLX-10-114	dup:Гарбуз		Shopping_ads		prybutok
PLX-10-115	dup:Гарбуз		Shopping_ads		
PLX-10-116	dup:Гарбуз		Shopping_ads	season_off	
PLX-10-117	dup:Гарбуз		Shopping_ads	season_off	prybutok
PLX-10-118	dup:Гарбуз		Shopping_ads	season_off	
PLX-10-119	dup:Гарбуз		Shopping_ads	season_off	
PLX-10-12-001	dup:Едім				
PLX-10-12-002	dup:Гарбуз		Shopping_ads		
PLX-10-12-004	dup:Гарбуз		Shopping_ads		
PLX-10-15-003-AB	dup:Гарбуз		Shopping_ads		
PLX-10-15-004-SN	dup:Гарбуз		Shopping_ads		
PLX-10-15-006-ORB(SB)	dup:Гарбуз		Shopping_ads		
PLX-10-15a-005-GRAFIT	dup:Гарбуз		Shopping_ads		
PLX-10-15a-006-ORB (SB)	dup:Гарбуз		Shopping_ads		
PLX-10-15а-004-AB	dup:Гарбуз		Shopping_ads		
PLX-10-19	dup:Гарбуз		Shopping_ads		
PLX-10-21-004	dup:Гарбуз		Shopping_ads		
PLX-10-24-001	dup:Гарбуз		Shopping_ads		
PLX-10-25	dup:Гарбуз		Shopping_ads		
PLX-10-26	dup:Гарбуз		Shopping_ads		
PLX-10-27	dup:Гарбуз		Shopping_ads		
PLX-10-289	dup:Гарбуз		Shopping_ads		
PLX-10-29-002	dup:Гарбуз		Shopping_ads		
PLX-10-29-004	dup:Гарбуз		Shopping_ads		
PLX-10-290	dup:Гарбуз		Shopping_ads		
PLX-10-31-001	dup:Гарбуз		Shopping_ads		
PLX-10-31-002	dup:Едім				
PLX-10-31-003	dup:Едім				
PLX-10-32-004	dup:Гарбуз		Shopping_ads		
PLX-10-32-005	dup:Гарбуз		Shopping_ads		
PLX-10-32-012	dup:Гарбуз		Shopping_ads		
PLX-10-33-001	dup:Гарбуз		Shopping_ads		
PLX-10-33-004	dup:Гарбуз		Shopping_ads		
PLX-10-33-005	dup:Гарбуз		Shopping_ads		
PLX-10-33-007	dup:Гарбуз		Shopping_ads		
PLX-10-33-008	dup:Гарбуз		Shopping_ads		
PLX-10-33-009	dup:Гарбуз		Shopping_ads		
PLX-10-33-012	dup:Гарбуз		Shopping_ads		
PLX-10-34-001	dup:Гарбуз		Shopping_ads		
PLX-10-34-003	dup:Гарбуз		Shopping_ads		
PLX-10-34-004	dup:Гарбуз		Shopping_ads		
PLX-10-356	dup:Гарбуз		Shopping_ads		
PLX-10-362	dup:Гарбуз		Shopping_ads		
PLX-10-37-001	dup:Гарбуз		Shopping_ads		
PLX-10-38	dup:Гарбуз		Shopping_ads		
PLX-10-387	dup:Едім				
PLX-10-388	dup:Едім				
PLX-10-389	dup:Едім				
PLX-10-390	dup:Гарбуз		Shopping_ads		
PLX-10-391	dup:Гарбуз		Shopping_ads		
PLX-10-405	dup:Гарбуз		Shopping_ads		
PLX-10-41	dup:Гарбуз		Shopping_ads		
PLX-10-419			Shopping_ads	season_off	
PLX-10-42	dup:Гарбуз		Shopping_ads		
PLX-10-420	dup:Гарбуз		Shopping_ads	season_off	
PLX-10-421	dup:Гарбуз		Shopping_ads	season_off	
PLX-10-43-001	dup:Гарбуз		Shopping_ads		
PLX-10-43-002	dup:Гарбуз		Shopping_ads		
PLX-10-44-001	dup:Гарбуз		Shopping_ads		
PLX-10-44-002	dup:Гарбуз		Shopping_ads		
PLX-10-45	dup:Гарбуз		Shopping_ads		
PLX-10-45-001	dup:Гарбуз		Shopping_ads		
PLX-10-46	dup:Гарбуз		Shopping_ads		
PLX-10-50	dup:Едім				
PLX-10-51	dup:Гарбуз		Shopping_ads		
PLX-10-52	dup:Гарбуз		Shopping_ads		
PLX-10-54-001-PB	dup:Гарбуз		Shopping_ads		
PLX-10-54-002-PC	dup:Едім				
PLX-10-54-004-АВ	dup:Гарбуз		Shopping_ads		
PLX-10-54-005-ORB	dup:Едім				
PLX-10-565	dup:Гарбуз		Shopping_ads		
PLX-10-579	dup:Гарбуз		Shopping_ads		
PLX-10-599	dup:Едім				
PLX-10-60-002	dup:Гарбуз		Shopping_ads		
PLX-10-600	dup:Гарбуз		Shopping_ads		
PLX-10-65-001	dup:Гарбуз		Shopping_ads		
PLX-10-65-002	dup:Гарбуз		Shopping_ads		
PLX-10-65-003	dup:Гарбуз		Shopping_ads		
PLX-10-65-005	dup:Гарбуз		Shopping_ads		
PLX-10-65-006	dup:Гарбуз		Shopping_ads		
PLX-10-655	dup:Гарбуз		Shopping_ads		
PLX-10-656	dup:Гарбуз		Shopping_ads		
PLX-10-657	dup:Гарбуз		Shopping_ads		
PLX-10-659	dup:Гарбуз		Shopping_ads		
PLX-10-66-005	dup:Гарбуз		Shopping_ads		
PLX-10-660	dup:Гарбуз		Shopping_ads		
PLX-10-661	dup:Гарбуз		Shopping_ads		
PLX-10-688	dup:Гарбуз		Shopping_ads		
PLX-10-689	dup:Гарбуз		Shopping_ads		
PLX-10-690	dup:Едім				
PLX-10-691	dup:Гарбуз		Shopping_ads		
PLX-10-692	dup:Гарбуз		Shopping_ads		
PLX-10-693	dup:Гарбуз		Shopping_ads		
PLX-10-694	dup:Гарбуз		Shopping_ads		
PLX-10-695	dup:Гарбуз		Shopping_ads		
PLX-10-696	dup:Гарбуз		Shopping_ads		
PLX-10-697	dup:Гарбуз		Shopping_ads		
PLX-100-004	dup:Гарбуз		Shopping_ads		
PLX-100-005	dup:Гарбуз		Shopping_ads		stop
PLX-100-005с	dup:Гарбуз		Shopping_ads		
PLX-100-006	dup:Гарбуз		Shopping_ads		
PLX-100-007	dup:Гарбуз		Shopping_ads		
PLX-100-008	dup:Гарбуз		Shopping_ads		
PLX-100-008с	dup:Гарбуз		Shopping_ads		
PLX-100-010	dup:Гарбуз		Shopping_ads		
PLX-100-010с	dup:Гарбуз		Shopping_ads		
PLX-100-011	dup:Гарбуз		Shopping_ads		
PLX-100-015	dup:Гарбуз		Shopping_ads		
PLX-100-020	dup:Гарбуз		Shopping_ads		
PLX-100-021	dup:Гарбуз		Shopping_ads		prybutok
PLX-100-022	dup:Гарбуз		Shopping_ads		prybutok
PLX-100-023	dup:Гарбуз		Shopping_ads		prybutok
PLX-100-024	dup:Гарбуз		Shopping_ads		prybutok
PLX-100-025	dup:Гарбуз		Shopping_ads		
PLX-100-029	dup:Гарбуз		Shopping_ads		
PLX-100-030	dup:Едім				
PLX-100-031	dup:Гарбуз		Shopping_ads		
PLX-100-032	dup:Едім				
PLX-100-033	dup:Гарбуз		Shopping_ads		
PLX-100-033с	dup:Гарбуз		Shopping_ads		
PLX-100-034	dup:Гарбуз		Shopping_ads		
PLX-100-035	dup:Едім				
PLX-100-036	dup:Гарбуз		Shopping_ads		
PLX-100-037	dup:Гарбуз		Shopping_ads		
PLX-100-038	dup:Гарбуз		Shopping_ads		
PLX-100-038с	dup:Гарбуз		Shopping_ads		
PLX-100-040	dup:Гарбуз		Shopping_ads		
PLX-100-042	dup:Гарбуз		Shopping_ads		
PLX-100-045	dup:Гарбуз		Shopping_ads		
PLX-100-048	dup:Гарбуз		Shopping_ads		
PLX-100-049	dup:Гарбуз		Shopping_ads		
PLX-100-050	dup:Гарбуз		Shopping_ads		
PLX-100-052	dup:Гарбуз		Shopping_ads		
PLX-100-055	dup:Гарбуз		Shopping_ads		
PLX-100-058	dup:Гарбуз		Shopping_ads		
PLX-100-060	dup:Гарбуз		Shopping_ads		
PLX-100-062	dup:Гарбуз		Shopping_ads		
PLX-100-065	dup:Гарбуз		Shopping_ads		
PLX-100-067	dup:Гарбуз		Shopping_ads		
PLX-100-070	dup:Гарбуз		Shopping_ads		
PLX-100-072	dup:Гарбуз		Shopping_ads		
PLX-100-073	dup:Гарбуз		Shopping_ads		
PLX-100-074	dup:Гарбуз		Shopping_ads		
PLX-100-075	dup:Едім				
PLX-100-077	dup:Гарбуз		Shopping_ads		
PLX-100-078	dup:Гарбуз		Shopping_ads		
PLX-100-080с	dup:Едім				
PLX-100-081	dup:Гарбуз		Shopping_ads		
PLX-100-082	dup:Гарбуз		Shopping_ads		
PLX-100-085	dup:Едім				
PLX-100-090	dup:Гарбуз		Shopping_ads		
PLX-100-095с	dup:Гарбуз		Shopping_ads		
PLX-100-096	dup:Гарбуз		Shopping_ads		prybutok
PLX-100-098	dup:Гарбуз		Shopping_ads		
PLX-100-098с	dup:Гарбуз		Shopping_ads		
PLX-100-099	dup:Гарбуз		Shopping_ads		
PLX-100-100	dup:Гарбуз		Shopping_ads		prybutok
PLX-100-101	dup:Гарбуз		Shopping_ads		
PLX-100-103	dup:Гарбуз		Shopping_ads		
PLX-100-105	dup:Едім				
PLX-100-105с	dup:Гарбуз		Shopping_ads		
PLX-100-106	dup:Гарбуз		Shopping_ads		
PLX-100-107	dup:Едім				
PLX-100-110	dup:Гарбуз		Shopping_ads		
PLX-100-115	dup:Гарбуз		Shopping_ads		
PLX-100-120	dup:Едім				
PLX-100-125	dup:Гарбуз		Shopping_ads		
PLX-100-130	dup:Едім				
PLX-100-146	dup:Гарбуз		Shopping_ads		
PLX-100-147	dup:Гарбуз		Shopping_ads		prybutok
PLX-100-148	dup:Гарбуз		Shopping_ads		
PLX-100-149	dup:Гарбуз		Shopping_ads		
PLX-100-151	dup:Гарбуз		Shopping_ads		
PLX-100-152	dup:Гарбуз		Shopping_ads	ne_v_prajsi	
PLX-100-174	dup:Гарбуз		Shopping_ads		
PLX-100-177	dup:Едім				
PLX-100-178	dup:Гарбуз		Shopping_ads		
PLX-100-179	dup:Гарбуз		Shopping_ads		
PLX-100-181	dup:Едім				
PLX-100-182	dup:Гарбуз		Shopping_ads		
PLX-100-185	dup:Гарбуз		Shopping_ads		
PLX-100-186	dup:Гарбуз		Shopping_ads		
PLX-100-188	dup:Гарбуз		Shopping_ads		
PLX-100-223	dup:Гарбуз		Shopping_ads		prybutok
PLX-100-224	dup:Гарбуз		Shopping_ads		prybutok
PLX-100-225	dup:Едім				
PLX-100-234	dup:Гарбуз		Shopping_ads		
PLX-100-300	dup:Гарбуз		Shopping_ads		
PLX-100-301	dup:Гарбуз		Shopping_ads		
PLX-100-302	dup:Гарбуз		Shopping_ads		
PLX-100-303	dup:Гарбуз		Shopping_ads		
PLX-100-3044	dup:Гарбуз		Shopping_ads		prybutok
PLX-100-396	dup:Гарбуз		Shopping_ads		
PLX-100-398	dup:Гарбуз		Shopping_ads		
PLX-100-428	dup:Гарбуз		Shopping_ads		
PLX-100-429	dup:Гарбуз		Shopping_ads		
PLX-100-430	dup:Гарбуз		Shopping_ads		
PLX-100-433	dup:Гарбуз		Shopping_ads		
PLX-100-435	dup:Гарбуз		Shopping_ads		
PLX-100-436	dup:Гарбуз		Shopping_ads		
PLX-100-438	dup:Едім				
PLX-100-440	dup:Едім				
PLX-100-441	dup:Гарбуз		Shopping_ads		
PLX-100-442	dup:Гарбуз		Shopping_ads		
PLX-100-443	dup:Гарбуз		Shopping_ads		
PLX-100-445	dup:Гарбуз		Shopping_ads		
PLX-100-455	dup:Гарбуз		Shopping_ads	ne_v_prajsi	
PLX-100-463	dup:Гарбуз		Shopping_ads		
PLX-100-472	dup:Гарбуз		Shopping_ads		
PLX-100-473	dup:Гарбуз		Shopping_ads		
PLX-100-474	dup:Гарбуз		Shopping_ads		
PLX-100-485	dup:Гарбуз		Shopping_ads		
PLX-100-486	dup:Гарбуз		Shopping_ads		
PLX-1000-039	dup:Гарбуз		Shopping_ads		
PLX-1000-040	dup:Гарбуз		Shopping_ads		
PLX-1000-041	dup:Гарбуз		Shopping_ads		
PLX-1000-042	dup:Гарбуз		Shopping_ads		
PLX-1000-043	dup:Гарбуз		Shopping_ads		
PLX-1000-044	dup:Гарбуз		Shopping_ads		prybutok
PLX-1000-045	dup:Гарбуз		Shopping_ads		
PLX-1000-046	dup:Гарбуз		Shopping_ads		
PLX-1000-047	dup:Гарбуз		Shopping_ads		
PLX-1000-048	dup:Гарбуз		Shopping_ads		
PLX-1000-104	dup:Гарбуз		Shopping_ads		
PLX-1000-227	dup:Гарбуз		Shopping_ads		
PLX-1000-229	dup:Гарбуз		Shopping_ads		
PLX-1000-230	dup:Гарбуз		Shopping_ads		
PLX-1000-333	dup:Гарбуз		Shopping_ads		
PLX-1000-335	dup:Гарбуз		Shopping_ads		
PLX-1000-336	dup:Гарбуз		Shopping_ads	ne_v_prajsi	
PLX-1000-337	dup:Гарбуз		Shopping_ads		
PLX-100200	dup:Гарбуз		Shopping_ads		
PLX-101-001	dup:Гарбуз		Shopping_ads		
PLX-101-002	dup:Гарбуз		Shopping_ads		
PLX-101-003	dup:Гарбуз		Shopping_ads		
PLX-101-004	dup:Гарбуз		Shopping_ads		
PLX-101-005	dup:Гарбуз		Shopping_ads		
PLX-101-006	dup:Гарбуз		Shopping_ads		
PLX-101-009		ads_zero			prybutok
PLX-101-010	dup:Гарбуз		Shopping_ads		prybutok
PLX-101-011	dup:Гарбуз		Shopping_ads		
PLX-101-012	dup:Гарбуз		Shopping_ads		
PLX-101-013	dup:Гарбуз		Shopping_ads		
PLX-101-014			Shopping_ads	ne_v_prajsi	
PLX-101-016	dup:Гарбуз		Shopping_ads		prybutok
PLX-101-017	dup:Гарбуз		Shopping_ads		
PLX-101-019	dup:Гарбуз		Shopping_ads		
PLX-101-020	dup:Едім				
PLX-101-021	dup:Гарбуз		Shopping_ads		
PLX-101-022					prybutok
PLX-101-024	dup:Гарбуз		Shopping_ads		
PLX-101-025	dup:Гарбуз		Shopping_ads		
PLX-101-026	dup:Гарбуз		Shopping_ads		
PLX-101-027	dup:Гарбуз		Shopping_ads		
PLX-101-028	dup:Гарбуз		Shopping_ads		
PLX-101-029	dup:Гарбуз		Shopping_ads		prybutok
PLX-101-030	dup:Гарбуз		Shopping_ads		
PLX-101-031	dup:Гарбуз		Shopping_ads		
PLX-101-032	dup:Гарбуз		Shopping_ads		prybutok
PLX-101-033	dup:Гарбуз		Shopping_ads		
PLX-101-034	dup:Гарбуз		Shopping_ads		
PLX-101-035	dup:Гарбуз		Shopping_ads		
PLX-101-037	dup:Гарбуз		Shopping_ads		
PLX-101-038	dup:Гарбуз		Shopping_ads		
PLX-101-039	dup:Гарбуз		Shopping_ads		
PLX-101-040	dup:Гарбуз		Shopping_ads		
PLX-101-041	dup:Гарбуз		Shopping_ads		
PLX-101-042	dup:Гарбуз		Shopping_ads		
PLX-101-043	dup:Гарбуз		Shopping_ads		
PLX-101-044	dup:Гарбуз		Shopping_ads		prybutok
PLX-101-045	dup:Гарбуз		Shopping_ads		
PLX-101-046	dup:Гарбуз		Shopping_ads		
PLX-101-047	dup:Гарбуз		Shopping_ads		
PLX-101-050	dup:Гарбуз		Shopping_ads		
PLX-101-051	dup:Гарбуз		Shopping_ads		prybutok
PLX-101-052	dup:Гарбуз		Shopping_ads		prybutok
PLX-101-053	dup:Гарбуз		Shopping_ads		
PLX-101-054	dup:Гарбуз		Shopping_ads		
PLX-101-068	dup:Гарбуз		Shopping_ads		
PLX-101-071	dup:Гарбуз		Shopping_ads		prybutok
PLX-101-072	dup:Гарбуз		Shopping_ads		
PLX-101-073	dup:Гарбуз		Shopping_ads		prybutok
PLX-101-074	dup:Гарбуз		Shopping_ads		
PLX-101-075	dup:Гарбуз		Shopping_ads		
PLX-101-077	dup:Гарбуз		Shopping_ads		
PLX-101-078	dup:Гарбуз		Shopping_ads		
PLX-101-079	dup:Гарбуз		Shopping_ads		
PLX-101-080	dup:Гарбуз		Shopping_ads		prybutok
PLX-101-081	dup:Гарбуз		Shopping_ads		
PLX-101-082	dup:Гарбуз		Shopping_ads		
PLX-101-084	dup:Гарбуз		Shopping_ads		
PLX-101-085	dup:Гарбуз		Shopping_ads		
PLX-101-086	dup:Гарбуз		Shopping_ads		
PLX-101-087	dup:Едім				
PLX-101-088	dup:Гарбуз		Shopping_ads		
PLX-101-090	dup:Гарбуз		Shopping_ads		
PLX-101-091	dup:Гарбуз		Shopping_ads		
PLX-101-092	dup:Гарбуз		Shopping_ads		
PLX-101-094	dup:Гарбуз		Shopping_ads		
PLX-101-096	dup:Гарбуз		Shopping_ads		
PLX-101-100	dup:Гарбуз		Shopping_ads		
PLX-101-101	dup:Гарбуз		Shopping_ads		
PLX-101-102	dup:Гарбуз		Shopping_ads		
PLX-101-103	dup:Гарбуз		Shopping_ads		
PLX-101-104	dup:Гарбуз		Shopping_ads		
PLX-101-106	dup:Гарбуз		Shopping_ads		prybutok
PLX-101-107	dup:Гарбуз		Shopping_ads		
PLX-101-108	dup:Гарбуз		Shopping_ads		
PLX-101-113	dup:Гарбуз		Shopping_ads		prybutok
PLX-101-114	dup:Гарбуз		Shopping_ads		prybutok
PLX-101-115	dup:Гарбуз		Shopping_ads		
PLX-101-116	dup:Гарбуз		Shopping_ads		prybutok
PLX-101-117	dup:Гарбуз		Shopping_ads		prybutok
PLX-101-118	dup:Гарбуз		Shopping_ads		
PLX-101-119					prybutok
PLX-101-120					prybutok
PLX-101-144	dup:Гарбуз		Shopping_ads		
PLX-101-145	dup:Гарбуз		Shopping_ads		
PLX-101-146	dup:Гарбуз		Shopping_ads		
PLX-101-148					prybutok
PLX-101-149	dup:Гарбуз		Shopping_ads		prybutok
PLX-101-150	dup:Гарбуз		Shopping_ads		
PLX-101-153	dup:Гарбуз		Shopping_ads		prybutok
PLX-101-154	dup:Гарбуз		Shopping_ads		
PLX-101-155	dup:Гарбуз		Shopping_ads		
PLX-101-156	dup:Гарбуз		Shopping_ads		
PLX-101-157	dup:Гарбуз		Shopping_ads		
PLX-101-159	dup:Гарбуз		Shopping_ads		
PLX-101-160	dup:Гарбуз		Shopping_ads		prybutok
PLX-101-161	dup:Гарбуз		Shopping_ads		prybutok
PLX-101-164	dup:Гарбуз		Shopping_ads		
PLX-101-165	dup:Гарбуз		Shopping_ads		
PLX-101-171			Shopping_ads	ne_v_prajsi	
PLX-101-174	dup:Гарбуз		Shopping_ads		prybutok
PLX-101-175	dup:Гарбуз		Shopping_ads		
PLX-101-177	dup:Гарбуз		Shopping_ads		
PLX-101-178	dup:Гарбуз		Shopping_ads		
PLX-101-188	dup:Едім				
PLX-101-189	dup:Едім				
PLX-101-195	dup:Гарбуз		Shopping_ads		
PLX-101-196	dup:Гарбуз		Shopping_ads		
PLX-101-198	dup:Гарбуз		Shopping_ads		
PLX-101-199	dup:Гарбуз		Shopping_ads		
PLX-101-201	dup:Едім				
PLX-101-202	dup:Гарбуз		Shopping_ads		
PLX-101-290	dup:Гарбуз		Shopping_ads		
PLX-101-291	dup:Гарбуз		Shopping_ads		
PLX-101-292	dup:Гарбуз		Shopping_ads		
PLX-101110	dup:Гарбуз		Shopping_ads		
PLX-101112	dup:Гарбуз		Shopping_ads		
PLX-101113	dup:Гарбуз		Shopping_ads		
PLX-101114	dup:Гарбуз		Shopping_ads		
PLX-101115	dup:Гарбуз		Shopping_ads		
PLX-101116	dup:Гарбуз		Shopping_ads		
PLX-101117	dup:Гарбуз		Shopping_ads		
PLX-101118	dup:Гарбуз		Shopping_ads		
PLX-101119	dup:Гарбуз		Shopping_ads		
PLX-101120	dup:Гарбуз		Shopping_ads		
PLX-101121	dup:Гарбуз		Shopping_ads		
PLX-101143	dup:Гарбуз		Shopping_ads		prybutok
PLX-101144	dup:Гарбуз		Shopping_ads		
PLX-101145	dup:Гарбуз		Shopping_ads		
PLX-101178	dup:Гарбуз		Shopping_ads		
PLX-101179	dup:Гарбуз		Shopping_ads		
PLX-101188	dup:Гарбуз		Shopping_ads	season_off	
PLX-101190	dup:Гарбуз		Shopping_ads	season_off	
PLX-1012			Shopping_ads	ne_v_prajsi	
PLX-101204	dup:Гарбуз		Shopping_ads	season_off	
PLX-101277	dup:Гарбуз		Shopping_ads	season_off	
PLX-101278	dup:Едім		Shopping_ads	season_off	
PLX-101284			Shopping_ads	ne_v_nayavnosti	
PLX-101289	dup:Едім		Shopping_ads	season_off	
PLX-101292	dup:Гарбуз		Shopping_ads	ne_v_prajsi	
PLX-101293			Shopping_ads	season_off	
PLX-101327	dup:Гарбуз		Shopping_ads	season_off	
PLX-101331	dup:Гарбуз		Shopping_ads		
PLX-101339	dup:Гарбуз		Shopping_ads		
PLX-101344	dup:Гарбуз		Shopping_ads		
PLX-101345	dup:Гарбуз		Shopping_ads		
PLX-101347	dup:Гарбуз		Shopping_ads		
PLX-101370б	dup:Гарбуз		Shopping_ads		
PLX-101372	dup:Гарбуз		Shopping_ads		
PLX-101373	dup:Гарбуз		Shopping_ads		
PLX-101374б	dup:Гарбуз		Shopping_ads		
PLX-101375	dup:Гарбуз		Shopping_ads		
PLX-101376б	dup:Гарбуз		Shopping_ads		
PLX-101377	dup:Гарбуз		Shopping_ads		
PLX-101378	dup:Гарбуз		Shopping_ads		
PLX-101379	dup:Гарбуз		Shopping_ads		
PLX-101380	dup:Гарбуз		Shopping_ads		
PLX-101381б	dup:Гарбуз		Shopping_ads		
PLX-101382	dup:Гарбуз		Shopping_ads		
PLX-101382б	dup:Гарбуз		Shopping_ads		prybutok
PLX-101383б	dup:Гарбуз		Shopping_ads		
PLX-101384	dup:Гарбуз		Shopping_ads		
PLX-101385б	dup:Гарбуз		Shopping_ads		
PLX-101386б	dup:Гарбуз		Shopping_ads		
PLX-101388б	dup:Гарбуз		Shopping_ads		
PLX-101389б	dup:Гарбуз		Shopping_ads		
PLX-101391	dup:Гарбуз		Shopping_ads		
PLX-101396	dup:Гарбуз		Shopping_ads		
PLX-101424	dup:Гарбуз		Shopping_ads	season_off	
PLX-101425	dup:Гарбуз		Shopping_ads	season_off	
PLX-101426	dup:Гарбуз		Shopping_ads	season_off	
PLX-101427	dup:Гарбуз		Shopping_ads	season_off	
PLX-101428	dup:Гарбуз		Shopping_ads	season_off	
PLX-101430	dup:Гарбуз		Shopping_ads	season_off	
PLX-101434	dup:Гарбуз		Shopping_ads	season_off	
PLX-101436	dup:Едім		Shopping_ads	season_off	
PLX-101440	dup:Гарбуз		Shopping_ads	season_off	
PLX-101441	dup:Гарбуз		Shopping_ads	season_off	
PLX-101444	dup:Едім		Shopping_ads	season_off	
PLX-101446	dup:Гарбуз		Shopping_ads	season_off	
PLX-101448	dup:Гарбуз		Shopping_ads	season_off	
PLX-101449	dup:Едім		Shopping_ads	season_off	
PLX-101450	dup:Гарбуз		Shopping_ads	season_off	
PLX-101452	dup:Гарбуз		Shopping_ads	season_off	
PLX-101517	dup:Гарбуз		Shopping_ads		
PLX-101518	dup:Гарбуз		Shopping_ads		
PLX-101519	dup:Гарбуз		Shopping_ads		
PLX-101520	dup:Гарбуз		Shopping_ads		
PLX-101526	dup:Гарбуз		Shopping_ads		
PLX-101536	dup:Гарбуз		Shopping_ads		
PLX-101537	dup:Гарбуз		Shopping_ads		
PLX-101539	dup:Гарбуз		Shopping_ads		
PLX-101547	dup:Гарбуз		Shopping_ads		
PLX-101549	dup:Гарбуз		Shopping_ads		
PLX-101585	dup:Гарбуз		Shopping_ads		
PLX-101586	dup:Гарбуз		Shopping_ads		
PLX-101611	dup:Гарбуз		Shopping_ads	season_off	prybutok
PLX-101617	dup:Едім				
PLX-101618	dup:Едім				
PLX-101619	dup:Гарбуз		Shopping_ads		
PLX-101622	dup:Гарбуз		Shopping_ads		
PLX-101623	dup:Едім				
PLX-101624	dup:Едім				
PLX-101629	dup:Едім				
PLX-101662	dup:Гарбуз		Shopping_ads	season_off	
PLX-101663	dup:Гарбуз		Shopping_ads	ne_v_prajsi	
PLX-101676	dup:Гарбуз		Shopping_ads		
PLX-101677	dup:Гарбуз		Shopping_ads		
PLX-101678	dup:Гарбуз		Shopping_ads		
PLX-101687	dup:Гарбуз		Shopping_ads		
PLX-101688	dup:Гарбуз		Shopping_ads		
PLX-101690	dup:Гарбуз		Shopping_ads		
PLX-101691	dup:Гарбуз		Shopping_ads		
PLX-101695	dup:Гарбуз		Shopping_ads		
PLX-101696	dup:Гарбуз		Shopping_ads		
PLX-101697	dup:Гарбуз		Shopping_ads		
PLX-101699	dup:Гарбуз		Shopping_ads		
PLX-1017	dup:Гарбуз		Shopping_ads		
PLX-101700	dup:Гарбуз		Shopping_ads		
PLX-101701	dup:Гарбуз		Shopping_ads		
PLX-101702	dup:Гарбуз		Shopping_ads		
PLX-101703	dup:Гарбуз		Shopping_ads		
PLX-101705	dup:Гарбуз		Shopping_ads		
PLX-101712	dup:Гарбуз		Shopping_ads		
PLX-101714	dup:Гарбуз		Shopping_ads		
PLX-101824	dup:Гарбуз		Shopping_ads		
PLX-101829	dup:Едім				
PLX-101830	dup:Едім				
PLX-101836	dup:Едім				
PLX-101844	dup:Едім				
PLX-101849	dup:Гарбуз		Shopping_ads		
PLX-101850	dup:Гарбуз		Shopping_ads		
PLX-101851	dup:Гарбуз		Shopping_ads		
PLX-101852	dup:Гарбуз		Shopping_ads		
PLX-101857	dup:Гарбуз		Shopping_ads		
PLX-102016	dup:Гарбуз		Shopping_ads	season_off	
PLX-102017	dup:Гарбуз		Shopping_ads		
PLX-102018	dup:Гарбуз		Shopping_ads		
PLX-102039	dup:Гарбуз		Shopping_ads		
PLX-1022			Shopping_ads	ne_v_nayavnosti	
PLX-1025					prybutok
PLX-1026					prybutok
PLX-105-062	dup:Гарбуз		Shopping_ads		
PLX-105-067	dup:Гарбуз		Shopping_ads		
PLX-105-068	dup:Гарбуз		Shopping_ads		
PLX-105-075	dup:Гарбуз		Shopping_ads		
PLX-105-082	dup:Гарбуз		Shopping_ads		
PLX-105-102	dup:Гарбуз		Shopping_ads		
PLX-105-105	dup:Гарбуз		Shopping_ads		
PLX-105-115	dup:Гарбуз		Shopping_ads		
PLX-105-125	dup:Гарбуз		Shopping_ads		
PLX-106728	dup:Едім				
PLX-107	dup:Едім				
PLX-107721	dup:Гарбуз		Shopping_ads		
PLX-107802	dup:Гарбуз		Shopping_ads		
PLX-108729	dup:Гарбуз		Shopping_ads		
PLX-108801	dup:Гарбуз		Shopping_ads		
PLX-108827	dup:Гарбуз		Shopping_ads		
PLX-10895	dup:Гарбуз		Shopping_ads		
PLX-11-001	dup:Гарбуз		Shopping_ads		
PLX-11-003	dup:Гарбуз		Shopping_ads		
PLX-11-005	dup:Гарбуз		Shopping_ads		
PLX-11-044	dup:Гарбуз		Shopping_ads		
PLX-11-057	dup:Гарбуз		Shopping_ads		
PLX-11-058	dup:Гарбуз		Shopping_ads		
PLX-11-113	dup:Гарбуз		Shopping_ads		
PLX-11-144	dup:Гарбуз		Shopping_ads		
PLX-11-145	dup:Гарбуз		Shopping_ads		
PLX-11-146	dup:Гарбуз		Shopping_ads	season_off	
PLX-11-147	dup:Гарбуз		Shopping_ads	season_off	
PLX-11-195	dup:Гарбуз		Shopping_ads		
PLX-11-196	dup:Гарбуз		Shopping_ads		
PLX-11-197	dup:Гарбуз		Shopping_ads		
PLX-11-198	dup:Гарбуз		Shopping_ads		
PLX-11-199	dup:Гарбуз		Shopping_ads		
PLX-11-200	dup:Гарбуз		Shopping_ads		
PLX-11-202	dup:Гарбуз		Shopping_ads		
PLX-11-204	dup:Гарбуз		Shopping_ads		
PLX-11-206	dup:Гарбуз		Shopping_ads		
PLX-11-208	dup:Гарбуз		Shopping_ads		
PLX-11-226	dup:Гарбуз		Shopping_ads		
PLX-11-227	dup:Едім				
PLX-11-282	dup:Гарбуз		Shopping_ads		
PLX-11-283	dup:Гарбуз		Shopping_ads		
PLX-11-292	dup:Гарбуз		Shopping_ads	season_off	
PLX-11-294	dup:Гарбуз		Shopping_ads		
PLX-11-314	dup:Гарбуз		Shopping_ads		
PLX-11-325	dup:Гарбуз		Shopping_ads		
PLX-11-326	dup:Гарбуз		Shopping_ads		
PLX-11-327	dup:Гарбуз		Shopping_ads	season_off	
PLX-11-328	dup:Гарбуз		Shopping_ads	season_off	
PLX-11-329	dup:Гарбуз		Shopping_ads	ne_v_nayavnosti	
PLX-11-330	dup:Гарбуз		Shopping_ads	season_off	
PLX-11-331	dup:Гарбуз		Shopping_ads	season_off	
PLX-11-332	dup:Гарбуз		Shopping_ads		
PLX-11-333	dup:Гарбуз		Shopping_ads		
PLX-11-335	dup:Гарбуз		Shopping_ads	season_off	
PLX-11-337	dup:Гарбуз		Shopping_ads	season_off	
PLX-11-338	dup:Гарбуз		Shopping_ads		
PLX-11-339	dup:Гарбуз		Shopping_ads	season_off	
PLX-11-408	dup:Гарбуз		Shopping_ads	season_off	
PLX-11-409	dup:Гарбуз		Shopping_ads	season_off	
PLX-11-410	dup:Гарбуз		Shopping_ads	season_off	
PLX-11-411	dup:Гарбуз		Shopping_ads	season_off	
PLX-11-412	dup:Гарбуз		Shopping_ads		
PLX-11-416	dup:Гарбуз		Shopping_ads	season_off	
PLX-11-418	dup:Гарбуз		Shopping_ads	season_off	
PLX-11-419	dup:Гарбуз		Shopping_ads		
PLX-11-420	dup:Гарбуз		Shopping_ads		
PLX-11-421	dup:Гарбуз		Shopping_ads		
PLX-11-422	dup:Гарбуз		Shopping_ads		
PLX-11-423	dup:Гарбуз		Shopping_ads		
PLX-11-424	dup:Гарбуз		Shopping_ads		
PLX-11-431	dup:Гарбуз		Shopping_ads	season_off	
PLX-11-432	dup:Гарбуз		Shopping_ads	season_off	
PLX-11-435	dup:Едім				
PLX-11-436	dup:Гарбуз		Shopping_ads	season_off	
PLX-11-437	dup:Гарбуз		Shopping_ads		
PLX-11-438	dup:Гарбуз		Shopping_ads	season_off	
PLX-11-439	dup:Гарбуз		Shopping_ads	season_off	
PLX-11-440	dup:Гарбуз		Shopping_ads		
PLX-11-441	dup:Гарбуз		Shopping_ads		
PLX-11-442	dup:Гарбуз		Shopping_ads		
PLX-11-444	dup:Гарбуз		Shopping_ads		
PLX-11-463	dup:Гарбуз		Shopping_ads		
PLX-11-464	dup:Гарбуз		Shopping_ads		
PLX-11-465	dup:Гарбуз		Shopping_ads		
PLX-11-466	dup:Гарбуз		Shopping_ads		
PLX-11-467	dup:Гарбуз		Shopping_ads		
PLX-11-468	dup:Гарбуз		Shopping_ads		
PLX-11-470	dup:Гарбуз		Shopping_ads		
PLX-11-471	dup:Гарбуз		Shopping_ads		
PLX-11-472	dup:Едім				
PLX-11-473	dup:Гарбуз		Shopping_ads		
PLX-11-474	dup:Гарбуз		Shopping_ads		
PLX-11-475	dup:Гарбуз		Shopping_ads		
PLX-11-476	dup:Гарбуз		Shopping_ads		
PLX-11-477	dup:Гарбуз		Shopping_ads		
PLX-11-478	dup:Гарбуз		Shopping_ads		
PLX-11-479	dup:Гарбуз		Shopping_ads		
PLX-11-480	dup:Гарбуз		Shopping_ads		
PLX-11-481	dup:Гарбуз		Shopping_ads		
PLX-11-482	dup:Гарбуз		Shopping_ads		
PLX-11-483	dup:Гарбуз		Shopping_ads		
PLX-11-484	dup:Гарбуз		Shopping_ads		
PLX-11-486	dup:Гарбуз		Shopping_ads		
PLX-11-487	dup:Гарбуз		Shopping_ads		
PLX-11-566	dup:Гарбуз		Shopping_ads	season_off	
PLX-11-575	dup:Гарбуз		Shopping_ads		
PLX-11-576	dup:Гарбуз		Shopping_ads		
PLX-11-621	dup:Гарбуз		Shopping_ads		
PLX-11-631	dup:Гарбуз		Shopping_ads		
PLX-11-647	dup:Гарбуз		Shopping_ads		
PLX-11-648	dup:Гарбуз		Shopping_ads		
PLX-11-649	dup:Гарбуз		Shopping_ads		
PLX-11-650	dup:Гарбуз		Shopping_ads		
PLX-11-690	dup:Гарбуз		Shopping_ads		
PLX-11-691	dup:Едім				
PLX-11-894	dup:Гарбуз		Shopping_ads	season_off	
PLX-11-895	dup:Гарбуз		Shopping_ads	season_off	
PLX-11-896	dup:Гарбуз		Shopping_ads		
PLX-110-120	dup:Гарбуз		Shopping_ads		
PLX-110-150	dup:Гарбуз		Shopping_ads		
PLX-110-160	dup:Едім				
PLX-110-180	dup:Гарбуз		Shopping_ads		
PLX-110-190	dup:Гарбуз		Shopping_ads		
PLX-11008	dup:Едім				
PLX-11009	dup:Едім				
PLX-1101-115P	dup:Едім				
PLX-1102000	dup:Гарбуз		Shopping_ads		
PLX-1102400	dup:Гарбуз		Shopping_ads		
PLX-1102500	dup:Гарбуз		Shopping_ads		
PLX-110300	dup:Гарбуз		Shopping_ads		
PLX-1104-115P	dup:Едім				
PLX-1106721	dup:Гарбуз		Shopping_ads		
PLX-111-095	dup:Гарбуз		Shopping_ads		
PLX-1115600	dup:Гарбуз		Shopping_ads		
PLX-1115800	dup:Гарбуз		Shopping_ads		
PLX-11196	dup:Гарбуз		Shopping_ads		
PLX-113-230	dup:Гарбуз		Shopping_ads		
PLX-113-330	dup:Гарбуз		Shopping_ads		
PLX-11348	dup:Гарбуз		Shopping_ads		prybutok
PLX-116461	dup:Гарбуз		Shopping_ads		
PLX-117232	dup:Гарбуз		Shopping_ads		
PLX-117242	dup:Гарбуз		Shopping_ads		
PLX-11843	dup:Гарбуз		Shopping_ads		
PLX-118800	dup:Гарбуз		Shopping_ads		
PLX-11997	dup:Гарбуз		Shopping_ads		
PLX-11999	dup:Гарбуз		Shopping_ads		
PLX-12-001	dup:Гарбуз		Shopping_ads		
PLX-12-002	dup:Гарбуз		Shopping_ads		
PLX-12-003	dup:Гарбуз		Shopping_ads		
PLX-12-004	dup:Гарбуз		Shopping_ads		
PLX-12-083	dup:Гарбуз		Shopping_ads		prybutok
PLX-12-085	dup:Гарбуз		Shopping_ads		
PLX-12-086	dup:Гарбуз		Shopping_ads		
PLX-12-108	dup:Гарбуз		Shopping_ads		
PLX-12-109	dup:Гарбуз		Shopping_ads		
PLX-12-110	dup:Гарбуз		Shopping_ads		
PLX-12-111	dup:Гарбуз		Shopping_ads		
PLX-12-250	dup:Гарбуз		Shopping_ads		
PLX-12-251	dup:Гарбуз		Shopping_ads		
PLX-12-252	dup:Едім				
PLX-12-267	dup:Гарбуз		Shopping_ads		prybutok
PLX-12-268	dup:Гарбуз		Shopping_ads		prybutok
PLX-12-269	dup:Гарбуз		Shopping_ads	season_off	prybutok
PLX-12-272	dup:Гарбуз		Shopping_ads	season_off	
PLX-12-274	dup:Едім				
PLX-12-275	dup:Гарбуз		Shopping_ads		
PLX-12-276	dup:Гарбуз		Shopping_ads		
PLX-12-387	dup:Гарбуз		Shopping_ads		
PLX-12-398	dup:Гарбуз		Shopping_ads		
PLX-12-428	dup:Гарбуз		Shopping_ads		
PLX-12-429	dup:Гарбуз		Shopping_ads		
PLX-12-430	dup:Едім				
PLX-12-431	dup:Едім				
PLX-12-433	dup:Гарбуз		Shopping_ads		
PLX-12-434	dup:Едім				
PLX-12-435	dup:Гарбуз		Shopping_ads		
PLX-12-458	dup:Гарбуз		Shopping_ads		
PLX-12-640			Shopping_ads	season_off	
PLX-12-641	dup:Гарбуз		Shopping_ads	ne_v_nayavnosti	
PLX-12-747	dup:Гарбуз		Shopping_ads		
PLX-12-749	dup:Гарбуз		Shopping_ads		
PLX-12-873	dup:Гарбуз		Shopping_ads		
PLX-12-874	dup:Едім				
PLX-12-947	dup:Гарбуз		Shopping_ads		
PLX-12-948	dup:Гарбуз		Shopping_ads		
PLX-12-949	dup:Едім				
PLX-12-950	dup:Гарбуз		Shopping_ads		prybutok
PLX-12-951	dup:Гарбуз		Shopping_ads		
PLX-12-952	dup:Гарбуз		Shopping_ads		
PLX-120	dup:Гарбуз		Shopping_ads		
PLX-120-020	dup:Гарбуз		Shopping_ads		
PLX-120-025	dup:Гарбуз		Shopping_ads		
PLX-120-028	dup:Гарбуз		Shopping_ads		
PLX-120-030	dup:Гарбуз		Shopping_ads		
PLX-120-033	dup:Гарбуз		Shopping_ads		
PLX-120-035	dup:Гарбуз		Shopping_ads		
PLX-120-038	dup:Гарбуз		Shopping_ads		
PLX-120-040	dup:Гарбуз		Shopping_ads		
PLX-120-042	dup:Гарбуз		Shopping_ads		
PLX-120-045	dup:Гарбуз		Shopping_ads		
PLX-120-048	dup:Гарбуз		Shopping_ads		
PLX-120-050	dup:Гарбуз		Shopping_ads		
PLX-120-055	dup:Гарбуз		Shopping_ads		
PLX-120-060	dup:Гарбуз		Shopping_ads		
PLX-120-065	dup:Гарбуз		Shopping_ads		
PLX-120-070	dup:Гарбуз		Shopping_ads		
PLX-120-080	dup:Гарбуз		Shopping_ads		
PLX-120-090	dup:Гарбуз		Shopping_ads		
PLX-120-110	dup:Гарбуз		Shopping_ads		
PLX-120-139	dup:Гарбуз		Shopping_ads		
PLX-12000	dup:Гарбуз		Shopping_ads		
PLX-12001	dup:Гарбуз		Shopping_ads		
PLX-1205		ads_zero	Shopping_ads	ne_v_prajsi	stop
PLX-122-130	dup:Гарбуз		Shopping_ads		
PLX-122-131	dup:Едім				
PLX-122-190	dup:Гарбуз		Shopping_ads		
PLX-122-250	dup:Гарбуз		Shopping_ads		
PLX-122098	dup:Едім				
PLX-122104	dup:Гарбуз		Shopping_ads		
PLX-124	dup:Гарбуз		Shopping_ads		
PLX-125	dup:Гарбуз		Shopping_ads		
PLX-127649	dup:Гарбуз		Shopping_ads		
PLX-127660	dup:Гарбуз		Shopping_ads		
PLX-128357	dup:Гарбуз		Shopping_ads		
PLX-128365	dup:Гарбуз		Shopping_ads		
PLX-128366	dup:Гарбуз		Shopping_ads		
PLX-128855	dup:Гарбуз		Shopping_ads		
PLX-13-001	dup:Гарбуз		Shopping_ads		
PLX-13-003	dup:Гарбуз		Shopping_ads		
PLX-13-004	dup:Гарбуз		Shopping_ads		
PLX-13-07-002	dup:Гарбуз		Shopping_ads		
PLX-13-07-004	dup:Гарбуз		Shopping_ads		
PLX-13-07-010	dup:Гарбуз		Shopping_ads		
PLX-13-07-014	dup:Гарбуз		Shopping_ads		
PLX-13-08-003	dup:Гарбуз		Shopping_ads		
PLX-13-08-014	dup:Гарбуз		Shopping_ads		
PLX-13-09-002	dup:Гарбуз		Shopping_ads		
PLX-13-10-003	dup:Гарбуз		Shopping_ads		
PLX-13-16-002	dup:Гарбуз		Shopping_ads		
PLX-13-17-002	dup:Гарбуз		Shopping_ads		
PLX-13-43-004	dup:Гарбуз		Shopping_ads		
PLX-13-62-002	dup:Гарбуз		Shopping_ads		
PLX-13-63-002	dup:Гарбуз		Shopping_ads		
PLX-13087	dup:Гарбуз		Shopping_ads	ne_v_nayavnosti	
PLX-13088					prybutok
PLX-13089	dup:Гарбуз		Shopping_ads		
PLX-13219	dup:Гарбуз		Shopping_ads		
PLX-134	dup:Едім				
PLX-13444	dup:Гарбуз		Shopping_ads		
PLX-13451	dup:Гарбуз		Shopping_ads	ne_v_nayavnosti	
PLX-135	dup:Гарбуз		Shopping_ads		
PLX-14-001	dup:Гарбуз		Shopping_ads		
PLX-14-002	dup:Гарбуз		Shopping_ads		
PLX-14-003	dup:Гарбуз		Shopping_ads		
PLX-14-004	dup:Гарбуз		Shopping_ads		
PLX-14-005	dup:Гарбуз		Shopping_ads		
PLX-14-006	dup:Гарбуз		Shopping_ads		
PLX-14-16	dup:Гарбуз		Shopping_ads		
PLX-14-17	dup:Гарбуз		Shopping_ads		
PLX-14-18	dup:Гарбуз		Shopping_ads		
PLX-14-30	dup:Гарбуз		Shopping_ads		
PLX-14-35	dup:Гарбуз		Shopping_ads		
PLX-14-36	dup:Гарбуз		Shopping_ads		
PLX-14-37	dup:Гарбуз		Shopping_ads		
PLX-14-40	dup:Гарбуз		Shopping_ads		prybutok
PLX-14-47	dup:Гарбуз		Shopping_ads		
PLX-14-48	dup:Гарбуз		Shopping_ads		
PLX-14-49	dup:Гарбуз		Shopping_ads		
PLX-14-50	dup:Гарбуз		Shopping_ads		
PLX-140-120	dup:Гарбуз		Shopping_ads		
PLX-140-150	dup:Гарбуз		Shopping_ads		
PLX-140-180	dup:Гарбуз		Shopping_ads		
PLX-140-220	dup:Гарбуз		Shopping_ads		
PLX-140-240	dup:Гарбуз		Shopping_ads		
PLX-140-320	dup:Гарбуз		Shopping_ads		
PLX-140-36	dup:Гарбуз		Shopping_ads		
PLX-140-360	dup:Гарбуз		Shopping_ads		
PLX-140-400	dup:Гарбуз		Shopping_ads		
PLX-140-60	dup:Гарбуз		Shopping_ads		
PLX-140-600	dup:Гарбуз		Shopping_ads		
PLX-1401					prybutok
PLX-143-220	dup:Гарбуз		Shopping_ads		
PLX-143-240	dup:Едім				
PLX-143-40	dup:Едім				
PLX-143-400	dup:Гарбуз		Shopping_ads		
PLX-14450	dup:Гарбуз		Shopping_ads		
PLX-1450-416	dup:Гарбуз		Shopping_ads		
PLX-1450-418	dup:Гарбуз		Shopping_ads		
PLX-1450-420	dup:Гарбуз		Shopping_ads		
PLX-1450-4830	dup:Гарбуз		Shopping_ads		prybutok
PLX-1450-4864	dup:Гарбуз		Shopping_ads		
PLX-148	dup:Гарбуз		Shopping_ads		prybutok
PLX-14878	dup:Гарбуз		Shopping_ads		prybutok
PLX-148918	dup:Гарбуз		Shopping_ads		
PLX-148920	dup:Гарбуз		Shopping_ads		
PLX-148925	dup:Гарбуз		Shopping_ads		
PLX-149190	dup:Гарбуз		Shopping_ads		
PLX-149191	dup:Гарбуз		Shopping_ads		
PLX-149199	dup:Гарбуз		Shopping_ads		
PLX-15-001	dup:Гарбуз		Shopping_ads		
PLX-15-002	dup:Гарбуз		Shopping_ads	ne_v_prajsi	prybutok
PLX-15-003	dup:Гарбуз		Shopping_ads		prybutok
PLX-15-004	dup:Гарбуз		Shopping_ads		prybutok
PLX-15-01-001	dup:Гарбуз		Shopping_ads		prybutok
PLX-15-01-002	dup:Гарбуз		Shopping_ads		prybutok
PLX-15-01-004	dup:Гарбуз		Shopping_ads		prybutok
PLX-15-01-005	dup:Гарбуз		Shopping_ads		prybutok
PLX-15-01-007	dup:Гарбуз		Shopping_ads		prybutok
PLX-15-015	dup:Гарбуз		Shopping_ads		
PLX-15-02-001	dup:Гарбуз		Shopping_ads		prybutok
PLX-15-02-005	dup:Гарбуз		Shopping_ads		prybutok
PLX-15-08-004	dup:Гарбуз		Shopping_ads		
PLX-15-103-001	dup:Гарбуз		Shopping_ads		
PLX-15-103-003	dup:Гарбуз		Shopping_ads		
PLX-15-104-001	dup:Гарбуз		Shopping_ads		
PLX-15-104-002	dup:Едім				
PLX-15-104-003	dup:Гарбуз		Shopping_ads		
PLX-15-105-001	dup:Гарбуз		Shopping_ads	ne_v_prajsi	
PLX-15-105-002	dup:Гарбуз		Shopping_ads		
PLX-15-112-02	dup:Гарбуз		Shopping_ads		
PLX-15-116	dup:Гарбуз		Shopping_ads		
PLX-15-124-004	dup:Гарбуз		Shopping_ads	ne_v_prajsi	
PLX-15-124-005	dup:Гарбуз		Shopping_ads	ne_v_prajsi	
PLX-15-13-001	dup:Гарбуз		Shopping_ads		prybutok
PLX-15-13-004	dup:Гарбуз		Shopping_ads		prybutok
PLX-15-134-001	dup:Гарбуз		Shopping_ads		
PLX-15-134-003	dup:Гарбуз		Shopping_ads		
PLX-15-135-002	dup:Гарбуз		Shopping_ads		
PLX-15-136-001-SN/PC	dup:Гарбуз		Shopping_ads	ne_v_prajsi	
PLX-15-136-AB	dup:Гарбуз		Shopping_ads	ne_v_prajsi	
PLX-15-137-002	dup:Гарбуз		Shopping_ads		
PLX-15-137-003	dup:Гарбуз		Shopping_ads		
PLX-15-141-01	dup:Гарбуз		Shopping_ads		
PLX-15-141-02	dup:Гарбуз		Shopping_ads		
PLX-15-142-02	dup:Гарбуз		Shopping_ads		
PLX-15-144-01	dup:Гарбуз		Shopping_ads		
PLX-15-145	dup:Гарбуз		Shopping_ads		
PLX-15-147-01	dup:Гарбуз		Shopping_ads		
PLX-15-147-02	dup:Гарбуз		Shopping_ads	ne_v_prajsi	
PLX-15-148-AB-L	dup:Гарбуз		Shopping_ads		
PLX-15-148-AB-R	dup:Гарбуз		Shopping_ads		
PLX-15-148-SN-L	dup:Гарбуз		Shopping_ads		
PLX-15-148-SN-R	dup:Гарбуз		Shopping_ads		
PLX-15-15-003	dup:Гарбуз		Shopping_ads		
PLX-15-15-004	dup:Гарбуз		Shopping_ads		prybutok
PLX-15-15-008	dup:Гарбуз		Shopping_ads		prybutok
PLX-15-150-001	dup:Гарбуз		Shopping_ads		
PLX-15-150-003	dup:Гарбуз		Shopping_ads		
PLX-15-151-001	dup:Гарбуз		Shopping_ads		
PLX-15-160-001	dup:Гарбуз		Shopping_ads		
PLX-15-160-002	dup:Гарбуз		Shopping_ads		
PLX-15-160-004	dup:Гарбуз		Shopping_ads		
PLX-15-161-001	dup:Гарбуз		Shopping_ads		
PLX-15-161-002	dup:Гарбуз		Shopping_ads		
PLX-15-161-003	dup:Гарбуз		Shopping_ads		
PLX-15-162-001	dup:Гарбуз		Shopping_ads		
PLX-15-164-001	dup:Гарбуз		Shopping_ads		
PLX-15-164-002	dup:Гарбуз		Shopping_ads		
PLX-15-164-003	dup:Гарбуз		Shopping_ads		
PLX-15-164-004	dup:Гарбуз		Shopping_ads		
PLX-15-170-001	dup:Гарбуз		Shopping_ads		
PLX-15-170-002	dup:Гарбуз		Shopping_ads		
PLX-15-170-004	dup:Гарбуз		Shopping_ads		
PLX-15-171-001	dup:Гарбуз		Shopping_ads		
PLX-15-171-002	dup:Гарбуз		Shopping_ads		
PLX-15-171-003	dup:Гарбуз		Shopping_ads		
PLX-15-171-004	dup:Гарбуз		Shopping_ads		
PLX-15-175-001	dup:Гарбуз		Shopping_ads		
PLX-15-175-002	dup:Гарбуз		Shopping_ads		
PLX-15-176-001	dup:Гарбуз		Shopping_ads		
PLX-15-176-002	dup:Гарбуз		Shopping_ads		
PLX-15-178-001	dup:Гарбуз		Shopping_ads		prybutok
PLX-15-178-002	dup:Гарбуз		Shopping_ads		prybutok
PLX-15-179-001	dup:Гарбуз		Shopping_ads		prybutok
PLX-15-179-002	dup:Гарбуз		Shopping_ads		prybutok
PLX-15-180-001	dup:Гарбуз		Shopping_ads		
PLX-15-180-002	dup:Гарбуз		Shopping_ads		
PLX-15-180-003	dup:Гарбуз		Shopping_ads		
PLX-15-180-004	dup:Гарбуз		Shopping_ads		
PLX-15-180-006	dup:Гарбуз		Shopping_ads		
PLX-15-181-001	dup:Гарбуз		Shopping_ads		
PLX-15-181-002	dup:Гарбуз		Shopping_ads	ne_v_prajsi	
PLX-15-181-003	dup:Гарбуз		Shopping_ads		
PLX-15-181-004	dup:Гарбуз		Shopping_ads		
PLX-15-181-006	dup:Гарбуз		Shopping_ads		
PLX-15-182-002	dup:Гарбуз		Shopping_ads		
PLX-15-182-003	dup:Гарбуз		Shopping_ads		
PLX-15-182-004	dup:Гарбуз		Shopping_ads		
PLX-15-182-006	dup:Гарбуз		Shopping_ads		
PLX-15-182-SN/PB	dup:Гарбуз		Shopping_ads		
PLX-15-183-001	dup:Гарбуз		Shopping_ads		
PLX-15-183-002	dup:Гарбуз		Shopping_ads		
PLX-15-183-003	dup:Гарбуз		Shopping_ads		
PLX-15-183-004	dup:Гарбуз		Shopping_ads		
PLX-15-183-005	dup:Гарбуз		Shopping_ads	ne_v_prajsi	
PLX-15-184-001	dup:Гарбуз		Shopping_ads		
PLX-15-184-002	dup:Гарбуз		Shopping_ads		
PLX-15-184-003	dup:Гарбуз		Shopping_ads		
PLX-15-184-004	dup:Гарбуз		Shopping_ads		
PLX-15-184-006	dup:Гарбуз		Shopping_ads		
PLX-15-185-001	dup:Гарбуз		Shopping_ads		
PLX-15-185-002	dup:Едім				
PLX-15-185-004	dup:Гарбуз		Shopping_ads		
PLX-15-185-005	dup:Гарбуз		Shopping_ads		
PLX-15-185-006	dup:Гарбуз		Shopping_ads		
PLX-15-186-001	dup:Гарбуз		Shopping_ads		
PLX-15-186-002	dup:Гарбуз		Shopping_ads		
PLX-15-186-003	dup:Гарбуз		Shopping_ads		
PLX-15-187-001	dup:Гарбуз		Shopping_ads		
PLX-15-187-002	dup:Гарбуз		Shopping_ads		
PLX-15-187-003	dup:Гарбуз		Shopping_ads		
PLX-15-187-004	dup:Гарбуз		Shopping_ads		
PLX-15-187-006	dup:Гарбуз		Shopping_ads	ne_v_prajsi	
PLX-15-188-001	dup:Гарбуз		Shopping_ads	ne_v_prajsi	prybutok
PLX-15-188-002	dup:Гарбуз		Shopping_ads		
PLX-15-188-003	dup:Гарбуз		Shopping_ads		prybutok
PLX-15-188-004	dup:Гарбуз		Shopping_ads		prybutok
PLX-15-188-005	dup:Гарбуз		Shopping_ads		prybutok
PLX-15-191-001	dup:Гарбуз		Shopping_ads		prybutok
PLX-15-191-002	dup:Гарбуз		Shopping_ads		prybutok
PLX-15-191-004	dup:Гарбуз		Shopping_ads		prybutok
PLX-15-191-005	dup:Гарбуз		Shopping_ads		prybutok
PLX-15-225-001	dup:Гарбуз		Shopping_ads		
PLX-15-226-001	dup:Гарбуз		Shopping_ads		
PLX-15-226-002	dup:Гарбуз		Shopping_ads		
PLX-15-227-001	dup:Гарбуз		Shopping_ads		
PLX-15-228-001	dup:Гарбуз		Shopping_ads		
PLX-15-229-001	dup:Гарбуз		Shopping_ads		
PLX-15-240-001	dup:Гарбуз		Shopping_ads		
PLX-15-241-001	dup:Гарбуз		Shopping_ads		
PLX-15-25-001	dup:Гарбуз		Shopping_ads		
PLX-15-25-002	dup:Гарбуз		Shopping_ads		
PLX-15-25-006	dup:Гарбуз		Shopping_ads		
PLX-15-25-007	dup:Гарбуз		Shopping_ads		
PLX-15-25-011	dup:Гарбуз		Shopping_ads		
PLX-15-27-007	dup:Гарбуз		Shopping_ads		
PLX-15-27-008	dup:Гарбуз		Shopping_ads		
PLX-15-27-009	dup:Гарбуз		Shopping_ads		
PLX-15-27-017	dup:Гарбуз		Shopping_ads		
PLX-15-30-001	dup:Гарбуз		Shopping_ads		
PLX-15-30-002	dup:Едім				
PLX-15-30-009	dup:Гарбуз		Shopping_ads		
PLX-15-30-010	dup:Гарбуз		Shopping_ads		
PLX-15-30-011	dup:Гарбуз		Shopping_ads		
PLX-15-31-001	dup:Гарбуз		Shopping_ads		
PLX-15-31-002	dup:Едім				
PLX-15-31-005	dup:Гарбуз		Shopping_ads		
PLX-15-31-007	dup:Гарбуз		Shopping_ads		
PLX-15-31-008	dup:Едім				
PLX-15-32-001	dup:Гарбуз		Shopping_ads		
PLX-15-32-007	dup:Гарбуз		Shopping_ads		
PLX-15-33-006	dup:Гарбуз		Shopping_ads		
PLX-15-33-010	dup:Гарбуз		Shopping_ads		
PLX-15-33-012	dup:Гарбуз		Shopping_ads		
PLX-15-33-014	dup:Гарбуз		Shopping_ads		
PLX-15-39-003	dup:Гарбуз		Shopping_ads		
PLX-15-39-004	dup:Гарбуз		Shopping_ads		
PLX-15-44-001	dup:Гарбуз		Shopping_ads		
PLX-15-44-004	dup:Едім				
PLX-15-45-АВ	dup:Гарбуз		Shopping_ads		
PLX-15-47-007	dup:Гарбуз		Shopping_ads		
PLX-15-47-008	dup:Гарбуз		Shopping_ads		
PLX-15-48-003	dup:Гарбуз		Shopping_ads		
PLX-15-55a-001	dup:Гарбуз		Shopping_ads	ne_v_prajsi	
PLX-15-55a-004	dup:Гарбуз		Shopping_ads		
PLX-15-56-001	dup:Гарбуз		Shopping_ads	ne_v_prajsi	
PLX-15-57-002	dup:Гарбуз		Shopping_ads		
PLX-15-57-004	dup:Гарбуз		Shopping_ads		
PLX-15-58-001	dup:Гарбуз		Shopping_ads		
PLX-15-58-002	dup:Гарбуз		Shopping_ads		
PLX-15-59-001	dup:Гарбуз		Shopping_ads		
PLX-15-60-001	dup:Гарбуз		Shopping_ads		
PLX-15-63-012	dup:Едім				
PLX-15-65-001	dup:Гарбуз		Shopping_ads		
PLX-15-65-004	dup:Гарбуз		Shopping_ads		
PLX-15-68-002	dup:Гарбуз		Shopping_ads		prybutok
PLX-15-68-003	dup:Гарбуз		Shopping_ads		prybutok
PLX-15-68-004	dup:Гарбуз		Shopping_ads		prybutok
PLX-15-68-006	dup:Гарбуз		Shopping_ads		
PLX-15-68-007	dup:Гарбуз		Shopping_ads	ne_v_prajsi	prybutok
PLX-15-70-002	dup:Гарбуз		Shopping_ads		
PLX-15-71-001	dup:Едім				
PLX-15-71-002	dup:Гарбуз		Shopping_ads		
PLX-15-71-003	dup:Гарбуз		Shopping_ads		
PLX-15-71-004	dup:Гарбуз		Shopping_ads		
PLX-15-72-008	dup:Едім				
PLX-15-73-003	dup:Гарбуз		Shopping_ads		
PLX-15-73-004	dup:Гарбуз		Shopping_ads		
PLX-15-81-001	dup:Гарбуз		Shopping_ads	ne_v_prajsi	
PLX-15-81-003	dup:Гарбуз		Shopping_ads		
PLX-15-81-004	dup:Едім				
PLX-15-84-001	dup:Гарбуз		Shopping_ads		prybutok
PLX-15-84-006	dup:Гарбуз		Shopping_ads		
PLX-15-84-008	dup:Гарбуз		Shopping_ads		
PLX-150/10	dup:Гарбуз		Shopping_ads		
PLX-150/6	dup:Гарбуз		Shopping_ads		
PLX-150/8	dup:Гарбуз		Shopping_ads		
PLX-151	dup:Гарбуз		Shopping_ads		prybutok
PLX-151-100	dup:Гарбуз		Shopping_ads		
PLX-151-120	dup:Гарбуз		Shopping_ads		
PLX-151-36	dup:Гарбуз		Shopping_ads		
PLX-151-60	dup:Гарбуз		Shopping_ads	ne_v_prajsi	
PLX-151-80	dup:Едім				
PLX-152-180-SD	dup:Гарбуз		Shopping_ads		
PLX-152-230-SD	dup:Гарбуз		Shopping_ads		
PLX-153	dup:Гарбуз		Shopping_ads		prybutok
PLX-153-180-SG	dup:Гарбуз		Shopping_ads		
PLX-154	dup:Гарбуз		Shopping_ads		prybutok
PLX-154-180-TW	dup:Гарбуз		Shopping_ads		
PLX-15439	dup:Гарбуз		Shopping_ads		
PLX-155	dup:Гарбуз		Shopping_ads		
PLX-156	dup:Гарбуз		Shopping_ads		
PLX-159547	dup:Едім				
PLX-159558	dup:Гарбуз		Shopping_ads	ne_v_prajsi	prybutok
PLX-16-001	dup:Гарбуз		Shopping_ads		
PLX-16-002	dup:Гарбуз		Shopping_ads		prybutok
PLX-16-003	dup:Гарбуз		Shopping_ads		prybutok
PLX-16-004	dup:Гарбуз		Shopping_ads		prybutok
PLX-16-005	dup:Гарбуз		Shopping_ads		
PLX-16-006	dup:Гарбуз		Shopping_ads		
PLX-16-007	dup:Гарбуз		Shopping_ads		
PLX-16-008	dup:Гарбуз		Shopping_ads		prybutok
PLX-16-01-003	dup:Гарбуз		Shopping_ads		
PLX-16-013	dup:Гарбуз		Shopping_ads		prybutok
PLX-16-02-001	dup:Гарбуз		Shopping_ads		
PLX-16-02-002	dup:Гарбуз		Shopping_ads		
PLX-16-02-003	dup:Гарбуз		Shopping_ads		
PLX-16-02-004	dup:Гарбуз		Shopping_ads		
PLX-16-03-001	dup:Гарбуз		Shopping_ads		
PLX-16-03-002	dup:Гарбуз		Shopping_ads		
PLX-16-03-003	dup:Гарбуз		Shopping_ads		
PLX-16-03-004	dup:Гарбуз		Shopping_ads		
PLX-16-03-005	dup:Гарбуз		Shopping_ads		
PLX-16-05-001	dup:Гарбуз		Shopping_ads		
PLX-16-05-002	dup:Гарбуз		Shopping_ads		
PLX-16-05-003	dup:Гарбуз		Shopping_ads		
PLX-16-05-004	dup:Гарбуз		Shopping_ads		
PLX-16-08-002	dup:Гарбуз		Shopping_ads		
PLX-16-08-004	dup:Гарбуз		Shopping_ads		
PLX-16-09-001	dup:Гарбуз		Shopping_ads		
PLX-16-09-002	dup:Гарбуз		Shopping_ads		
PLX-16-09-003	dup:Гарбуз		Shopping_ads		
PLX-16-09-004	dup:Гарбуз		Shopping_ads		
PLX-16-09-005	dup:Гарбуз		Shopping_ads		
PLX-16-10-001	dup:Гарбуз		Shopping_ads		
PLX-16-10-002	dup:Гарбуз		Shopping_ads		
PLX-16-14-001	dup:Гарбуз		Shopping_ads		
PLX-16-14-002	dup:Гарбуз		Shopping_ads		
PLX-16-17-001	dup:Гарбуз		Shopping_ads		
PLX-16-21-001	dup:Гарбуз		Shopping_ads		
PLX-16-21-003	dup:Гарбуз		Shopping_ads		
PLX-16-29-001	dup:Гарбуз		Shopping_ads		
PLX-16-29-002	dup:Едім				
PLX-16-29-003	dup:Едім				
PLX-16-36-001	dup:Гарбуз		Shopping_ads		
PLX-16-36-002	dup:Гарбуз		Shopping_ads		
PLX-16-36-003	dup:Гарбуз		Shopping_ads		
PLX-16-36-004	dup:Гарбуз		Shopping_ads		
PLX-16-37-001	dup:Едім				
PLX-16-46-002	dup:Гарбуз		Shopping_ads		
PLX-16662	dup:Гарбуз		Shopping_ads		
PLX-1680			Shopping_ads	ne_v_nayavnosti	
PLX-17-001	dup:Гарбуз		Shopping_ads		
PLX-17-002	dup:Гарбуз		Shopping_ads		
PLX-17-003	dup:Гарбуз		Shopping_ads		prybutok
PLX-17-004	dup:Гарбуз		Shopping_ads		prybutok
PLX-17-005	dup:Гарбуз		Shopping_ads		
PLX-17-006	dup:Гарбуз		Shopping_ads		prybutok
PLX-17-007	dup:Гарбуз		Shopping_ads		prybutok
PLX-17-008	dup:Гарбуз		Shopping_ads		
PLX-17-019	dup:Гарбуз		Shopping_ads		
PLX-1724					prybutok
PLX-1726					prybutok
PLX-1748			Shopping_ads	ne_v_prajsi	
PLX-17937	dup:Гарбуз		Shopping_ads		
PLX-17938	dup:Гарбуз		Shopping_ads		
PLX-17984	dup:Гарбуз		Shopping_ads		
PLX-17996	dup:Гарбуз		Shopping_ads		
PLX-18-001	dup:Гарбуз		Shopping_ads		
PLX-18-002	dup:Гарбуз		Shopping_ads		prybutok
PLX-18-003	dup:Гарбуз		Shopping_ads		prybutok
PLX-18-004	dup:Гарбуз		Shopping_ads		prybutok
PLX-18-005	dup:Гарбуз		Shopping_ads		
PLX-18-006	dup:Гарбуз		Shopping_ads		
PLX-18-02-012	dup:Гарбуз		Shopping_ads		
PLX-18-03-001	dup:Гарбуз		Shopping_ads		
PLX-18-03-002	dup:Гарбуз		Shopping_ads		
PLX-18-03-003	dup:Гарбуз		Shopping_ads		
PLX-18-03-004	dup:Гарбуз		Shopping_ads		
PLX-18-03-005	dup:Гарбуз		Shopping_ads		
PLX-18-03-006	dup:Гарбуз		Shopping_ads		
PLX-18-08-009	dup:Гарбуз		Shopping_ads		
PLX-18-08-010	dup:Гарбуз		Shopping_ads		prybutok
PLX-18-08-011	dup:Гарбуз		Shopping_ads		
PLX-18-08-012	dup:Гарбуз		Shopping_ads		
PLX-18-08-013	dup:Гарбуз		Shopping_ads		
PLX-18-08-014	dup:Гарбуз		Shopping_ads		
PLX-18000	dup:Гарбуз		Shopping_ads		
PLX-18003	dup:Гарбуз		Shopping_ads		
PLX-18060	dup:Гарбуз		Shopping_ads		
PLX-18234	dup:Гарбуз		Shopping_ads		
PLX-18293	dup:Гарбуз		Shopping_ads		
PLX-18327	dup:Едім				
PLX-184	dup:Гарбуз		Shopping_ads		
PLX-18418	dup:Едім				
PLX-18426	dup:Гарбуз		Shopping_ads		
PLX-18445	dup:Гарбуз		Shopping_ads		
PLX-18481	dup:Гарбуз		Shopping_ads		
PLX-188	dup:Гарбуз		Shopping_ads		
PLX-1884					prybutok
PLX-189	dup:Гарбуз		Shopping_ads		
PLX-18901	dup:Гарбуз		Shopping_ads		
PLX-19-001	dup:Гарбуз		Shopping_ads		
PLX-19-002	dup:Гарбуз		Shopping_ads		prybutok
PLX-19-003	dup:Гарбуз		Shopping_ads		prybutok
PLX-19-004	dup:Гарбуз		Shopping_ads		prybutok
PLX-19-005	dup:Гарбуз		Shopping_ads		
PLX-19-006	dup:Гарбуз		Shopping_ads		
PLX-19-007	dup:Гарбуз		Shopping_ads		prybutok
PLX-19-008	dup:Гарбуз		Shopping_ads		
PLX-19-009	dup:Гарбуз		Shopping_ads		
PLX-19-017	dup:Гарбуз		Shopping_ads		
PLX-19-04-001	dup:Гарбуз		Shopping_ads		prybutok
PLX-19-04-002	dup:Гарбуз		Shopping_ads		
PLX-19-04-003	dup:Гарбуз		Shopping_ads		
PLX-19-04-004	dup:Гарбуз		Shopping_ads		
PLX-19-04-005	dup:Едім				prybutok
PLX-19-04-007	dup:Едім				
PLX-19-04-008	dup:Гарбуз		Shopping_ads		
PLX-19-04-009	dup:Едім				
PLX-19-04-011	dup:Гарбуз		Shopping_ads		
PLX-19-04-014	dup:Едім				
PLX-19-05-010	dup:Едім				
PLX-19-09-003	dup:Едім				
PLX-190	dup:Гарбуз		Shopping_ads		prybutok
PLX-191	dup:Едім				
PLX-192	dup:Гарбуз		Shopping_ads		prybutok
PLX-1923			Shopping_ads	ne_v_prajsi	
PLX-1925-Б	dup:Гарбуз		Shopping_ads		
PLX-193	dup:Гарбуз		Shopping_ads		
PLX-194-45R-3R-AB	dup:Гарбуз		Shopping_ads		
PLX-194-45R-3R-CP	dup:Гарбуз		Shopping_ads		
PLX-194-45R-3R-PB	dup:Гарбуз		Shopping_ads		
PLX-19483	dup:Гарбуз		Shopping_ads		
PLX-19487	dup:Гарбуз		Shopping_ads		
PLX-1980					prybutok
PLX-20-001	dup:Гарбуз		Shopping_ads		
PLX-20-002	dup:Гарбуз		Shopping_ads		prybutok
PLX-20-003	dup:Гарбуз		Shopping_ads		prybutok
PLX-20-004	dup:Гарбуз		Shopping_ads		prybutok
PLX-20-005	dup:Гарбуз		Shopping_ads		
PLX-20-006	dup:Гарбуз		Shopping_ads		
PLX-20-019	dup:Гарбуз		Shopping_ads		
PLX-20-020	dup:Гарбуз		Shopping_ads	ne_v_nayavnosti	
PLX-20-021	dup:Гарбуз		Shopping_ads		
PLX-20-20127	dup:Гарбуз		Shopping_ads		
PLX-200-011	dup:Гарбуз		Shopping_ads		
PLX-200-012	dup:Гарбуз		Shopping_ads		
PLX-200-013	dup:Гарбуз		Shopping_ads		
PLX-200-014	dup:Едім				
PLX-200/10	dup:Гарбуз		Shopping_ads		
PLX-200/6	dup:Гарбуз		Shopping_ads		
PLX-200/8	dup:Гарбуз		Shopping_ads		
PLX-201006	dup:Гарбуз		Shopping_ads		
PLX-201008	dup:Гарбуз		Shopping_ads		
PLX-201011	dup:Гарбуз		Shopping_ads		
PLX-201012	dup:Гарбуз		Shopping_ads		
PLX-201013	dup:Едім				
PLX-201015	dup:Едім				
PLX-201020	dup:Едім				
PLX-201024	dup:Гарбуз		Shopping_ads		
PLX-201037	dup:Гарбуз		Shopping_ads		
PLX-201038	dup:Гарбуз		Shopping_ads		
PLX-201069	dup:Гарбуз		Shopping_ads		
PLX-201085	dup:Гарбуз		Shopping_ads		
PLX-201106	dup:Гарбуз		Shopping_ads		
PLX-201107	dup:Едім				
PLX-201108	dup:Едім				
PLX-201109	dup:Гарбуз		Shopping_ads		
PLX-201111	dup:Гарбуз		Shopping_ads		
PLX-201112	dup:Гарбуз		Shopping_ads		
PLX-201113	dup:Едім				
PLX-201114	dup:Едім				
PLX-201117	dup:Гарбуз		Shopping_ads		
PLX-201119	dup:Гарбуз		Shopping_ads		
PLX-201122	dup:Едім				
PLX-201124	dup:Едім				
PLX-201140	dup:Гарбуз		Shopping_ads		
PLX-201235	dup:Гарбуз		Shopping_ads		
PLX-201236	dup:Гарбуз		Shopping_ads		
PLX-20157	dup:Гарбуз		Shopping_ads		
PLX-20158	dup:Гарбуз		Shopping_ads		
PLX-20159	dup:Гарбуз		Shopping_ads		
PLX-20160	dup:Гарбуз		Shopping_ads		
PLX-20161	dup:Гарбуз		Shopping_ads		
PLX-20162	dup:Гарбуз		Shopping_ads		
PLX-20163	dup:Гарбуз		Shopping_ads		
PLX-20164	dup:Гарбуз		Shopping_ads		
PLX-20165	dup:Гарбуз		Shopping_ads	ne_v_nayavnosti	
PLX-20166	dup:Гарбуз		Shopping_ads		
PLX-20167	dup:Гарбуз		Shopping_ads		prybutok
PLX-20168	dup:Гарбуз		Shopping_ads		prybutok
PLX-20169	dup:Гарбуз		Shopping_ads		
PLX-20170	dup:Гарбуз		Shopping_ads		
PLX-20171	dup:Гарбуз		Shopping_ads		prybutok
PLX-20172	dup:Гарбуз		Shopping_ads		prybutok
PLX-20173	dup:Гарбуз		Shopping_ads		prybutok
PLX-20175	dup:Гарбуз		Shopping_ads		prybutok
PLX-20176	dup:Гарбуз		Shopping_ads		
PLX-20202	dup:Гарбуз		Shopping_ads		
PLX-202038	dup:Гарбуз		Shopping_ads		
PLX-20234	dup:Гарбуз		Shopping_ads		
PLX-20235	dup:Гарбуз		Shopping_ads		
PLX-20236	dup:Гарбуз		Shopping_ads	ne_v_prajsi	
PLX-20237	dup:Гарбуз		Shopping_ads		
PLX-20238	dup:Гарбуз		Shopping_ads		
PLX-20239	dup:Гарбуз		Shopping_ads		
PLX-20244	dup:Гарбуз		Shopping_ads	ne_v_prajsi	
PLX-20245	dup:Гарбуз		Shopping_ads	ne_v_prajsi	
PLX-20246	dup:Гарбуз		Shopping_ads		prybutok
PLX-20247	dup:Едім				prybutok
PLX-20250	dup:Гарбуз		Shopping_ads		prybutok
PLX-20251	dup:Гарбуз		Shopping_ads		prybutok
PLX-20252	dup:Гарбуз		Shopping_ads		prybutok
PLX-20253	dup:Гарбуз		Shopping_ads		prybutok
PLX-20256	dup:Гарбуз		Shopping_ads		prybutok
PLX-20257	dup:Гарбуз		Shopping_ads		prybutok
PLX-202621	dup:Гарбуз		Shopping_ads		
PLX-20266	dup:Гарбуз		Shopping_ads	ne_v_prajsi	
PLX-20267	dup:Гарбуз		Shopping_ads		
PLX-20270	dup:Гарбуз		Shopping_ads		
PLX-20272	dup:Гарбуз		Shopping_ads		
PLX-20277	dup:Гарбуз		Shopping_ads		prybutok
PLX-20278	dup:Гарбуз		Shopping_ads		prybutok
PLX-20279	dup:Гарбуз		Shopping_ads		prybutok
PLX-20280	dup:Гарбуз		Shopping_ads		prybutok
PLX-20288	dup:Гарбуз		Shopping_ads		
PLX-20293	dup:Гарбуз		Shopping_ads		
PLX-204-160	dup:Гарбуз		Shopping_ads		
PLX-20437	dup:Гарбуз		Shopping_ads		
PLX-20445	dup:Гарбуз		Shopping_ads		
PLX-20447	dup:Гарбуз		Shopping_ads		
PLX-20448	dup:Гарбуз		Shopping_ads		
PLX-20450	dup:Гарбуз		Shopping_ads		
PLX-20454	dup:Гарбуз		Shopping_ads		
PLX-205-110	dup:Гарбуз		Shopping_ads		
PLX-20509	dup:Гарбуз		Shopping_ads		
PLX-20513	dup:Гарбуз		Shopping_ads		prybutok
PLX-20515	dup:Гарбуз		Shopping_ads		prybutok
PLX-20516	dup:Гарбуз		Shopping_ads		
PLX-20518	dup:Гарбуз		Shopping_ads		
PLX-20519	dup:Гарбуз		Shopping_ads		
PLX-20521	dup:Гарбуз		Shopping_ads		
PLX-20523	dup:Гарбуз		Shopping_ads		
PLX-20524	dup:Гарбуз		Shopping_ads		
PLX-20526	dup:Гарбуз		Shopping_ads		
PLX-20563	dup:Гарбуз		Shopping_ads		
PLX-206-310	dup:Гарбуз		Shopping_ads		
PLX-207	dup:Гарбуз		Shopping_ads		
PLX-208-110	dup:Едім				
PLX-208-310	dup:Едім				
PLX-208-460	dup:Гарбуз		Shopping_ads		
PLX-208-600	dup:Гарбуз		Shopping_ads		
PLX-21-001	dup:Гарбуз		Shopping_ads		
PLX-21-003	dup:Гарбуз		Shopping_ads		prybutok
PLX-21-005	dup:Гарбуз		Shopping_ads		
PLX-21-006	dup:Гарбуз		Shopping_ads		
PLX-21-007	dup:Гарбуз		Shopping_ads		
PLX-21-008	dup:Гарбуз		Shopping_ads		
PLX-21-009					prybutok
PLX-21-011	dup:Гарбуз		Shopping_ads		
PLX-21-013	dup:Гарбуз		Shopping_ads		prybutok
PLX-21-018	dup:Гарбуз		Shopping_ads		prybutok
PLX-21-019	dup:Гарбуз		Shopping_ads		prybutok
PLX-21-020	dup:Гарбуз		Shopping_ads		prybutok
PLX-21-021	dup:Гарбуз		Shopping_ads	ne_v_prajsi	prybutok
PLX-21-022	dup:Гарбуз		Shopping_ads		prybutok
PLX-21-023	dup:Гарбуз		Shopping_ads		prybutok
PLX-21-024	dup:Гарбуз		Shopping_ads		prybutok
PLX-21-031	dup:Гарбуз		Shopping_ads		
PLX-21-032	dup:Гарбуз		Shopping_ads		prybutok
PLX-21-033	dup:Гарбуз		Shopping_ads		
PLX-21-034	dup:Гарбуз		Shopping_ads		
PLX-21-035	dup:Гарбуз		Shopping_ads		prybutok
PLX-21-036	dup:Гарбуз		Shopping_ads		
PLX-21-037	dup:Гарбуз		Shopping_ads		
PLX-210	dup:Гарбуз		Shopping_ads		
PLX-210-110	dup:Гарбуз		Shopping_ads		
PLX-2121	dup:Гарбуз		Shopping_ads		
PLX-2122	dup:Едім				
PLX-2123	dup:Гарбуз		Shopping_ads		
PLX-21270	dup:Гарбуз		Shopping_ads		
PLX-21271	dup:Гарбуз		Shopping_ads		prybutok
PLX-21272	dup:Гарбуз		Shopping_ads		prybutok
PLX-21274	dup:Гарбуз		Shopping_ads		
PLX-21277	dup:Гарбуз		Shopping_ads		prybutok
PLX-2129	dup:Гарбуз		Shopping_ads		prybutok
PLX-21330	dup:Гарбуз		Shopping_ads		
PLX-21331	dup:Гарбуз		Shopping_ads		
PLX-214	dup:Гарбуз		Shopping_ads	ne_v_prajsi	
PLX-214-160	dup:Гарбуз		Shopping_ads		
PLX-214-260	dup:Гарбуз		Shopping_ads		
PLX-2140	dup:Гарбуз		Shopping_ads		
PLX-21411	dup:Гарбуз		Shopping_ads		
PLX-215	dup:Гарбуз		Shopping_ads		
PLX-216-160	dup:Гарбуз		Shopping_ads		
PLX-216-260	dup:Гарбуз		Shopping_ads		
PLX-216-310	dup:Гарбуз		Shopping_ads		
PLX-216-400	dup:Гарбуз		Shopping_ads		
PLX-2161					prybutok
PLX-21646	dup:Гарбуз		Shopping_ads		
PLX-2174	dup:Гарбуз		Shopping_ads		
PLX-2175	dup:Гарбуз		Shopping_ads		
PLX-218	dup:Гарбуз		Shopping_ads		
PLX-218-260	dup:Гарбуз		Shopping_ads		
PLX-218-310	dup:Гарбуз		Shopping_ads		
PLX-218-400	dup:Гарбуз		Shopping_ads		
PLX-2180	dup:Гарбуз		Shopping_ads		
PLX-2199	dup:Гарбуз		Shopping_ads		
PLX-22	dup:Гарбуз		Shopping_ads		
PLX-22-002	dup:Гарбуз		Shopping_ads		
PLX-22-003	dup:Гарбуз		Shopping_ads		
PLX-22-004	dup:Гарбуз		Shopping_ads		
PLX-22-005	dup:Гарбуз		Shopping_ads		
PLX-22-007	dup:Гарбуз		Shopping_ads		
PLX-22-008	dup:Гарбуз		Shopping_ads		
PLX-22-009	dup:Гарбуз		Shopping_ads		
PLX-22-010	dup:Гарбуз		Shopping_ads		
PLX-22-011	dup:Гарбуз		Shopping_ads		
PLX-22-012	dup:Гарбуз		Shopping_ads		
PLX-22-013	dup:Гарбуз		Shopping_ads		
PLX-22-014	dup:Гарбуз		Shopping_ads		
PLX-22-015	dup:Гарбуз		Shopping_ads		
PLX-22-016	dup:Гарбуз		Shopping_ads		
PLX-22-017	dup:Гарбуз		Shopping_ads		
PLX-22-018	dup:Гарбуз		Shopping_ads		
PLX-220	dup:Гарбуз		Shopping_ads		
PLX-220-310	dup:Гарбуз		Shopping_ads		
PLX-220-400	dup:Гарбуз		Shopping_ads		
PLX-220-600	dup:Гарбуз		Shopping_ads		
PLX-2200	dup:Гарбуз		Shopping_ads		
PLX-2202	dup:Гарбуз		Shopping_ads		
PLX-2203	dup:Гарбуз		Shopping_ads		
PLX-22153	dup:Гарбуз		Shopping_ads		
PLX-22154	dup:Гарбуз		Shopping_ads		
PLX-222	dup:Гарбуз		Shopping_ads		
PLX-222-260	dup:Едім				
PLX-223	dup:Гарбуз		Shopping_ads		
PLX-2233					prybutok
PLX-224	dup:Гарбуз		Shopping_ads		
PLX-226-600	dup:Едім				
PLX-226-800	dup:Едім				
PLX-22642	dup:Гарбуз		Shopping_ads		
PLX-228-460	dup:Гарбуз		Shopping_ads		
PLX-228-600	dup:Едім				
PLX-2283			Shopping_ads	ne_v_prajsi	
PLX-2284-Б	dup:Гарбуз		Shopping_ads		
PLX-2292	dup:Едім				
PLX-2293	dup:Гарбуз		Shopping_ads		
PLX-23-002	dup:Гарбуз		Shopping_ads		
PLX-23-004	dup:Гарбуз		Shopping_ads		
PLX-23-005	dup:Гарбуз		Shopping_ads		
PLX-23-006	dup:Гарбуз		Shopping_ads		
PLX-23-007	dup:Гарбуз		Shopping_ads		
PLX-23-009	dup:Гарбуз		Shopping_ads		prybutok
PLX-23-010	dup:Гарбуз		Shopping_ads		
PLX-23-011	dup:Гарбуз		Shopping_ads		
PLX-23-013	dup:Гарбуз		Shopping_ads		
PLX-23-014	dup:Гарбуз		Shopping_ads		
PLX-23-015	dup:Гарбуз		Shopping_ads		
PLX-230	dup:Едім				
PLX-23000	dup:Гарбуз		Shopping_ads		
PLX-23001	dup:Гарбуз		Shopping_ads		
PLX-23002			Shopping_ads	ne_v_nayavnosti	
PLX-231	dup:Гарбуз		Shopping_ads		
PLX-2316	dup:Гарбуз		Shopping_ads		
PLX-232	dup:Гарбуз		Shopping_ads		
PLX-2329					prybutok
PLX-2330			Shopping_ads	ne_v_prajsi	
PLX-2331			Shopping_ads	ne_v_nayavnosti	
PLX-235	dup:Гарбуз		Shopping_ads		
PLX-23522	dup:Гарбуз		Shopping_ads		
PLX-236	dup:Гарбуз		Shopping_ads		
PLX-236110	dup:Гарбуз		Shopping_ads		
PLX-236125А	dup:Гарбуз		Shopping_ads		
PLX-23680	dup:Гарбуз		Shopping_ads		
PLX-23769	dup:Гарбуз		Shopping_ads		
PLX-239	dup:Гарбуз		Shopping_ads		
PLX-24-004	dup:Гарбуз		Shopping_ads		
PLX-24-005	dup:Гарбуз		Shopping_ads		
PLX-24-006	dup:Гарбуз		Shopping_ads		
PLX-24-007	dup:Гарбуз		Shopping_ads		
PLX-24-008	dup:Гарбуз		Shopping_ads		
PLX-24-009	dup:Гарбуз		Shopping_ads		
PLX-24-010	dup:Гарбуз		Shopping_ads		
PLX-24-011	dup:Гарбуз		Shopping_ads		
PLX-240	dup:Гарбуз		Shopping_ads		
PLX-2406			Shopping_ads	ne_v_nayavnosti	
PLX-241	dup:Гарбуз		Shopping_ads		
PLX-242	dup:Едім				
PLX-24270	dup:Гарбуз		Shopping_ads	ne_v_nayavnosti	
PLX-24271	dup:Гарбуз		Shopping_ads		
PLX-24272	dup:Гарбуз		Shopping_ads		
PLX-243	dup:Гарбуз		Shopping_ads		
PLX-2436	dup:Гарбуз		Shopping_ads		
PLX-2440			Shopping_ads	season_off	
PLX-24512	dup:Гарбуз		Shopping_ads		
PLX-24513	dup:Гарбуз		Shopping_ads		
PLX-24879	dup:Гарбуз		Shopping_ads	ne_v_prajsi	
PLX-249	dup:Гарбуз		Shopping_ads		
PLX-25	dup:Гарбуз		Shopping_ads		prybutok
PLX-25-001	dup:Гарбуз		Shopping_ads		
PLX-25-002	dup:Гарбуз		Shopping_ads		
PLX-25-003	dup:Едім				
PLX-25-004	dup:Гарбуз		Shopping_ads		
PLX-25-005	dup:Гарбуз		Shopping_ads		
PLX-25-006	dup:Гарбуз		Shopping_ads		
PLX-25-007	dup:Гарбуз		Shopping_ads		prybutok
PLX-25-008	dup:Гарбуз		Shopping_ads		prybutok
PLX-25-009	dup:Гарбуз		Shopping_ads		prybutok
PLX-25-010	dup:Гарбуз		Shopping_ads		prybutok
PLX-25-011	dup:Гарбуз		Shopping_ads		
PLX-25-013	dup:Гарбуз		Shopping_ads		
PLX-25-017	dup:Гарбуз		Shopping_ads		
PLX-25-018	dup:Едім				prybutok
PLX-25-020	dup:Гарбуз		Shopping_ads		
PLX-25-067	dup:Едім				
PLX-25-076	dup:Гарбуз		Shopping_ads		
PLX-25-079	dup:Гарбуз		Shopping_ads		
PLX-25-080	dup:Гарбуз		Shopping_ads		
PLX-25-114	dup:Гарбуз		Shopping_ads		
PLX-25-115	dup:Едім				prybutok
PLX-25-116	dup:Гарбуз		Shopping_ads		
PLX-25-117	dup:Гарбуз		Shopping_ads		
PLX-25-118	dup:Гарбуз		Shopping_ads		prybutok
PLX-25-119	dup:Гарбуз		Shopping_ads		
PLX-25-120	dup:Гарбуз		Shopping_ads		
PLX-25-121	dup:Гарбуз		Shopping_ads		
PLX-25-122	dup:Гарбуз		Shopping_ads		
PLX-25-500	dup:Гарбуз		Shopping_ads		
PLX-25-600	dup:Гарбуз		Shopping_ads		
PLX-250	dup:Гарбуз		Shopping_ads		
PLX-250/10	dup:Гарбуз		Shopping_ads		
PLX-250/6	dup:Гарбуз		Shopping_ads		
PLX-250/8	dup:Гарбуз		Shopping_ads		
PLX-2500-0002	dup:Гарбуз		Shopping_ads		
PLX-2509					prybutok
PLX-251	dup:Гарбуз		Shopping_ads		
PLX-2511					prybutok
PLX-2512					prybutok
PLX-252511	dup:Гарбуз		Shopping_ads		
PLX-252513	dup:Гарбуз		Shopping_ads		
PLX-252514	dup:Гарбуз		Shopping_ads		
PLX-252518	dup:Гарбуз		Shopping_ads		
PLX-252519	dup:Гарбуз		Shopping_ads		
PLX-252520	dup:Гарбуз		Shopping_ads		
PLX-252522	dup:Гарбуз		Shopping_ads		
PLX-252523	dup:Гарбуз		Shopping_ads		
PLX-2530					prybutok
PLX-2535			Shopping_ads	ne_v_nayavnosti	
PLX-2550-0002	dup:Гарбуз		Shopping_ads		
PLX-25681	dup:Гарбуз		Shopping_ads		
PLX-257	dup:Гарбуз		Shopping_ads		
PLX-257-RL	dup:Гарбуз		Shopping_ads		
PLX-257001	dup:Едім				
PLX-257107	dup:Гарбуз		Shopping_ads		
PLX-257108	dup:Гарбуз		Shopping_ads		
PLX-2578			Shopping_ads	ne_v_nayavnosti	
PLX-2579			Shopping_ads	ne_v_nayavnosti	
PLX-26	dup:Гарбуз		Shopping_ads		
PLX-26-001	dup:Гарбуз		Shopping_ads		
PLX-26-002	dup:Гарбуз		Shopping_ads		
PLX-26-003	dup:Гарбуз		Shopping_ads		
PLX-26-004	dup:Гарбуз		Shopping_ads		
PLX-26-005	dup:Гарбуз		Shopping_ads		
PLX-26-006	dup:Гарбуз		Shopping_ads		
PLX-26-007	dup:Гарбуз		Shopping_ads		
PLX-26-008	dup:Гарбуз		Shopping_ads		
PLX-26-010	dup:Гарбуз		Shopping_ads		
PLX-26-011	dup:Гарбуз		Shopping_ads		
PLX-26-012	dup:Гарбуз		Shopping_ads		
PLX-26-013	dup:Гарбуз		Shopping_ads		
PLX-26-014	dup:Гарбуз		Shopping_ads		
PLX-26-015	dup:Гарбуз		Shopping_ads		
PLX-26-1000	dup:Гарбуз		Shopping_ads		
PLX-26-500	dup:Гарбуз		Shopping_ads		
PLX-26-800	dup:Гарбуз		Shopping_ads		
PLX-2601			Shopping_ads	ne_v_prajsi	
PLX-2628	dup:Гарбуз		Shopping_ads		
PLX-263	dup:Гарбуз		Shopping_ads		
PLX-2631	dup:Гарбуз		Shopping_ads		
PLX-2637			Shopping_ads	ne_v_prajsi	
PLX-2639	dup:Гарбуз		Shopping_ads		
PLX-264	dup:Гарбуз		Shopping_ads		
PLX-26586	dup:Гарбуз		Shopping_ads		
PLX-26587	dup:Гарбуз		Shopping_ads		
PLX-267	dup:Гарбуз		Shopping_ads		
PLX-268	dup:Едім				
PLX-269	dup:Гарбуз		Shopping_ads		
PLX-27	dup:Гарбуз		Shopping_ads		
PLX-27-001	dup:Гарбуз		Shopping_ads		
PLX-27-002	dup:Гарбуз		Shopping_ads		
PLX-27-003	dup:Гарбуз		Shopping_ads		
PLX-27-004	dup:Гарбуз		Shopping_ads		
PLX-27-005	dup:Гарбуз		Shopping_ads		
PLX-27-006	dup:Гарбуз		Shopping_ads		
PLX-27-007	dup:Гарбуз		Shopping_ads		
PLX-27-1000	dup:Гарбуз		Shopping_ads		
PLX-27-600	dup:Гарбуз		Shopping_ads		
PLX-27-800	dup:Гарбуз		Shopping_ads		
PLX-270-820	dup:Гарбуз		Shopping_ads		
PLX-2704	dup:Гарбуз		Shopping_ads		
PLX-271	dup:Гарбуз		Shopping_ads		
PLX-271-220	dup:Гарбуз		Shopping_ads		
PLX-2733	dup:Едім				
PLX-27408	dup:Гарбуз		Shopping_ads		
PLX-27963	dup:Гарбуз		Shopping_ads		prybutok
PLX-27964	dup:Гарбуз		Shopping_ads		prybutok
PLX-27965	dup:Гарбуз		Shopping_ads		prybutok
PLX-27966	dup:Гарбуз		Shopping_ads		
PLX-27967	dup:Гарбуз		Shopping_ads		
PLX-27969	dup:Гарбуз		Shopping_ads		prybutok
PLX-27970	dup:Гарбуз		Shopping_ads		prybutok
PLX-27971	dup:Гарбуз		Shopping_ads		prybutok
PLX-28-001	dup:Гарбуз		Shopping_ads		
PLX-28-002	dup:Гарбуз		Shopping_ads		
PLX-282	dup:Гарбуз		Shopping_ads		
PLX-28278	dup:Гарбуз		Shopping_ads		
PLX-284	dup:Гарбуз		Shopping_ads		
PLX-2840	dup:Гарбуз		Shopping_ads		
PLX-286	dup:Гарбуз		Shopping_ads		
PLX-2879	dup:Гарбуз		Shopping_ads		
PLX-29-001	dup:Гарбуз		Shopping_ads		
PLX-29-002	dup:Гарбуз		Shopping_ads		
PLX-29-003	dup:Гарбуз		Shopping_ads	ne_v_nayavnosti	
PLX-29-007	dup:Гарбуз		Shopping_ads		
PLX-29-008	dup:Гарбуз		Shopping_ads		
PLX-29-011	dup:Гарбуз		Shopping_ads		
PLX-29-013	dup:Гарбуз		Shopping_ads		
PLX-29-014	dup:Гарбуз		Shopping_ads		
PLX-29-015	dup:Гарбуз		Shopping_ads		
PLX-29-016	dup:Гарбуз		Shopping_ads		
PLX-29-017	dup:Гарбуз		Shopping_ads		
PLX-29124			Shopping_ads	ne_v_nayavnosti	
PLX-29125	dup:Гарбуз		Shopping_ads		
PLX-2926			Shopping_ads	ne_v_nayavnosti	prybutok
PLX-2931					prybutok
PLX-2957	dup:Гарбуз		Shopping_ads		
PLX-2962	dup:Едім				
PLX-299	dup:Гарбуз		Shopping_ads		
PLX-2997					prybutok
PLX-3-001-001	dup:Гарбуз		Shopping_ads		
PLX-3-001-002	dup:Гарбуз		Shopping_ads		
PLX-3-003-001	dup:Гарбуз		Shopping_ads		
PLX-3-003-002	dup:Гарбуз		Shopping_ads	ne_v_prajsi	
PLX-3-004-001	dup:Гарбуз		Shopping_ads		
PLX-3-004-002	dup:Гарбуз		Shopping_ads		prybutok
PLX-3-005	dup:Гарбуз		Shopping_ads		
PLX-3-006	dup:Едім				stop
PLX-3-007-001	dup:Едім				
PLX-3-008-001	dup:Гарбуз		Shopping_ads		
PLX-3-010-001	dup:Гарбуз		Shopping_ads	ne_v_prajsi	
PLX-3-010-002	dup:Гарбуз		Shopping_ads		prybutok
PLX-3-010-003	dup:Гарбуз		Shopping_ads		
PLX-3-011	dup:Гарбуз		Shopping_ads		prybutok
PLX-3-011-001	dup:Гарбуз		Shopping_ads		prybutok
PLX-3-011-003	dup:Гарбуз		Shopping_ads		
PLX-3-012	dup:Гарбуз		Shopping_ads		prybutok
PLX-3-012-002	dup:Гарбуз		Shopping_ads		
PLX-3-013-001	dup:Гарбуз		Shopping_ads		
PLX-3-013-002	dup:Гарбуз		Shopping_ads		prybutok
PLX-3-016-002					prybutok
PLX-3-018-002	dup:Гарбуз		Shopping_ads		
PLX-3-019-001	dup:Гарбуз		Shopping_ads		
PLX-3-019-003	dup:Гарбуз		Shopping_ads		
PLX-3-020-001	dup:Гарбуз		Shopping_ads		
PLX-3-022-001	dup:Гарбуз		Shopping_ads		
PLX-3-022-002	dup:Гарбуз		Shopping_ads		
PLX-3-046-001	dup:Гарбуз		Shopping_ads		
PLX-3-046-003	dup:Гарбуз		Shopping_ads		
PLX-3-046-007	dup:Гарбуз		Shopping_ads		
PLX-3-046-008	dup:Гарбуз		Shopping_ads		
PLX-3-052-001	dup:Гарбуз		Shopping_ads		prybutok
PLX-3-070-001	dup:Гарбуз		Shopping_ads		
PLX-3-070-002	dup:Гарбуз		Shopping_ads		
PLX-3-071-001	dup:Гарбуз		Shopping_ads		
PLX-3-071-002	dup:Гарбуз		Shopping_ads		
PLX-3-071-003	dup:Гарбуз		Shopping_ads		
PLX-3-072-001	dup:Гарбуз		Shopping_ads		
PLX-3-072-002	dup:Гарбуз		Shopping_ads		
PLX-3-072-003	dup:Гарбуз		Shopping_ads		
PLX-3-072-004	dup:Гарбуз		Shopping_ads		prybutok
PLX-3-073-001	dup:Гарбуз		Shopping_ads		
PLX-3-074-001	dup:Гарбуз		Shopping_ads		prybutok
PLX-3-074-002	dup:Гарбуз		Shopping_ads		
PLX-3-074-003	dup:Гарбуз		Shopping_ads		
PLX-3-074-004	dup:Гарбуз		Shopping_ads		
PLX-30-001	dup:Гарбуз		Shopping_ads		
PLX-30-002	dup:Гарбуз		Shopping_ads		
PLX-30-003	dup:Гарбуз		Shopping_ads		
PLX-30-004	dup:Едім				
PLX-30-005	dup:Гарбуз		Shopping_ads		
PLX-30-006	dup:Гарбуз		Shopping_ads		
PLX-30-007	dup:Гарбуз		Shopping_ads		
PLX-30-008	dup:Гарбуз		Shopping_ads		
PLX-30-009	dup:Едім				
PLX-30-011	dup:Гарбуз		Shopping_ads		
PLX-30-013	dup:Гарбуз		Shopping_ads		
PLX-30-014	dup:Гарбуз		Shopping_ads		
PLX-30-015	dup:Гарбуз		Shopping_ads		
PLX-30-30187	dup:Гарбуз		Shopping_ads		
PLX-30.01	dup:Гарбуз		Shopping_ads		
PLX-30.11	dup:Гарбуз		Shopping_ads		
PLX-30.11-S	dup:Гарбуз		Shopping_ads		
PLX-300	dup:Гарбуз		Shopping_ads		
PLX-300-042	dup:Едім				
PLX-300-420	dup:Гарбуз		Shopping_ads		
PLX-300-730	dup:Гарбуз		Shopping_ads		
PLX-300-830	dup:Гарбуз		Shopping_ads		
PLX-300-912	dup:Гарбуз		Shopping_ads		
PLX-300/10	dup:Гарбуз		Shopping_ads		
PLX-300/6	dup:Гарбуз		Shopping_ads		
PLX-300/8	dup:Гарбуз		Shopping_ads		
PLX-300000	dup:Гарбуз		Shopping_ads		
PLX-30033	dup:Гарбуз		Shopping_ads		
PLX-30063	dup:Гарбуз		Shopping_ads		
PLX-30065	dup:Гарбуз		Shopping_ads		
PLX-30069	dup:Гарбуз		Shopping_ads		
PLX-30070	dup:Гарбуз		Shopping_ads		
PLX-30072	dup:Гарбуз		Shopping_ads		
PLX-301	dup:Гарбуз		Shopping_ads		
PLX-301-315	dup:Гарбуз		Shopping_ads		
PLX-301000	dup:Гарбуз		Shopping_ads		
PLX-30176	dup:Гарбуз		Shopping_ads	ne_v_prajsi	
PLX-30196	dup:Гарбуз		Shopping_ads	ne_v_prajsi	prybutok
PLX-30197	dup:Гарбуз		Shopping_ads		
PLX-3036	dup:Гарбуз		Shopping_ads		
PLX-3037	dup:Гарбуз		Shopping_ads		
PLX-3039	dup:Едім				prybutok
PLX-3040	dup:Гарбуз		Shopping_ads		
PLX-3041	dup:Гарбуз		Shopping_ads		
PLX-3042	dup:Гарбуз		Shopping_ads		
PLX-3043	dup:Гарбуз		Shopping_ads		
PLX-3044	dup:Гарбуз		Shopping_ads		
PLX-3049	dup:Гарбуз		Shopping_ads		
PLX-30492	dup:Гарбуз		Shopping_ads		prybutok
PLX-30494	dup:Гарбуз		Shopping_ads		prybutok
PLX-30495	dup:Гарбуз		Shopping_ads		prybutok
PLX-3050	dup:Гарбуз		Shopping_ads		
PLX-3051	dup:Гарбуз		Shopping_ads		
PLX-3052	dup:Гарбуз		Shopping_ads		prybutok
PLX-3053	dup:Гарбуз		Shopping_ads		prybutok
PLX-30547	dup:Гарбуз		Shopping_ads		
PLX-3055	dup:Гарбуз		Shopping_ads		
PLX-30557	dup:Гарбуз		Shopping_ads		
PLX-3056	dup:Гарбуз		Shopping_ads		
PLX-30575	dup:Гарбуз		Shopping_ads		
PLX-3059	dup:Гарбуз		Shopping_ads		
PLX-306	dup:Гарбуз		Shopping_ads		
PLX-3061	dup:Гарбуз		Shopping_ads		
PLX-3062	dup:Гарбуз		Shopping_ads		
PLX-3064	dup:Едім				
PLX-3065	dup:Гарбуз		Shopping_ads		
PLX-307	dup:Гарбуз		Shopping_ads		
PLX-3070	dup:Гарбуз		Shopping_ads		
PLX-3072	dup:Гарбуз		Shopping_ads	season_off	
PLX-3073	dup:Гарбуз		Shopping_ads	season_off	
PLX-3074	dup:Гарбуз		Shopping_ads	season_off	
PLX-3075	dup:Гарбуз		Shopping_ads	season_off	
PLX-3076	dup:Гарбуз		Shopping_ads	season_off	
PLX-3077	dup:Гарбуз		Shopping_ads	season_off	
PLX-3078	dup:Гарбуз		Shopping_ads	season_off	
PLX-3079	dup:Гарбуз		Shopping_ads	season_off	
PLX-3080	dup:Гарбуз		Shopping_ads	season_off	
PLX-3082	dup:Гарбуз		Shopping_ads		
PLX-3085	dup:Гарбуз		Shopping_ads		
PLX-3086	dup:Едім				
PLX-3092	dup:Гарбуз		Shopping_ads		
PLX-3098	dup:Гарбуз		Shopping_ads		prybutok
PLX-31-001	dup:Гарбуз		Shopping_ads		
PLX-31-002	dup:Гарбуз		Shopping_ads		
PLX-31-003	dup:Гарбуз		Shopping_ads		
PLX-31-004	dup:Гарбуз		Shopping_ads		
PLX-31-005	dup:Гарбуз		Shopping_ads		
PLX-31-007	dup:Гарбуз		Shopping_ads		
PLX-31-008	dup:Гарбуз		Shopping_ads		
PLX-31-009	dup:Гарбуз		Shopping_ads		
PLX-31-010	dup:Гарбуз		Shopping_ads		
PLX-31-011	dup:Едім				
PLX-31-012	dup:Гарбуз		Shopping_ads		
PLX-31-013	dup:Гарбуз		Shopping_ads		
PLX-31-014	dup:Гарбуз		Shopping_ads		
PLX-31-015	dup:Едім				
PLX-31-016	dup:Гарбуз		Shopping_ads		
PLX-31-017	dup:Гарбуз		Shopping_ads		
PLX-31-018	dup:Гарбуз		Shopping_ads		
PLX-3104					stop
PLX-3105	dup:Гарбуз		Shopping_ads		
PLX-310518	dup:Едім				
PLX-3106	dup:Гарбуз		Shopping_ads		
PLX-3107	dup:Гарбуз		Shopping_ads		
PLX-310702	dup:Гарбуз		Shopping_ads		
PLX-310704	dup:Едім				
PLX-310705	dup:Едім				
PLX-310706	dup:Гарбуз		Shopping_ads		
PLX-310707	dup:Гарбуз		Shopping_ads		
PLX-310708	dup:Гарбуз		Shopping_ads		
PLX-310709	dup:Гарбуз		Shopping_ads		
PLX-3108	dup:Гарбуз		Shopping_ads		
PLX-3109	dup:Гарбуз		Shopping_ads		
PLX-3110	dup:Гарбуз		Shopping_ads		
PLX-31106	dup:Гарбуз		Shopping_ads		
PLX-3111	dup:Гарбуз		Shopping_ads		
PLX-3112	dup:Гарбуз		Shopping_ads		
PLX-3113	dup:Гарбуз		Shopping_ads		
PLX-3119	dup:Гарбуз		Shopping_ads		
PLX-3120	dup:Гарбуз		Shopping_ads		
PLX-3121	dup:Гарбуз		Shopping_ads		
PLX-3122	dup:Гарбуз		Shopping_ads		
PLX-31238	dup:Гарбуз		Shopping_ads		
PLX-31239	dup:Гарбуз		Shopping_ads		
PLX-3124	dup:Едім				
PLX-31240	dup:Гарбуз		Shopping_ads		
PLX-31241	dup:Гарбуз		Shopping_ads		
PLX-31242	dup:Гарбуз		Shopping_ads	ne_v_nayavnosti	
PLX-31244	dup:Гарбуз		Shopping_ads		
PLX-31246	dup:Гарбуз		Shopping_ads		
PLX-31247	dup:Гарбуз		Shopping_ads		
PLX-31248	dup:Гарбуз		Shopping_ads		
PLX-3125	dup:Гарбуз		Shopping_ads		
PLX-31250	dup:Гарбуз		Shopping_ads		
PLX-31251	dup:Гарбуз		Shopping_ads		
PLX-3126	dup:Гарбуз		Shopping_ads		
PLX-3127	dup:Едім				
PLX-3128	dup:Гарбуз		Shopping_ads		
PLX-3129	dup:Едім				
PLX-3130	dup:Гарбуз		Shopping_ads		
PLX-3131	dup:Гарбуз		Shopping_ads		
PLX-3134	dup:Едім				
PLX-3135	dup:Гарбуз		Shopping_ads		
PLX-3136	dup:Гарбуз		Shopping_ads		
PLX-3139	dup:Гарбуз		Shopping_ads		
PLX-3150	dup:Гарбуз		Shopping_ads		
PLX-3154	dup:Едім				
PLX-3155	dup:Гарбуз		Shopping_ads		
PLX-3156	dup:Гарбуз		Shopping_ads		
PLX-3157	dup:Гарбуз		Shopping_ads		
PLX-3158	dup:Гарбуз		Shopping_ads		
PLX-3160	dup:Гарбуз		Shopping_ads		
PLX-3164	dup:Гарбуз		Shopping_ads		prybutok
PLX-3165	dup:Гарбуз		Shopping_ads		
PLX-3166	dup:Гарбуз		Shopping_ads		stop
PLX-3167	dup:Гарбуз		Shopping_ads		
PLX-31672	dup:Гарбуз		Shopping_ads		
PLX-3168	dup:Гарбуз		Shopping_ads		
PLX-3169	dup:Гарбуз		Shopping_ads		
PLX-3170	dup:Гарбуз		Shopping_ads		
PLX-3171	dup:Едім				
PLX-3177	dup:Гарбуз		Shopping_ads		prybutok
PLX-3178	dup:Гарбуз		Shopping_ads		
PLX-3180	dup:Гарбуз		Shopping_ads		
PLX-3183	dup:Едім				
PLX-31838	dup:Гарбуз		Shopping_ads	ne_v_prajsi	
PLX-31839	dup:Гарбуз		Shopping_ads		
PLX-3191	dup:Гарбуз		Shopping_ads		
PLX-3192	dup:Гарбуз		Shopping_ads		
PLX-3193	dup:Гарбуз		Shopping_ads		
PLX-3194	dup:Гарбуз		Shopping_ads		
PLX-3195	dup:Гарбуз		Shopping_ads		
PLX-32-001	dup:Гарбуз		Shopping_ads		
PLX-32-002	dup:Гарбуз		Shopping_ads		
PLX-32-003	dup:Гарбуз		Shopping_ads		
PLX-32-005	dup:Гарбуз		Shopping_ads		
PLX-32-006	dup:Гарбуз		Shopping_ads		
PLX-32-007	dup:Гарбуз		Shopping_ads		
PLX-32-008	dup:Гарбуз		Shopping_ads		
PLX-32-009	dup:Гарбуз		Shopping_ads		
PLX-32-010	dup:Гарбуз		Shopping_ads		
PLX-32-011	dup:Гарбуз		Shopping_ads		
PLX-32-012	dup:Гарбуз		Shopping_ads		prybutok
PLX-32-019	dup:Гарбуз		Shopping_ads		
PLX-32-020	dup:Гарбуз		Shopping_ads		
PLX-32-023	dup:Гарбуз		Shopping_ads		
PLX-32-024	dup:Гарбуз		Shopping_ads		
PLX-32-025	dup:Гарбуз		Shopping_ads		
PLX-32-026	dup:Гарбуз		Shopping_ads		
PLX-32-027	dup:Гарбуз		Shopping_ads		
PLX-32-028	dup:Гарбуз		Shopping_ads		
PLX-32-029	dup:Гарбуз		Shopping_ads		
PLX-32-030	dup:Гарбуз		Shopping_ads		
PLX-32-031	dup:Гарбуз		Shopping_ads		
PLX-32-034	dup:Гарбуз		Shopping_ads		
PLX-32-035	dup:Гарбуз		Shopping_ads		
PLX-32-038	dup:Гарбуз		Shopping_ads		
PLX-32-039	dup:Гарбуз		Shopping_ads		
PLX-32-040	dup:Гарбуз		Shopping_ads		
PLX-32-041	dup:Гарбуз		Shopping_ads		
PLX-32-042					prybutok
PLX-32-047	dup:Гарбуз		Shopping_ads		
PLX-32-057	dup:Гарбуз		Shopping_ads		
PLX-32-058	dup:Гарбуз		Shopping_ads		prybutok
PLX-32-059	dup:Гарбуз		Shopping_ads		prybutok
PLX-32-060	dup:Гарбуз		Shopping_ads		
PLX-32-061	dup:Гарбуз		Shopping_ads	ne_v_nayavnosti	
PLX-32-062	dup:Едім				
PLX-32-063	dup:Едім				prybutok
PLX-32-064	dup:Едім				
PLX-32-065	dup:Гарбуз		Shopping_ads	season_off	
PLX-32-068	dup:Гарбуз		Shopping_ads		
PLX-32-071	dup:Гарбуз		Shopping_ads	ne_v_prajsi	
PLX-32-072	dup:Гарбуз		Shopping_ads		
PLX-32-073	dup:Гарбуз		Shopping_ads	season_off	
PLX-3201	dup:Гарбуз		Shopping_ads		
PLX-320141	dup:Гарбуз		Shopping_ads		
PLX-320142	dup:Гарбуз		Shopping_ads		
PLX-320143	dup:Едім				
PLX-3202	dup:Гарбуз		Shopping_ads		
PLX-3203	dup:Гарбуз		Shopping_ads		prybutok
PLX-3204	dup:Гарбуз		Shopping_ads		
PLX-3205	dup:Гарбуз		Shopping_ads	ne_v_nayavnosti	
PLX-320518	dup:Гарбуз		Shopping_ads		
PLX-320519	dup:Гарбуз		Shopping_ads		
PLX-3206	dup:Гарбуз		Shopping_ads		
PLX-3207	dup:Гарбуз		Shopping_ads	ne_v_nayavnosti	
PLX-3209	dup:Гарбуз		Shopping_ads		
PLX-3212	dup:Гарбуз		Shopping_ads		
PLX-3214	dup:Гарбуз		Shopping_ads		
PLX-3219	dup:Гарбуз		Shopping_ads	ne_v_nayavnosti	prybutok
PLX-3220	dup:Гарбуз		Shopping_ads		
PLX-3221	dup:Гарбуз		Shopping_ads		
PLX-3222	dup:Гарбуз		Shopping_ads		
PLX-323	dup:Гарбуз		Shopping_ads		
PLX-3238	dup:Гарбуз		Shopping_ads		
PLX-3239	dup:Гарбуз		Shopping_ads		
PLX-3242	dup:Гарбуз		Shopping_ads		
PLX-3243	dup:Гарбуз		Shopping_ads		
PLX-3244	dup:Гарбуз		Shopping_ads		
PLX-3245	dup:Гарбуз		Shopping_ads		prybutok
PLX-3246	dup:Гарбуз		Shopping_ads		prybutok
PLX-3251	dup:Гарбуз		Shopping_ads		
PLX-3253	dup:Гарбуз		Shopping_ads	season_off	
PLX-3259	dup:Гарбуз		Shopping_ads		prybutok
PLX-3260	dup:Гарбуз		Shopping_ads		prybutok
PLX-3262	dup:Гарбуз		Shopping_ads		
PLX-3263	dup:Гарбуз		Shopping_ads		
PLX-3264	dup:Гарбуз		Shopping_ads		
PLX-3265	dup:Гарбуз		Shopping_ads		
PLX-3266	dup:Гарбуз		Shopping_ads		
PLX-3267	dup:Гарбуз		Shopping_ads		
PLX-3268	dup:Гарбуз		Shopping_ads		
PLX-3275	dup:Гарбуз		Shopping_ads		
PLX-3276	dup:Гарбуз		Shopping_ads		
PLX-3279	dup:Едім				
PLX-3299	dup:Гарбуз		Shopping_ads		
PLX-33-001	dup:Гарбуз		Shopping_ads		
PLX-33-002	dup:Гарбуз		Shopping_ads		
PLX-33-003	dup:Гарбуз		Shopping_ads		
PLX-33-004	dup:Едім				
PLX-33-006	dup:Гарбуз		Shopping_ads		prybutok
PLX-33-007	dup:Гарбуз		Shopping_ads		
PLX-3300	dup:Гарбуз		Shopping_ads		
PLX-3309	dup:Гарбуз		Shopping_ads		
PLX-3311	dup:Гарбуз		Shopping_ads		
PLX-33173	dup:Гарбуз		Shopping_ads		
PLX-33175	dup:Гарбуз		Shopping_ads		
PLX-33177	dup:Гарбуз		Shopping_ads		
PLX-33179	dup:Гарбуз		Shopping_ads		
PLX-33181	dup:Гарбуз		Shopping_ads		
PLX-33183	dup:Гарбуз		Shopping_ads		
PLX-33184	dup:Гарбуз		Shopping_ads		
PLX-33185	dup:Гарбуз		Shopping_ads		
PLX-33187	dup:Гарбуз		Shopping_ads		
PLX-33188	dup:Гарбуз		Shopping_ads		
PLX-33191	dup:Гарбуз		Shopping_ads		
PLX-33195	dup:Гарбуз		Shopping_ads		
PLX-33196	dup:Гарбуз		Shopping_ads		
PLX-33197	dup:Гарбуз		Shopping_ads		prybutok
PLX-33198	dup:Гарбуз		Shopping_ads		prybutok
PLX-33199	dup:Гарбуз		Shopping_ads		prybutok
PLX-33200	dup:Гарбуз		Shopping_ads		prybutok
PLX-33264	dup:Гарбуз		Shopping_ads		
PLX-33265	dup:Гарбуз		Shopping_ads		
PLX-33266	dup:Гарбуз		Shopping_ads		
PLX-33267	dup:Гарбуз		Shopping_ads		
PLX-33269	dup:Гарбуз		Shopping_ads		
PLX-33271	dup:Гарбуз		Shopping_ads		
PLX-33273	dup:Гарбуз		Shopping_ads		prybutok
PLX-33274	dup:Гарбуз		Shopping_ads		prybutok
PLX-33275	dup:Гарбуз		Shopping_ads		
PLX-33277	dup:Гарбуз		Shopping_ads		prybutok
PLX-33278	dup:Гарбуз		Shopping_ads		prybutok
PLX-3328	dup:Гарбуз		Shopping_ads		prybutok
PLX-33280	dup:Гарбуз		Shopping_ads		prybutok
PLX-33282	dup:Гарбуз		Shopping_ads		
PLX-33284	dup:Гарбуз		Shopping_ads	ne_v_nayavnosti	
PLX-33285	dup:Едім				
PLX-33286	dup:Гарбуз		Shopping_ads		
PLX-33287	dup:Гарбуз		Shopping_ads		
PLX-33288	dup:Гарбуз		Shopping_ads		
PLX-33289	dup:Гарбуз		Shopping_ads		
PLX-3329	dup:Едім				prybutok
PLX-33298	dup:Гарбуз		Shopping_ads		
PLX-33299	dup:Гарбуз		Shopping_ads		
PLX-3330	dup:Едім				prybutok
PLX-33301	dup:Гарбуз		Shopping_ads		
PLX-33302	dup:Гарбуз		Shopping_ads		
PLX-33303	dup:Гарбуз		Shopping_ads		
PLX-33304	dup:Гарбуз		Shopping_ads		
PLX-33305	dup:Гарбуз		Shopping_ads		
PLX-33306	dup:Едім				
PLX-33307	dup:Едім				
PLX-33308	dup:Гарбуз		Shopping_ads		
PLX-33309	dup:Гарбуз		Shopping_ads		
PLX-3331	dup:Едім				prybutok
PLX-33310	dup:Гарбуз		Shopping_ads		
PLX-33311	dup:Гарбуз		Shopping_ads		
PLX-33316	dup:Гарбуз		Shopping_ads		
PLX-33317	dup:Гарбуз		Shopping_ads		
PLX-33318	dup:Едім				
PLX-33320	dup:Едім				
PLX-33321	dup:Гарбуз		Shopping_ads	ne_v_nayavnosti	
PLX-33322	dup:Гарбуз		Shopping_ads		
PLX-33324	dup:Гарбуз		Shopping_ads		
PLX-33325	dup:Гарбуз		Shopping_ads		
PLX-33326	dup:Гарбуз		Shopping_ads		prybutok
PLX-33327	dup:Гарбуз		Shopping_ads		prybutok
PLX-33328	dup:Гарбуз		Shopping_ads		
PLX-33330	dup:Гарбуз		Shopping_ads		
PLX-33338	dup:Гарбуз		Shopping_ads		
PLX-33344	dup:Гарбуз	ads_zero	Shopping_ads		stop
PLX-33345	dup:Гарбуз		Shopping_ads		
PLX-33347	dup:Гарбуз		Shopping_ads		
PLX-33348	dup:Гарбуз		Shopping_ads		
PLX-33349	dup:Гарбуз		Shopping_ads		
PLX-3335	dup:Гарбуз		Shopping_ads		
PLX-33350	dup:Гарбуз		Shopping_ads		
PLX-33351	dup:Гарбуз		Shopping_ads		
PLX-33352	dup:Гарбуз		Shopping_ads		
PLX-33353	dup:Гарбуз		Shopping_ads	ne_v_nayavnosti	
PLX-33359	dup:Едім				
PLX-3336	dup:Гарбуз		Shopping_ads		
PLX-33361	dup:Едім				
PLX-33363	dup:Гарбуз		Shopping_ads		
PLX-33365	dup:Гарбуз		Shopping_ads	ne_v_nayavnosti	
PLX-33368	dup:Едім				
PLX-3337	dup:Гарбуз		Shopping_ads		
PLX-33371	dup:Едім				
PLX-33397	dup:Гарбуз		Shopping_ads		
PLX-33398	dup:Гарбуз		Shopping_ads		
PLX-33399	dup:Гарбуз		Shopping_ads		
PLX-33400	dup:Гарбуз		Shopping_ads		
PLX-33415	dup:Гарбуз		Shopping_ads		
PLX-33416	dup:Гарбуз		Shopping_ads		
PLX-33419	dup:Гарбуз		Shopping_ads		
PLX-33430	dup:Гарбуз		Shopping_ads		
PLX-33443	dup:Гарбуз		Shopping_ads		
PLX-33457	dup:Гарбуз		Shopping_ads		
PLX-33459	dup:Гарбуз		Shopping_ads		
PLX-33460	dup:Гарбуз		Shopping_ads		
PLX-33818	dup:Гарбуз		Shopping_ads		
PLX-33819	dup:Гарбуз		Shopping_ads		
PLX-33820	dup:Гарбуз		Shopping_ads		
PLX-34	dup:Гарбуз		Shopping_ads		
PLX-34-001	dup:Гарбуз		Shopping_ads		
PLX-34-002	dup:Гарбуз		Shopping_ads		
PLX-34-003	dup:Гарбуз		Shopping_ads		
PLX-340	dup:Гарбуз		Shopping_ads		
PLX-341	dup:Гарбуз		Shopping_ads		
PLX-341002	dup:Гарбуз		Shopping_ads		
PLX-341102	dup:Гарбуз		Shopping_ads		
PLX-341202	dup:Гарбуз		Shopping_ads		
PLX-341302	dup:Гарбуз		Shopping_ads		
PLX-341402	dup:Гарбуз		Shopping_ads		
PLX-341502	dup:Гарбуз		Shopping_ads		
PLX-341602	dup:Гарбуз		Shopping_ads		
PLX-341702	dup:Гарбуз		Shopping_ads		
PLX-341802	dup:Гарбуз		Shopping_ads		prybutok
PLX-341902	dup:Гарбуз		Shopping_ads		
PLX-342	dup:Гарбуз		Shopping_ads		
PLX-343	dup:Гарбуз		Shopping_ads		
PLX-344021	dup:Гарбуз		Shopping_ads		
PLX-344022	dup:Гарбуз		Shopping_ads		
PLX-344029	dup:Едім				
PLX-344047	dup:Гарбуз		Shopping_ads		
PLX-34460	dup:Гарбуз		Shopping_ads		
PLX-34462	dup:Гарбуз		Shopping_ads		
PLX-34463	dup:Гарбуз		Shopping_ads		
PLX-346-035	dup:Гарбуз		Shopping_ads		
PLX-347122	dup:Гарбуз		Shopping_ads		
PLX-347321	dup:Гарбуз		Shopping_ads		
PLX-347322	dup:Гарбуз		Shopping_ads		
PLX-347347	dup:Гарбуз		Shopping_ads		
PLX-34743	dup:Гарбуз		Shopping_ads		
PLX-34746	dup:Гарбуз		Shopping_ads		
PLX-35-001	dup:Едім				
PLX-35-002	dup:Гарбуз		Shopping_ads		
PLX-35-003	dup:Гарбуз		Shopping_ads		
PLX-35-004	dup:Гарбуз		Shopping_ads		
PLX-35-005	dup:Гарбуз		Shopping_ads		
PLX-35-006	dup:Едім				
PLX-35-007	dup:Гарбуз		Shopping_ads		
PLX-35-009	dup:Гарбуз		Shopping_ads		
PLX-35-010	dup:Гарбуз		Shopping_ads		
PLX-35-011	dup:Гарбуз		Shopping_ads		
PLX-35-016	dup:Гарбуз		Shopping_ads		
PLX-35-017	dup:Гарбуз		Shopping_ads		
PLX-35-018	dup:Гарбуз		Shopping_ads		
PLX-35-019	dup:Гарбуз		Shopping_ads		
PLX-35-021	dup:Гарбуз		Shopping_ads		
PLX-35-022	dup:Гарбуз		Shopping_ads		
PLX-35-023	dup:Гарбуз		Shopping_ads		
PLX-35-024	dup:Гарбуз		Shopping_ads		
PLX-35-025	dup:Гарбуз		Shopping_ads		
PLX-35-026	dup:Гарбуз		Shopping_ads		
PLX-35-027	dup:Гарбуз		Shopping_ads		prybutok
PLX-35-030	dup:Гарбуз		Shopping_ads		
PLX-35-031	dup:Гарбуз		Shopping_ads		
PLX-35-032	dup:Гарбуз		Shopping_ads		
PLX-35-033	dup:Гарбуз		Shopping_ads		
PLX-35-034	dup:Гарбуз		Shopping_ads		
PLX-35-035	dup:Гарбуз		Shopping_ads		
PLX-350	dup:Гарбуз		Shopping_ads		
PLX-350/10	dup:Гарбуз		Shopping_ads		
PLX-350/6	dup:Гарбуз		Shopping_ads		
PLX-350/8	dup:Гарбуз		Shopping_ads		
PLX-350052	dup:Гарбуз		Shopping_ads		
PLX-3501-4P	dup:Гарбуз		Shopping_ads		
PLX-3501-5P	dup:Гарбуз		Shopping_ads		
PLX-3501-6P	dup:Гарбуз		Shopping_ads		
PLX-35026	dup:Гарбуз		Shopping_ads		
PLX-35027	dup:Гарбуз		Shopping_ads	ne_v_prajsi	
PLX-35028	dup:Гарбуз		Shopping_ads		
PLX-35029	dup:Гарбуз		Shopping_ads		
PLX-35030	dup:Гарбуз		Shopping_ads		prybutok
PLX-35031	dup:Гарбуз		Shopping_ads		prybutok
PLX-351	dup:Гарбуз		Shopping_ads		
PLX-351000	dup:Едім				
PLX-351022	dup:Гарбуз		Shopping_ads		
PLX-351047	dup:Гарбуз		Shopping_ads		prybutok
PLX-352	dup:Гарбуз		Shopping_ads		
PLX-352022	dup:Едім				
PLX-353	dup:Гарбуз		Shopping_ads		
PLX-354	dup:Гарбуз		Shopping_ads		
PLX-354022	dup:Едім				
PLX-35452	dup:Гарбуз		Shopping_ads		
PLX-35453			Shopping_ads	ne_v_nayavnosti	
PLX-355	dup:Гарбуз		Shopping_ads		
PLX-355000	dup:Гарбуз		Shopping_ads		
PLX-356	dup:Гарбуз		Shopping_ads		
PLX-356000	dup:Гарбуз		Shopping_ads		
PLX-356022	dup:Гарбуз		Shopping_ads		
PLX-356029	dup:Гарбуз		Shopping_ads		
PLX-356047	dup:Гарбуз		Shopping_ads		
PLX-35638	dup:Гарбуз		Shopping_ads		
PLX-35649	dup:Гарбуз		Shopping_ads		
PLX-35650	dup:Гарбуз		Shopping_ads		
PLX-35651	dup:Гарбуз		Shopping_ads		
PLX-35652	dup:Гарбуз		Shopping_ads		
PLX-35653	dup:Гарбуз		Shopping_ads		prybutok
PLX-35654	dup:Гарбуз		Shopping_ads		prybutok
PLX-357	dup:Гарбуз		Shopping_ads		
PLX-357000	dup:Гарбуз		Shopping_ads		
PLX-357001	dup:Гарбуз		Shopping_ads		
PLX-358	dup:Гарбуз		Shopping_ads		
PLX-359	dup:Гарбуз		Shopping_ads		
PLX-36	dup:Гарбуз		Shopping_ads	ne_v_prajsi	stop
PLX-36-001	dup:Гарбуз		Shopping_ads		
PLX-36-002	dup:Гарбуз		Shopping_ads		
PLX-36-003	dup:Гарбуз		Shopping_ads		
PLX-36-004	dup:Гарбуз		Shopping_ads		
PLX-36-005	dup:Гарбуз		Shopping_ads		
PLX-36-006	dup:Гарбуз		Shopping_ads		prybutok
PLX-36-007	dup:Гарбуз		Shopping_ads		
PLX-36-008	dup:Гарбуз	ads_zero	Shopping_ads		prybutok
PLX-36-010	dup:Гарбуз		Shopping_ads		
PLX-36-011	dup:Гарбуз		Shopping_ads		
PLX-36-012	dup:Гарбуз		Shopping_ads		
PLX-36-015	dup:Гарбуз		Shopping_ads		
PLX-36-016	dup:Гарбуз		Shopping_ads		
PLX-36-017	dup:Гарбуз		Shopping_ads		
PLX-36-018	dup:Гарбуз		Shopping_ads		
PLX-36-019	dup:Гарбуз		Shopping_ads		
PLX-36-020	dup:Гарбуз		Shopping_ads		
PLX-36-022	dup:Гарбуз		Shopping_ads		
PLX-36-024	dup:Гарбуз		Shopping_ads		stop
PLX-36-025	dup:Гарбуз		Shopping_ads		
PLX-36-026	dup:Гарбуз		Shopping_ads		
PLX-36-027	dup:Гарбуз		Shopping_ads		
PLX-36-028	dup:Гарбуз		Shopping_ads		
PLX-36-029	dup:Гарбуз		Shopping_ads		
PLX-36-030	dup:Гарбуз		Shopping_ads		
PLX-36-031	dup:Гарбуз		Shopping_ads		
PLX-36-039	dup:Гарбуз		Shopping_ads		
PLX-36-040	dup:Гарбуз		Shopping_ads		
PLX-36-041	dup:Гарбуз		Shopping_ads		
PLX-36-042	dup:Гарбуз		Shopping_ads		
PLX-36-043	dup:Гарбуз		Shopping_ads		
PLX-36-045	dup:Гарбуз		Shopping_ads		prybutok
PLX-36-046	dup:Гарбуз		Shopping_ads		
PLX-36-047	dup:Гарбуз		Shopping_ads		
PLX-36-048	dup:Гарбуз		Shopping_ads		
PLX-36-049	dup:Гарбуз		Shopping_ads		
PLX-36-050	dup:Гарбуз		Shopping_ads		
PLX-36-059	dup:Гарбуз		Shopping_ads		
PLX-36-060	dup:Гарбуз		Shopping_ads		
PLX-360-026	dup:Гарбуз		Shopping_ads		
PLX-360-028	dup:Гарбуз		Shopping_ads		
PLX-365	dup:Гарбуз		Shopping_ads		
PLX-366	dup:Гарбуз		Shopping_ads		
PLX-36624	dup:Гарбуз		Shopping_ads		
PLX-368	dup:Гарбуз		Shopping_ads		
PLX-369	dup:Гарбуз		Shopping_ads		
PLX-37	dup:Гарбуз		Shopping_ads		
PLX-37-001	dup:Гарбуз		Shopping_ads		
PLX-37-002	dup:Гарбуз		Shopping_ads		
PLX-37-003	dup:Гарбуз		Shopping_ads		
PLX-37-004	dup:Гарбуз		Shopping_ads		
PLX-37-005	dup:Гарбуз		Shopping_ads		
PLX-37-006	dup:Гарбуз		Shopping_ads		
PLX-37-007	dup:Гарбуз		Shopping_ads		
PLX-37-008	dup:Гарбуз		Shopping_ads		
PLX-37-009	dup:Гарбуз		Shopping_ads		
PLX-37-010	dup:Гарбуз		Shopping_ads		
PLX-37-011	dup:Гарбуз		Shopping_ads		prybutok
PLX-37-012	dup:Гарбуз		Shopping_ads		
PLX-37-013	dup:Гарбуз		Shopping_ads		
PLX-37-014	dup:Гарбуз		Shopping_ads		
PLX-37-015	dup:Гарбуз		Shopping_ads		
PLX-37-016	dup:Гарбуз		Shopping_ads		
PLX-37-017	dup:Гарбуз		Shopping_ads		
PLX-37-018	dup:Гарбуз		Shopping_ads		
PLX-37-019	dup:Гарбуз		Shopping_ads		
PLX-37-020	dup:Гарбуз		Shopping_ads		
PLX-37-021	dup:Гарбуз		Shopping_ads		
PLX-37-022	dup:Гарбуз		Shopping_ads		
PLX-37-023	dup:Гарбуз		Shopping_ads		
PLX-37-024	dup:Гарбуз		Shopping_ads		
PLX-37-025	dup:Гарбуз		Shopping_ads		
PLX-37-026	dup:Гарбуз		Shopping_ads		
PLX-37-027	dup:Гарбуз		Shopping_ads		
PLX-37-028	dup:Гарбуз		Shopping_ads		
PLX-37-029	dup:Гарбуз		Shopping_ads	ne_v_prajsi	
PLX-37-030	dup:Гарбуз		Shopping_ads		
PLX-37-031	dup:Гарбуз		Shopping_ads		
PLX-37-032	dup:Гарбуз		Shopping_ads		
PLX-37-033	dup:Гарбуз		Shopping_ads		
PLX-37-034	dup:Гарбуз		Shopping_ads		
PLX-37-035	dup:Гарбуз		Shopping_ads		
PLX-37-036	dup:Гарбуз		Shopping_ads		
PLX-37-037	dup:Гарбуз		Shopping_ads		
PLX-37-038	dup:Гарбуз		Shopping_ads		
PLX-37-047	dup:Гарбуз		Shopping_ads		
PLX-37-048	dup:Гарбуз		Shopping_ads		
PLX-37-049	dup:Гарбуз		Shopping_ads		
PLX-37-050	dup:Гарбуз		Shopping_ads		
PLX-37-051	dup:Гарбуз		Shopping_ads		
PLX-37-053	dup:Гарбуз		Shopping_ads		
PLX-37-054	dup:Гарбуз		Shopping_ads		
PLX-37-055	dup:Гарбуз		Shopping_ads		
PLX-37-056	dup:Гарбуз		Shopping_ads		
PLX-37-057	dup:Гарбуз		Shopping_ads		
PLX-37-058	dup:Гарбуз		Shopping_ads		
PLX-37-059	dup:Гарбуз		Shopping_ads		
PLX-37-060	dup:Гарбуз		Shopping_ads		
PLX-37-061	dup:Гарбуз		Shopping_ads		
PLX-37-062	dup:Гарбуз		Shopping_ads	ne_v_prajsi	
PLX-37-063	dup:Гарбуз		Shopping_ads		
PLX-37-064	dup:Гарбуз		Shopping_ads		prybutok
PLX-37-065	dup:Гарбуз		Shopping_ads		
PLX-37-066	dup:Гарбуз		Shopping_ads		prybutok
PLX-37-067	dup:Гарбуз		Shopping_ads		
PLX-37-068	dup:Гарбуз		Shopping_ads		
PLX-37-069	dup:Едім				prybutok
PLX-37-070	dup:Гарбуз		Shopping_ads		prybutok
PLX-37-071	dup:Едім				
PLX-37-072	dup:Едім				
PLX-37-073	dup:Гарбуз		Shopping_ads		
PLX-37-075	dup:Гарбуз		Shopping_ads		
PLX-37-076	dup:Гарбуз		Shopping_ads		
PLX-37-077	dup:Гарбуз		Shopping_ads		
PLX-37-078	dup:Гарбуз		Shopping_ads		
PLX-37-079	dup:Гарбуз		Shopping_ads		
PLX-37-080	dup:Гарбуз		Shopping_ads		
PLX-37-081	dup:Гарбуз		Shopping_ads		
PLX-37-082	dup:Гарбуз		Shopping_ads		
PLX-37-083	dup:Гарбуз		Shopping_ads		
PLX-37-084	dup:Гарбуз		Shopping_ads		
PLX-37-085	dup:Гарбуз		Shopping_ads		prybutok
PLX-37-086	dup:Гарбуз		Shopping_ads		prybutok
PLX-37-087	dup:Гарбуз		Shopping_ads		
PLX-37-089	dup:Гарбуз		Shopping_ads		
PLX-37-090	dup:Гарбуз		Shopping_ads		
PLX-37-091	dup:Гарбуз		Shopping_ads		prybutok
PLX-37-092	dup:Гарбуз		Shopping_ads		prybutok
PLX-37-093	dup:Гарбуз		Shopping_ads		
PLX-37-094	dup:Гарбуз		Shopping_ads		
PLX-37-095	dup:Гарбуз		Shopping_ads		
PLX-37-096	dup:Гарбуз		Shopping_ads		
PLX-37-097	dup:Гарбуз		Shopping_ads		
PLX-37-098	dup:Гарбуз		Shopping_ads		
PLX-37-099	dup:Гарбуз		Shopping_ads		
PLX-37-100	dup:Гарбуз		Shopping_ads		
PLX-37-101	dup:Гарбуз		Shopping_ads		
PLX-37-103	dup:Гарбуз		Shopping_ads		
PLX-37-104	dup:Гарбуз		Shopping_ads		
PLX-37-105	dup:Едім				
PLX-37-107	dup:Гарбуз		Shopping_ads		
PLX-37-108	dup:Гарбуз		Shopping_ads		
PLX-37-109	dup:Гарбуз		Shopping_ads		
PLX-37-110	dup:Едім				
PLX-37-111	dup:Гарбуз		Shopping_ads		
PLX-37-112	dup:Гарбуз		Shopping_ads		
PLX-37-113	dup:Гарбуз		Shopping_ads		
PLX-37-114	dup:Гарбуз		Shopping_ads		
PLX-37-115	dup:Гарбуз		Shopping_ads		
PLX-37-116	dup:Гарбуз		Shopping_ads		
PLX-37-117	dup:Едім				
PLX-37-118	dup:Едім				
PLX-37-119	dup:Гарбуз		Shopping_ads		
PLX-37-121	dup:Гарбуз		Shopping_ads		
PLX-37-122	dup:Гарбуз		Shopping_ads		
PLX-37-123	dup:Едім				
PLX-37-124	dup:Едім				
PLX-37-125	dup:Гарбуз		Shopping_ads		
PLX-37-126	dup:Гарбуз		Shopping_ads		
PLX-37-127	dup:Гарбуз		Shopping_ads		
PLX-37-128	dup:Гарбуз		Shopping_ads		
PLX-37-129	dup:Гарбуз		Shopping_ads		
PLX-37-130	dup:Гарбуз		Shopping_ads		
PLX-37-131	dup:Гарбуз		Shopping_ads		
PLX-37-132	dup:Гарбуз		Shopping_ads		
PLX-37-133	dup:Гарбуз		Shopping_ads		
PLX-37-134	dup:Гарбуз		Shopping_ads		
PLX-37-135	dup:Гарбуз		Shopping_ads		
PLX-37-136			Shopping_ads	ne_v_nayavnosti	
PLX-37-137	dup:Гарбуз		Shopping_ads		
PLX-37-138	dup:Гарбуз		Shopping_ads		
PLX-37-139	dup:Гарбуз		Shopping_ads		
PLX-37-140	dup:Гарбуз		Shopping_ads		
PLX-37-141	dup:Гарбуз		Shopping_ads		
PLX-37-142	dup:Гарбуз		Shopping_ads		
PLX-37-143	dup:Гарбуз		Shopping_ads		
PLX-37-144	dup:Гарбуз		Shopping_ads		prybutok
PLX-37-145	dup:Гарбуз		Shopping_ads		
PLX-37-146	dup:Гарбуз		Shopping_ads		
PLX-37-147	dup:Гарбуз		Shopping_ads		
PLX-37-148	dup:Гарбуз		Shopping_ads		
PLX-37-149 Ш	dup:Гарбуз		Shopping_ads		
PLX-37-151	dup:Гарбуз		Shopping_ads		
PLX-37-152	dup:Гарбуз		Shopping_ads		
PLX-37-153	dup:Гарбуз		Shopping_ads		
PLX-37-154	dup:Едім				
PLX-37-155	dup:Гарбуз		Shopping_ads		
PLX-37-157	dup:Гарбуз		Shopping_ads		
PLX-37-158	dup:Гарбуз		Shopping_ads		
PLX-37-159	dup:Гарбуз		Shopping_ads		
PLX-37-160	dup:Гарбуз		Shopping_ads		
PLX-37-162	dup:Гарбуз		Shopping_ads		
PLX-37-163	dup:Гарбуз		Shopping_ads		
PLX-37-164	dup:Гарбуз		Shopping_ads		
PLX-37-165	dup:Гарбуз		Shopping_ads		
PLX-37-167	dup:Гарбуз		Shopping_ads		
PLX-37-172	dup:Гарбуз		Shopping_ads		
PLX-37-173	dup:Гарбуз		Shopping_ads		
PLX-37-174	dup:Гарбуз		Shopping_ads		
PLX-37-175	dup:Гарбуз		Shopping_ads		
PLX-37-178	dup:Гарбуз		Shopping_ads		
PLX-37-179	dup:Гарбуз		Shopping_ads		
PLX-37-180	dup:Гарбуз		Shopping_ads		
PLX-37-181	dup:Гарбуз		Shopping_ads		
PLX-37-182	dup:Гарбуз		Shopping_ads		
PLX-37-183	dup:Гарбуз		Shopping_ads		
PLX-37-184	dup:Гарбуз		Shopping_ads		
PLX-37-185	dup:Гарбуз		Shopping_ads		
PLX-37-186	dup:Гарбуз		Shopping_ads		
PLX-37-187	dup:Едім				
PLX-37-188	dup:Гарбуз		Shopping_ads		
PLX-370-120	dup:Гарбуз		Shopping_ads		
PLX-370-360	dup:Гарбуз		Shopping_ads		
PLX-370-380	dup:Гарбуз		Shopping_ads		
PLX-373047	dup:Гарбуз		Shopping_ads		
PLX-3736-Б	dup:Гарбуз		Shopping_ads		
PLX-379	dup:Гарбуз		Shopping_ads		
PLX-38	dup:Гарбуз		Shopping_ads		
PLX-38-001	dup:Гарбуз		Shopping_ads		
PLX-38-002	dup:Гарбуз		Shopping_ads		
PLX-38-003	dup:Едім				
PLX-38-004	dup:Гарбуз		Shopping_ads		prybutok
PLX-38-005	dup:Гарбуз		Shopping_ads		
PLX-38-006	dup:Гарбуз		Shopping_ads		
PLX-38-007	dup:Гарбуз		Shopping_ads		
PLX-38-008	dup:Гарбуз		Shopping_ads	ne_v_prajsi	
PLX-38-009	dup:Едім				
PLX-38-010	dup:Гарбуз		Shopping_ads		
PLX-38-011	dup:Гарбуз		Shopping_ads		
PLX-38-012	dup:Гарбуз		Shopping_ads		prybutok
PLX-38-013	dup:Гарбуз		Shopping_ads		
PLX-38-022	dup:Гарбуз		Shopping_ads		
PLX-38-040	dup:Гарбуз		Shopping_ads		prybutok
PLX-38-041	dup:Гарбуз		Shopping_ads		
PLX-38-042	dup:Гарбуз		Shopping_ads		
PLX-38-043	dup:Гарбуз		Shopping_ads		
PLX-38-044	dup:Гарбуз		Shopping_ads		
PLX-38-045	dup:Гарбуз		Shopping_ads		prybutok
PLX-38-050	dup:Гарбуз		Shopping_ads		
PLX-38-051	dup:Гарбуз		Shopping_ads		
PLX-38-052	dup:Гарбуз		Shopping_ads		
PLX-38-053	dup:Гарбуз		Shopping_ads		prybutok
PLX-38-054	dup:Гарбуз		Shopping_ads		
PLX-38-056	dup:Гарбуз		Shopping_ads		
PLX-38-057	dup:Гарбуз		Shopping_ads		
PLX-38-059	dup:Гарбуз		Shopping_ads		
PLX-38-061	dup:Гарбуз		Shopping_ads		
PLX-38-062	dup:Гарбуз		Shopping_ads		
PLX-38-063	dup:Гарбуз		Shopping_ads		
PLX-38-065	dup:Гарбуз		Shopping_ads		
PLX-38-067	dup:Гарбуз		Shopping_ads		
PLX-38-071	dup:Гарбуз		Shopping_ads		
PLX-38-072	dup:Гарбуз		Shopping_ads		
PLX-388	dup:Гарбуз		Shopping_ads		
PLX-389	dup:Гарбуз		Shopping_ads		
PLX-39	dup:Гарбуз		Shopping_ads		
PLX-39-001	dup:Гарбуз		Shopping_ads		
PLX-39-002	dup:Гарбуз		Shopping_ads		
PLX-39-003	dup:Гарбуз		Shopping_ads		
PLX-39-004	dup:Гарбуз		Shopping_ads	ne_v_prajsi	
PLX-39-005	dup:Гарбуз		Shopping_ads		
PLX-39-006	dup:Гарбуз		Shopping_ads		
PLX-39-007	dup:Гарбуз		Shopping_ads		
PLX-39-008	dup:Гарбуз		Shopping_ads		
PLX-39-009	dup:Гарбуз		Shopping_ads		
PLX-391	dup:Гарбуз		Shopping_ads		
PLX-394	dup:Гарбуз		Shopping_ads		
PLX-3H1CP	dup:Гарбуз		Shopping_ads		
PLX-4-010-001	dup:Гарбуз		Shopping_ads		
PLX-4-012	dup:Гарбуз		Shopping_ads		
PLX-4-015	dup:Гарбуз		Shopping_ads		
PLX-4-016	dup:Гарбуз		Shopping_ads		
PLX-4-017	dup:Гарбуз		Shopping_ads		
PLX-4-026-001	dup:Едім				
PLX-4-034-001	dup:Гарбуз		Shopping_ads		
PLX-4-070-001	dup:Гарбуз		Shopping_ads		
PLX-40	dup:Гарбуз		Shopping_ads		
PLX-40-002	dup:Гарбуз		Shopping_ads		
PLX-40-003	dup:Гарбуз		Shopping_ads		
PLX-400-060	dup:Гарбуз		Shopping_ads		
PLX-400-080	dup:Едім				
PLX-400-100	dup:Гарбуз		Shopping_ads		
PLX-400-101	dup:Гарбуз		Shopping_ads		
PLX-400-102	dup:Гарбуз		Shopping_ads		
PLX-400-103	dup:Гарбуз		Shopping_ads	ne_v_prajsi	
PLX-400-104	dup:Гарбуз		Shopping_ads		
PLX-400-105	dup:Гарбуз		Shopping_ads		
PLX-400-106	dup:Гарбуз		Shopping_ads		
PLX-400-107	dup:Гарбуз		Shopping_ads		
PLX-400-108	dup:Гарбуз		Shopping_ads		
PLX-400-109	dup:Гарбуз		Shopping_ads		
PLX-400-110	dup:Гарбуз		Shopping_ads		
PLX-400-120	dup:Гарбуз		Shopping_ads		
PLX-400-121	dup:Гарбуз		Shopping_ads		
PLX-400-122	dup:Гарбуз		Shopping_ads		
PLX-400-123	dup:Гарбуз		Shopping_ads		
PLX-400-124	dup:Гарбуз		Shopping_ads		
PLX-400-126	dup:Гарбуз		Shopping_ads		
PLX-400-127	dup:Гарбуз		Shopping_ads		
PLX-400-128	dup:Гарбуз		Shopping_ads		
PLX-400-129	dup:Едім				
PLX-400-130	dup:Гарбуз		Shopping_ads		
PLX-400-131	dup:Гарбуз		Shopping_ads		
PLX-400-132	dup:Гарбуз		Shopping_ads		
PLX-400-133	dup:Гарбуз		Shopping_ads		
PLX-400-134	dup:Гарбуз		Shopping_ads		
PLX-400-135	dup:Гарбуз		Shopping_ads		
PLX-400-136	dup:Гарбуз		Shopping_ads		
PLX-400-137	dup:Гарбуз		Shopping_ads		
PLX-400-138	dup:Гарбуз		Shopping_ads		prybutok
PLX-400-139	dup:Гарбуз		Shopping_ads		prybutok
PLX-400-140	dup:Гарбуз		Shopping_ads		
PLX-400-141	dup:Гарбуз		Shopping_ads		
PLX-400-142	dup:Гарбуз		Shopping_ads		
PLX-400-143	dup:Гарбуз		Shopping_ads		prybutok
PLX-400-144	dup:Гарбуз		Shopping_ads		prybutok
PLX-400-145	dup:Гарбуз		Shopping_ads		
PLX-400-146	dup:Гарбуз		Shopping_ads		
PLX-400-147	dup:Едім				
PLX-400-148	dup:Гарбуз		Shopping_ads		
PLX-400-150	dup:Гарбуз		Shopping_ads		
PLX-400-151	dup:Гарбуз		Shopping_ads		
PLX-400-152	dup:Гарбуз		Shopping_ads		
PLX-400-153	dup:Гарбуз		Shopping_ads		
PLX-400-155	dup:Гарбуз		Shopping_ads		
PLX-400-156	dup:Гарбуз		Shopping_ads		
PLX-401050	dup:Гарбуз		Shopping_ads		
PLX-401051	dup:Гарбуз		Shopping_ads		
PLX-401052	dup:Гарбуз		Shopping_ads		
PLX-401056	dup:Гарбуз		Shopping_ads		
PLX-401057	dup:Гарбуз		Shopping_ads		
PLX-401058	dup:Гарбуз		Shopping_ads		
PLX-401059	dup:Гарбуз		Shopping_ads		
PLX-402-003	dup:Гарбуз		Shopping_ads		
PLX-402-006	dup:Гарбуз		Shopping_ads		
PLX-402-008	dup:Гарбуз		Shopping_ads		
PLX-402-010	dup:Гарбуз		Shopping_ads		
PLX-402-012	dup:Гарбуз		Shopping_ads		
PLX-402-016	dup:Гарбуз		Shopping_ads		
PLX-402-018	dup:Гарбуз		Shopping_ads		
PLX-402-024	dup:Гарбуз		Shopping_ads		
PLX-402-026	dup:Гарбуз		Shopping_ads		
PLX-402-028	dup:Гарбуз		Shopping_ads		
PLX-402-030	dup:Гарбуз		Shopping_ads		
PLX-402-032	dup:Гарбуз		Shopping_ads		
PLX-402-035	dup:Гарбуз		Shopping_ads		
PLX-402-040	dup:Гарбуз		Shopping_ads		
PLX-402-045	dup:Гарбуз		Shopping_ads		
PLX-402-050	dup:Гарбуз		Shopping_ads		
PLX-402-055	dup:Гарбуз		Shopping_ads		
PLX-403802	dup:Гарбуз		Shopping_ads		
PLX-405128	dup:Гарбуз		Shopping_ads		
PLX-41-001	dup:Гарбуз		Shopping_ads		
PLX-41-002	dup:Гарбуз		Shopping_ads		
PLX-41-003	dup:Гарбуз		Shopping_ads		
PLX-41-004	dup:Гарбуз		Shopping_ads		
PLX-41-005	dup:Гарбуз		Shopping_ads		
PLX-41-006	dup:Гарбуз		Shopping_ads		
PLX-41-007	dup:Гарбуз		Shopping_ads		
PLX-41-008	dup:Гарбуз		Shopping_ads		
PLX-41-009	dup:Гарбуз		Shopping_ads		
PLX-41-010	dup:Гарбуз		Shopping_ads		
PLX-41-011	dup:Гарбуз		Shopping_ads		
PLX-41-013	dup:Гарбуз		Shopping_ads		
PLX-41-014	dup:Гарбуз		Shopping_ads		
PLX-41-015	dup:Гарбуз		Shopping_ads		
PLX-41-016	dup:Гарбуз		Shopping_ads		
PLX-41-017	dup:Гарбуз		Shopping_ads		
PLX-41-018	dup:Гарбуз		Shopping_ads		
PLX-41-020	dup:Едім				
PLX-41-021	dup:Гарбуз		Shopping_ads		
PLX-41-022	dup:Гарбуз		Shopping_ads		
PLX-41-023	dup:Гарбуз		Shopping_ads		
PLX-41-024	dup:Гарбуз		Shopping_ads		
PLX-41-025	dup:Гарбуз		Shopping_ads		
PLX-41-026	dup:Гарбуз		Shopping_ads		
PLX-41-027	dup:Гарбуз		Shopping_ads		
PLX-41-028	dup:Гарбуз		Shopping_ads		
PLX-411	dup:Гарбуз		Shopping_ads		
PLX-413	dup:Гарбуз		Shopping_ads		
PLX-414	dup:Гарбуз		Shopping_ads		
PLX-422	dup:Гарбуз		Shopping_ads		
PLX-423	dup:Едім				
PLX-4251-Б	dup:Гарбуз		Shopping_ads	ne_v_prajsi	
PLX-4253-Б	dup:Гарбуз		Shopping_ads		
PLX-4254-Б	dup:Гарбуз		Shopping_ads	ne_v_prajsi	
PLX-4255-Б	dup:Гарбуз		Shopping_ads		prybutok
PLX-4256-Б	dup:Едім				
PLX-4259-Б	dup:Гарбуз		Shopping_ads		prybutok
PLX-4260-Б	dup:Гарбуз		Shopping_ads		
PLX-4264-Б	dup:Едім				
PLX-43-001	dup:Едім				
PLX-4302-Б	dup:Гарбуз		Shopping_ads		
PLX-4303-Б	dup:Гарбуз		Shopping_ads		
PLX-439	dup:Гарбуз		Shopping_ads		
PLX-44	dup:Гарбуз		Shopping_ads		
PLX-44-001	dup:Гарбуз		Shopping_ads		
PLX-44-004	dup:Гарбуз		Shopping_ads		
PLX-44-005	dup:Гарбуз		Shopping_ads		
PLX-44-006	dup:Гарбуз		Shopping_ads		
PLX-44-007	dup:Гарбуз		Shopping_ads		
PLX-44-008	dup:Гарбуз		Shopping_ads		
PLX-44-009	dup:Гарбуз		Shopping_ads		
PLX-44-012	dup:Гарбуз		Shopping_ads		
PLX-44-013	dup:Гарбуз		Shopping_ads		
PLX-44-014	dup:Гарбуз		Shopping_ads		
PLX-440	dup:Гарбуз		Shopping_ads		
PLX-45	dup:Гарбуз		Shopping_ads		
PLX-45-103	dup:Гарбуз		Shopping_ads	season_off	
PLX-45-153	dup:Гарбуз		Shopping_ads		
PLX-45-413	dup:Гарбуз		Shopping_ads		
PLX-45-414	dup:Гарбуз		Shopping_ads		
PLX-45-417	dup:Гарбуз		Shopping_ads	season_off	
PLX-45-418	dup:Гарбуз		Shopping_ads	season_off	
PLX-45-419	dup:Гарбуз		Shopping_ads		
PLX-45-508	dup:Гарбуз		Shopping_ads	season_off	
PLX-45-590	dup:Гарбуз		Shopping_ads	season_off	prybutok
PLX-45-592	dup:Гарбуз		Shopping_ads	season_off	
PLX-45-598	dup:Гарбуз		Shopping_ads	season_off	
PLX-45-612	dup:Гарбуз		Shopping_ads	season_off	
PLX-45-613	dup:Гарбуз		Shopping_ads	season_off	prybutok
PLX-45-614	dup:Гарбуз		Shopping_ads	season_off	
PLX-45-623	dup:Гарбуз		Shopping_ads	season_off	
PLX-45-624	dup:Гарбуз		Shopping_ads	season_off	prybutok
PLX-45-625	dup:Гарбуз		Shopping_ads	season_off	
PLX-45-632	dup:Гарбуз		Shopping_ads	season_off	
PLX-45-633	dup:Гарбуз		Shopping_ads	season_off	prybutok
PLX-45-634	dup:Гарбуз		Shopping_ads	season_off	
PLX-45-642	dup:Гарбуз		Shopping_ads		
PLX-45-643	dup:Гарбуз		Shopping_ads	season_off	prybutok
PLX-45-644	dup:Гарбуз		Shopping_ads	season_off	
PLX-455	dup:Гарбуз		Shopping_ads		
PLX-46-001	dup:Гарбуз		Shopping_ads		
PLX-46-002	dup:Гарбуз		Shopping_ads		
PLX-469	dup:Гарбуз		Shopping_ads		prybutok
PLX-47	dup:Гарбуз		Shopping_ads	ne_v_prajsi	
PLX-47-001	dup:Гарбуз		Shopping_ads		
PLX-47-002	dup:Гарбуз		Shopping_ads		
PLX-47-003	dup:Гарбуз		Shopping_ads		
PLX-47-004	dup:Гарбуз		Shopping_ads		
PLX-47-005	dup:Гарбуз		Shopping_ads		
PLX-47-006	dup:Гарбуз		Shopping_ads		
PLX-47-007	dup:Гарбуз		Shopping_ads		
PLX-47-008	dup:Гарбуз		Shopping_ads		
PLX-47-009	dup:Гарбуз		Shopping_ads		
PLX-47-010	dup:Гарбуз		Shopping_ads		
PLX-47-011	dup:Гарбуз		Shopping_ads		
PLX-47-012	dup:Гарбуз		Shopping_ads		
PLX-47-015	dup:Гарбуз		Shopping_ads		
PLX-47-017	dup:Гарбуз		Shopping_ads		
PLX-47-018	dup:Гарбуз		Shopping_ads		
PLX-479	dup:Гарбуз		Shopping_ads		
PLX-48	dup:Гарбуз		Shopping_ads	ne_v_prajsi	
PLX-48-001	dup:Гарбуз		Shopping_ads		
PLX-48-003	dup:Гарбуз		Shopping_ads		
PLX-480	dup:Гарбуз		Shopping_ads		
PLX-4810DTG	dup:Едім				
PLX-4810АТ	dup:Гарбуз		Shopping_ads		
PLX-4825DTG	dup:Гарбуз		Shopping_ads		
PLX-4825АТ	dup:Гарбуз		Shopping_ads		
PLX-4850АТ	dup:Гарбуз		Shopping_ads		
PLX-49	dup:Гарбуз		Shopping_ads	ne_v_nayavnosti	
PLX-49-003	dup:Гарбуз		Shopping_ads		
PLX-49-004	dup:Едім				
PLX-49-006	dup:Едім				stop
PLX-490	dup:Едім				
PLX-495	dup:Гарбуз		Shopping_ads		
PLX-497	dup:Гарбуз		Shopping_ads		
PLX-498	dup:Гарбуз		Shopping_ads		
PLX-499	dup:Гарбуз		Shopping_ads		
PLX-50-001	dup:Гарбуз		Shopping_ads		
PLX-50-002	dup:Гарбуз		Shopping_ads		prybutok
PLX-50-003	dup:Гарбуз		Shopping_ads		
PLX-50-004	dup:Гарбуз		Shopping_ads		
PLX-50-005	dup:Гарбуз		Shopping_ads		
PLX-50-006	dup:Гарбуз		Shopping_ads		
PLX-50-50307	dup:Гарбуз		Shopping_ads		
PLX-500	dup:Гарбуз		Shopping_ads		
PLX-500-006С	dup:Гарбуз		Shopping_ads		
PLX-500-008С	dup:Едім				
PLX-500-012С	dup:Гарбуз		Shopping_ads		
PLX-500-014С	dup:Гарбуз		Shopping_ads		
PLX-500-080м	dup:Гарбуз		Shopping_ads		
PLX-500-100	dup:Гарбуз		Shopping_ads		
PLX-500-120	dup:Гарбуз		Shopping_ads		
PLX-500200	dup:Гарбуз		Shopping_ads		
PLX-5006	dup:Гарбуз		Shopping_ads		
PLX-5007	dup:Гарбуз		Shopping_ads		
PLX-5008	dup:Гарбуз		Shopping_ads		
PLX-501	dup:Гарбуз		Shopping_ads	ne_v_nayavnosti	
PLX-502	dup:Гарбуз		Shopping_ads		
PLX-503	dup:Гарбуз		Shopping_ads		
PLX-504	dup:Гарбуз		Shopping_ads		
PLX-506	dup:Гарбуз		Shopping_ads		
PLX-5074	dup:Гарбуз		Shopping_ads		
PLX-508	dup:Гарбуз		Shopping_ads		
PLX-509	dup:Гарбуз		Shopping_ads		
PLX-51	dup:Гарбуз		Shopping_ads	ne_v_nayavnosti	
PLX-51-001	dup:Гарбуз		Shopping_ads		
PLX-51-002	dup:Гарбуз		Shopping_ads		
PLX-51-003	dup:Гарбуз		Shopping_ads		
PLX-51-004	dup:Гарбуз		Shopping_ads		
PLX-51-005	dup:Гарбуз		Shopping_ads		
PLX-51-006	dup:Гарбуз		Shopping_ads		
PLX-51-008	dup:Гарбуз		Shopping_ads		
PLX-51-009	dup:Гарбуз		Shopping_ads		
PLX-51-010	dup:Гарбуз		Shopping_ads		prybutok
PLX-51-012	dup:Гарбуз		Shopping_ads		
PLX-51-021	dup:Едім				
PLX-51-022	dup:Гарбуз		Shopping_ads		prybutok
PLX-51-023	dup:Гарбуз		Shopping_ads		
PLX-51-026	dup:Гарбуз		Shopping_ads		
PLX-51-027	dup:Гарбуз		Shopping_ads		
PLX-51-028	dup:Гарбуз		Shopping_ads		
PLX-51-029	dup:Гарбуз		Shopping_ads		
PLX-51-030	dup:Гарбуз		Shopping_ads		
PLX-51-031	dup:Гарбуз		Shopping_ads		
PLX-51-032	dup:Гарбуз		Shopping_ads		
PLX-51-033	dup:Гарбуз		Shopping_ads		
PLX-51-034	dup:Гарбуз		Shopping_ads		
PLX-51-035	dup:Гарбуз		Shopping_ads		
PLX-51-036	dup:Гарбуз		Shopping_ads		
PLX-51-037	dup:Гарбуз		Shopping_ads		
PLX-51-038	dup:Гарбуз		Shopping_ads		
PLX-51-039	dup:Гарбуз		Shopping_ads		
PLX-51-042	dup:Гарбуз		Shopping_ads		
PLX-51-043	dup:Гарбуз		Shopping_ads		
PLX-51-044	dup:Гарбуз		Shopping_ads		
PLX-51-045	dup:Гарбуз		Shopping_ads		
PLX-51-046	dup:Гарбуз		Shopping_ads		
PLX-51-047	dup:Гарбуз		Shopping_ads		
PLX-51-048	dup:Гарбуз		Shopping_ads		
PLX-51-049	dup:Гарбуз		Shopping_ads		
PLX-51-050	dup:Гарбуз		Shopping_ads		
PLX-51-051	dup:Гарбуз		Shopping_ads		
PLX-51-052	dup:Гарбуз		Shopping_ads		
PLX-51-053	dup:Гарбуз		Shopping_ads		
PLX-51-054	dup:Гарбуз		Shopping_ads		
PLX-51-055	dup:Гарбуз		Shopping_ads		
PLX-51-056	dup:Гарбуз		Shopping_ads		
PLX-51-057	dup:Гарбуз		Shopping_ads		
PLX-51-058	dup:Гарбуз		Shopping_ads		
PLX-51-059	dup:Гарбуз		Shopping_ads		
PLX-51-060	dup:Гарбуз		Shopping_ads		
PLX-51-061	dup:Гарбуз		Shopping_ads		
PLX-51-062	dup:Гарбуз		Shopping_ads		
PLX-51-063	dup:Гарбуз		Shopping_ads		
PLX-51-064	dup:Гарбуз		Shopping_ads		prybutok
PLX-51-065	dup:Гарбуз		Shopping_ads		
PLX-51-066	dup:Гарбуз		Shopping_ads		
PLX-51-067	dup:Гарбуз		Shopping_ads		
PLX-51-068	dup:Гарбуз		Shopping_ads		
PLX-51-069	dup:Гарбуз		Shopping_ads		
PLX-51-070	dup:Гарбуз		Shopping_ads		
PLX-51-071	dup:Гарбуз		Shopping_ads		
PLX-51-072	dup:Гарбуз		Shopping_ads		
PLX-51-073	dup:Гарбуз		Shopping_ads		
PLX-51-074	dup:Гарбуз		Shopping_ads		
PLX-51-076	dup:Гарбуз		Shopping_ads		
PLX-51-077	dup:Гарбуз		Shopping_ads		
PLX-51-078	dup:Гарбуз		Shopping_ads		
PLX-51-079	dup:Гарбуз		Shopping_ads		
PLX-51-080	dup:Гарбуз		Shopping_ads		
PLX-51-081	dup:Гарбуз		Shopping_ads		
PLX-51-082	dup:Гарбуз		Shopping_ads		
PLX-51-083	dup:Едім				
PLX-51-085	dup:Гарбуз		Shopping_ads		
PLX-51-086	dup:Гарбуз		Shopping_ads		
PLX-51-087	dup:Гарбуз		Shopping_ads		
PLX-51-088	dup:Гарбуз		Shopping_ads		
PLX-51-089	dup:Гарбуз		Shopping_ads		
PLX-51-090	dup:Едім				
PLX-51-091	dup:Гарбуз		Shopping_ads		
PLX-51-092	dup:Гарбуз		Shopping_ads		
PLX-51-093	dup:Гарбуз		Shopping_ads		
PLX-51-094	dup:Едім				
PLX-51-112	dup:Гарбуз		Shopping_ads		
PLX-510	dup:Гарбуз		Shopping_ads		
PLX-510003	dup:Гарбуз		Shopping_ads		
PLX-511	dup:Гарбуз		Shopping_ads		
PLX-513	dup:Гарбуз		Shopping_ads		
PLX-515	dup:Гарбуз		Shopping_ads		
PLX-517	dup:Гарбуз		Shopping_ads		prybutok
PLX-518	dup:Гарбуз		Shopping_ads		
PLX-519	dup:Гарбуз		Shopping_ads		
PLX-52	dup:Гарбуз		Shopping_ads		
PLX-52-001	dup:Гарбуз		Shopping_ads		
PLX-52-002	dup:Гарбуз		Shopping_ads		
PLX-520	dup:Гарбуз		Shopping_ads		
PLX-521	dup:Гарбуз		Shopping_ads		
PLX-522	dup:Гарбуз		Shopping_ads		
PLX-523	dup:Гарбуз		Shopping_ads		
PLX-524	dup:Гарбуз		Shopping_ads		
PLX-526	dup:Гарбуз		Shopping_ads		
PLX-527	dup:Гарбуз		Shopping_ads		
PLX-529	dup:Гарбуз		Shopping_ads		
PLX-53	dup:Гарбуз		Shopping_ads		
PLX-53-001	dup:Гарбуз		Shopping_ads		
PLX-53-002			Shopping_ads	ne_v_nayavnosti	prybutok
PLX-53-003	dup:Гарбуз		Shopping_ads		
PLX-53-004	dup:Едім				prybutok
PLX-53-005	dup:Гарбуз		Shopping_ads		
PLX-53-006	dup:Гарбуз		Shopping_ads		
PLX-53-007	dup:Гарбуз		Shopping_ads		
PLX-53-008	dup:Гарбуз		Shopping_ads		
PLX-53-009	dup:Гарбуз		Shopping_ads		
PLX-53-010	dup:Гарбуз		Shopping_ads		
PLX-53-011	dup:Гарбуз		Shopping_ads		
PLX-53-012	dup:Гарбуз		Shopping_ads		
PLX-53-013	dup:Гарбуз		Shopping_ads		
PLX-53-015	dup:Гарбуз		Shopping_ads		
PLX-53-016	dup:Гарбуз		Shopping_ads		
PLX-53-049	dup:Гарбуз		Shopping_ads		
PLX-53-050	dup:Гарбуз		Shopping_ads		
PLX-53-051	dup:Гарбуз		Shopping_ads	ne_v_prajsi	
PLX-53-052	dup:Гарбуз		Shopping_ads		
PLX-53-053	dup:Гарбуз		Shopping_ads		
PLX-53-054	dup:Гарбуз		Shopping_ads		
PLX-53-055	dup:Гарбуз		Shopping_ads		
PLX-53-056	dup:Гарбуз		Shopping_ads		
PLX-53-057	dup:Гарбуз		Shopping_ads		
PLX-53-058	dup:Гарбуз		Shopping_ads		
PLX-53-059	dup:Едім				
PLX-53-060	dup:Гарбуз		Shopping_ads		
PLX-53-061	dup:Гарбуз		Shopping_ads		
PLX-530	dup:Гарбуз		Shopping_ads		
PLX-5301-6130	dup:Гарбуз		Shopping_ads		
PLX-5301-650	dup:Гарбуз		Shopping_ads		
PLX-5301-690	dup:Гарбуз		Shopping_ads		
PLX-5301-8160	dup:Гарбуз		Shopping_ads		
PLX-5301-8230	dup:Гарбуз		Shopping_ads		
PLX-531	dup:Гарбуз		Shopping_ads		
PLX-532	dup:Гарбуз		Shopping_ads		
PLX-533	dup:Гарбуз		Shopping_ads		
PLX-5335	dup:Едім				
PLX-534	dup:Гарбуз		Shopping_ads		
PLX-535	dup:Гарбуз		Shopping_ads		
PLX-536	dup:Гарбуз		Shopping_ads		
PLX-537	dup:Гарбуз		Shopping_ads		prybutok
PLX-5399	dup:Гарбуз		Shopping_ads		
PLX-54-001	dup:Гарбуз		Shopping_ads		
PLX-54-002	dup:Гарбуз		Shopping_ads		
PLX-54-003	dup:Гарбуз		Shopping_ads		
PLX-54-004	dup:Гарбуз		Shopping_ads		
PLX-54-005	dup:Гарбуз		Shopping_ads		
PLX-54-006	dup:Гарбуз		Shopping_ads		
PLX-54-007	dup:Гарбуз		Shopping_ads		
PLX-54-008	dup:Гарбуз		Shopping_ads		
PLX-54-009	dup:Гарбуз		Shopping_ads		prybutok
PLX-54-010	dup:Гарбуз		Shopping_ads		prybutok
PLX-54-011	dup:Гарбуз		Shopping_ads		
PLX-54-012	dup:Гарбуз		Shopping_ads		prybutok
PLX-54-013	dup:Гарбуз		Shopping_ads		prybutok
PLX-54-015	dup:Гарбуз		Shopping_ads		
PLX-54-016	dup:Гарбуз		Shopping_ads		prybutok
PLX-54-017	dup:Гарбуз		Shopping_ads		
PLX-54-018	dup:Гарбуз		Shopping_ads		
PLX-54-019	dup:Гарбуз		Shopping_ads		
PLX-54-020	dup:Гарбуз		Shopping_ads		
PLX-54-022	dup:Гарбуз		Shopping_ads		
PLX-54-023	dup:Гарбуз		Shopping_ads		
PLX-54-024	dup:Гарбуз		Shopping_ads		
PLX-54-025	dup:Гарбуз		Shopping_ads		
PLX-54-026	dup:Гарбуз		Shopping_ads		
PLX-54-027	dup:Гарбуз		Shopping_ads		
PLX-54-028	dup:Гарбуз		Shopping_ads		
PLX-54-029	dup:Гарбуз		Shopping_ads		
PLX-54-030	dup:Гарбуз		Shopping_ads		
PLX-54-031	dup:Гарбуз		Shopping_ads		
PLX-54-033	dup:Гарбуз		Shopping_ads		
PLX-54-034	dup:Гарбуз		Shopping_ads		
PLX-54-035	dup:Гарбуз		Shopping_ads		
PLX-54-036	dup:Гарбуз		Shopping_ads		
PLX-54-037	dup:Гарбуз		Shopping_ads		
PLX-54-038	dup:Гарбуз		Shopping_ads		
PLX-54-039	dup:Гарбуз		Shopping_ads		
PLX-54-040	dup:Гарбуз		Shopping_ads		
PLX-54-041	dup:Гарбуз		Shopping_ads		
PLX-54-042	dup:Гарбуз		Shopping_ads		
PLX-54-043	dup:Гарбуз		Shopping_ads		
PLX-54-044	dup:Гарбуз		Shopping_ads		
PLX-54-045	dup:Гарбуз		Shopping_ads		
PLX-54-046	dup:Гарбуз		Shopping_ads		
PLX-54-047	dup:Гарбуз		Shopping_ads		
PLX-54-048	dup:Гарбуз		Shopping_ads		
PLX-54-049	dup:Гарбуз		Shopping_ads		
PLX-54-050	dup:Гарбуз		Shopping_ads		
PLX-54-051	dup:Гарбуз		Shopping_ads		prybutok
PLX-54-052	dup:Гарбуз		Shopping_ads		
PLX-54-053	dup:Гарбуз		Shopping_ads		
PLX-54-054	dup:Гарбуз		Shopping_ads		
PLX-54-055	dup:Гарбуз		Shopping_ads		
PLX-54-056	dup:Гарбуз		Shopping_ads		
PLX-54-058	dup:Гарбуз		Shopping_ads		
PLX-54-059	dup:Гарбуз		Shopping_ads		
PLX-54-071	dup:Гарбуз		Shopping_ads		
PLX-54-090	dup:Гарбуз		Shopping_ads		
PLX-54-091	dup:Гарбуз		Shopping_ads		
PLX-54-092	dup:Гарбуз		Shopping_ads		
PLX-54-093	dup:Гарбуз		Shopping_ads		
PLX-54-094	dup:Гарбуз		Shopping_ads		
PLX-54-097	dup:Гарбуз		Shopping_ads		
PLX-54-098	dup:Гарбуз		Shopping_ads		
PLX-54-099	dup:Гарбуз		Shopping_ads		
PLX-54-100	dup:Гарбуз		Shopping_ads		
PLX-54-101	dup:Гарбуз		Shopping_ads		
PLX-54-102	dup:Гарбуз		Shopping_ads		
PLX-54-103	dup:Гарбуз		Shopping_ads	ne_v_prajsi	
PLX-54-104	dup:Гарбуз		Shopping_ads		
PLX-54-105	dup:Гарбуз		Shopping_ads		
PLX-54-106	dup:Гарбуз		Shopping_ads		
PLX-54-107	dup:Гарбуз		Shopping_ads		
PLX-54-108	dup:Гарбуз		Shopping_ads		
PLX-54-109	dup:Гарбуз		Shopping_ads		
PLX-54-110	dup:Гарбуз		Shopping_ads		
PLX-54-111	dup:Гарбуз		Shopping_ads		
PLX-54-112	dup:Едім				
PLX-54-113	dup:Гарбуз		Shopping_ads		
PLX-54-114	dup:Гарбуз		Shopping_ads		
PLX-54-115	dup:Гарбуз		Shopping_ads		
PLX-54-116	dup:Гарбуз		Shopping_ads		
PLX-54-125	dup:Гарбуз		Shopping_ads		
PLX-54-126	dup:Гарбуз		Shopping_ads		
PLX-54-127	dup:Гарбуз		Shopping_ads		
PLX-54-128	dup:Гарбуз		Shopping_ads		
PLX-54-129	dup:Гарбуз		Shopping_ads		
PLX-54-130	dup:Гарбуз		Shopping_ads		
PLX-54-131	dup:Гарбуз		Shopping_ads		
PLX-54-132	dup:Гарбуз		Shopping_ads		
PLX-54-133	dup:Гарбуз		Shopping_ads		
PLX-54-134	dup:Гарбуз		Shopping_ads		
PLX-54-135	dup:Гарбуз		Shopping_ads		
PLX-54-136	dup:Гарбуз		Shopping_ads		
PLX-54-137	dup:Гарбуз		Shopping_ads		
PLX-54-138	dup:Гарбуз		Shopping_ads		
PLX-54-139	dup:Гарбуз		Shopping_ads		
PLX-54-140	dup:Гарбуз		Shopping_ads		
PLX-54-141	dup:Гарбуз		Shopping_ads		
PLX-54-142	dup:Гарбуз		Shopping_ads		
PLX-54-143	dup:Гарбуз		Shopping_ads		
PLX-54-144	dup:Гарбуз		Shopping_ads		
PLX-54-145	dup:Гарбуз		Shopping_ads		
PLX-54-146	dup:Гарбуз		Shopping_ads		
PLX-54-147	dup:Гарбуз		Shopping_ads		
PLX-54-148	dup:Гарбуз		Shopping_ads		
PLX-54-149	dup:Гарбуз		Shopping_ads		
PLX-54-150	dup:Гарбуз		Shopping_ads		
PLX-54-151	dup:Гарбуз		Shopping_ads		
PLX-54-152	dup:Гарбуз		Shopping_ads		
PLX-54-153	dup:Гарбуз		Shopping_ads		
PLX-54-154	dup:Гарбуз		Shopping_ads		
PLX-54-155	dup:Гарбуз		Shopping_ads		prybutok
PLX-54-156	dup:Гарбуз		Shopping_ads		
PLX-54-157	dup:Гарбуз		Shopping_ads		
PLX-54-159	dup:Гарбуз		Shopping_ads		
PLX-54-160	dup:Гарбуз		Shopping_ads		
PLX-54-161	dup:Гарбуз		Shopping_ads		
PLX-54-162	dup:Гарбуз		Shopping_ads		
PLX-54-163	dup:Гарбуз		Shopping_ads		
PLX-54-164	dup:Гарбуз		Shopping_ads		
PLX-54-165	dup:Гарбуз		Shopping_ads		
PLX-54-167	dup:Гарбуз		Shopping_ads		
PLX-54-168	dup:Гарбуз		Shopping_ads		
PLX-54-169	dup:Гарбуз		Shopping_ads		
PLX-54-170	dup:Гарбуз		Shopping_ads		
PLX-54-171	dup:Гарбуз		Shopping_ads		
PLX-54-172	dup:Гарбуз		Shopping_ads		
PLX-54-173	dup:Едім				
PLX-54-174	dup:Гарбуз		Shopping_ads		
PLX-54-175	dup:Гарбуз		Shopping_ads		
PLX-54-176	dup:Гарбуз		Shopping_ads		
PLX-54-177	dup:Гарбуз		Shopping_ads		
PLX-54-178	dup:Едім				
PLX-54-179	dup:Гарбуз		Shopping_ads	ne_v_nayavnosti	
PLX-54-181	dup:Гарбуз		Shopping_ads		
PLX-54-183	dup:Гарбуз		Shopping_ads		
PLX-54-184	dup:Гарбуз		Shopping_ads		
PLX-54-185	dup:Гарбуз		Shopping_ads		
PLX-54-186	dup:Гарбуз		Shopping_ads		
PLX-54-187	dup:Гарбуз		Shopping_ads		
PLX-54-188	dup:Гарбуз		Shopping_ads		
PLX-54-190	dup:Гарбуз		Shopping_ads		
PLX-54-191	dup:Гарбуз		Shopping_ads		
PLX-54-193	dup:Гарбуз		Shopping_ads		
PLX-54-194	dup:Гарбуз		Shopping_ads		
PLX-54-195	dup:Гарбуз		Shopping_ads		
PLX-54-196	dup:Гарбуз		Shopping_ads		
PLX-54-197	dup:Гарбуз		Shopping_ads		
PLX-54-198	dup:Гарбуз		Shopping_ads		
PLX-54-199	dup:Гарбуз		Shopping_ads		
PLX-54-200	dup:Гарбуз		Shopping_ads		
PLX-54-201	dup:Гарбуз		Shopping_ads		
PLX-54-202	dup:Гарбуз		Shopping_ads		
PLX-54-203	dup:Гарбуз		Shopping_ads		
PLX-54-204	dup:Гарбуз		Shopping_ads		
PLX-54-205	dup:Гарбуз		Shopping_ads		
PLX-54-206	dup:Гарбуз		Shopping_ads		
PLX-54-207	dup:Гарбуз		Shopping_ads		
PLX-54-208	dup:Гарбуз		Shopping_ads		
PLX-54-209	dup:Гарбуз		Shopping_ads		
PLX-54-211	dup:Гарбуз		Shopping_ads		
PLX-54-212	dup:Гарбуз		Shopping_ads		
PLX-54-213	dup:Гарбуз		Shopping_ads		
PLX-54-214	dup:Гарбуз		Shopping_ads		
PLX-54-215	dup:Гарбуз		Shopping_ads		
PLX-54-216	dup:Гарбуз		Shopping_ads		
PLX-54-217	dup:Гарбуз		Shopping_ads		
PLX-54-218	dup:Гарбуз		Shopping_ads		
PLX-54-219	dup:Гарбуз		Shopping_ads		
PLX-54-220	dup:Гарбуз		Shopping_ads		
PLX-54-221	dup:Гарбуз		Shopping_ads		
PLX-54-222	dup:Гарбуз		Shopping_ads		
PLX-54-223	dup:Гарбуз		Shopping_ads		
PLX-54-224	dup:Гарбуз		Shopping_ads		
PLX-54-225	dup:Гарбуз		Shopping_ads		
PLX-54-226	dup:Гарбуз		Shopping_ads		
PLX-54-227	dup:Гарбуз		Shopping_ads		
PLX-54-228	dup:Гарбуз		Shopping_ads		
PLX-54-229	dup:Гарбуз		Shopping_ads		
PLX-54-230	dup:Гарбуз		Shopping_ads		
PLX-54-231	dup:Гарбуз		Shopping_ads		
PLX-540	dup:Гарбуз		Shopping_ads		
PLX-542	dup:Гарбуз		Shopping_ads		
PLX-544	dup:Гарбуз		Shopping_ads	ne_v_prajsi	
PLX-5441	dup:Гарбуз		Shopping_ads		
PLX-5442	dup:Гарбуз		Shopping_ads		
PLX-5443	dup:Гарбуз		Shopping_ads		
PLX-5444	dup:Гарбуз		Shopping_ads		
PLX-5445	dup:Гарбуз		Shopping_ads		
PLX-545	dup:Гарбуз		Shopping_ads		
PLX-5468	dup:Гарбуз		Shopping_ads		
PLX-547	dup:Гарбуз		Shopping_ads		
PLX-548	dup:Гарбуз		Shopping_ads		
PLX-55-001	dup:Гарбуз		Shopping_ads		
PLX-55-002	dup:Гарбуз		Shopping_ads		
PLX-55-003	dup:Гарбуз		Shopping_ads		
PLX-5501	dup:Гарбуз		Shopping_ads		
PLX-5502	dup:Гарбуз		Shopping_ads		
PLX-550203			Shopping_ads	season_off	
PLX-5503	dup:Гарбуз		Shopping_ads		
PLX-5512	dup:Едім				
PLX-56	dup:Гарбуз		Shopping_ads		
PLX-56-001	dup:Гарбуз		Shopping_ads		
PLX-56-003	dup:Гарбуз		Shopping_ads		
PLX-56-004	dup:Гарбуз		Shopping_ads		
PLX-56-005	dup:Гарбуз		Shopping_ads		
PLX-56-006	dup:Гарбуз		Shopping_ads		
PLX-56-007	dup:Гарбуз		Shopping_ads		
PLX-56-008	dup:Гарбуз		Shopping_ads		
PLX-56-010	dup:Гарбуз		Shopping_ads		
PLX-57-004	dup:Гарбуз		Shopping_ads		
PLX-57553	dup:Гарбуз		Shopping_ads		
PLX-57554	dup:Гарбуз		Shopping_ads		
PLX-57555	dup:Гарбуз		Shopping_ads		
PLX-57556	dup:Гарбуз		Shopping_ads		stop
PLX-57562	dup:Гарбуз		Shopping_ads		
PLX-58-001	dup:Гарбуз		Shopping_ads		
PLX-58-002	dup:Гарбуз		Shopping_ads		
PLX-581	dup:Гарбуз		Shopping_ads		
PLX-582	dup:Гарбуз		Shopping_ads		
PLX-583	dup:Гарбуз		Shopping_ads		
PLX-59-001	dup:Гарбуз		Shopping_ads		
PLX-60	dup:Гарбуз		Shopping_ads		
PLX-601	dup:Гарбуз		Shopping_ads		
PLX-602T	dup:Гарбуз		Shopping_ads		
PLX-61-001	dup:Гарбуз		Shopping_ads		prybutok
PLX-6106	dup:Гарбуз		Shopping_ads		
PLX-617	dup:Гарбуз		Shopping_ads		
PLX-618	dup:Гарбуз		Shopping_ads		
PLX-62-001	dup:Гарбуз		Shopping_ads		
PLX-62-002	dup:Гарбуз		Shopping_ads		
PLX-620	dup:Гарбуз		Shopping_ads		
PLX-62721	dup:Гарбуз		Shopping_ads		
PLX-62722	dup:Гарбуз		Shopping_ads		
PLX-62723	dup:Гарбуз		Shopping_ads		
PLX-62724	dup:Гарбуз		Shopping_ads		
PLX-62768	dup:Гарбуз		Shopping_ads		
PLX-62798	dup:Гарбуз		Shopping_ads		
PLX-63	dup:Гарбуз		Shopping_ads	ne_v_prajsi	
PLX-63-213-АВ	dup:Гарбуз		Shopping_ads		
PLX-641R	dup:Гарбуз		Shopping_ads		
PLX-664	dup:Гарбуз		Shopping_ads		
PLX-665	dup:Гарбуз		Shopping_ads		
PLX-666	dup:Гарбуз		Shopping_ads		
PLX-68	dup:Гарбуз		Shopping_ads		
PLX-69303	dup:Гарбуз		Shopping_ads		
PLX-69609	dup:Гарбуз		Shopping_ads		
PLX-69616	dup:Гарбуз		Shopping_ads		
PLX-69624	dup:Гарбуз		Shopping_ads		
PLX-7-001	dup:Гарбуз		Shopping_ads		
PLX-7-002-001	dup:Гарбуз		Shopping_ads		
PLX-7-002-002	dup:Едім				
PLX-7-002-003	dup:Гарбуз		Shopping_ads		
PLX-7-003	dup:Гарбуз		Shopping_ads		
PLX-7-004	dup:Гарбуз		Shopping_ads		
PLX-7-005	dup:Гарбуз		Shopping_ads		
PLX-7-007	dup:Гарбуз		Shopping_ads		
PLX-7-008	dup:Гарбуз		Shopping_ads		
PLX-7-010	dup:Гарбуз		Shopping_ads		
PLX-7-019	dup:Гарбуз		Shopping_ads		
PLX-7-020	dup:Гарбуз		Shopping_ads		
PLX-7-021	dup:Гарбуз		Shopping_ads		
PLX-70-001	dup:Гарбуз		Shopping_ads	season_off	
PLX-70-002	dup:Гарбуз		Shopping_ads	season_off	
PLX-70-003	dup:Гарбуз		Shopping_ads	season_off	
PLX-70-004	dup:Гарбуз		Shopping_ads	season_off	
PLX-70-011	dup:Гарбуз		Shopping_ads	season_off	
PLX-70-012	dup:Гарбуз		Shopping_ads	season_off	
PLX-70-015	dup:Гарбуз		Shopping_ads		
PLX-70-017	dup:Гарбуз		Shopping_ads		
PLX-70-018	dup:Гарбуз		Shopping_ads		
PLX-70-019	dup:Гарбуз		Shopping_ads		
PLX-70-020	dup:Гарбуз		Shopping_ads		
PLX-70-022	dup:Гарбуз		Shopping_ads	season_off	
PLX-70-023	dup:Гарбуз		Shopping_ads	season_off	
PLX-70-024	dup:Гарбуз		Shopping_ads		
PLX-70-025	dup:Гарбуз		Shopping_ads		
PLX-70-026	dup:Гарбуз		Shopping_ads		
PLX-70-027	dup:Гарбуз		Shopping_ads	season_off	
PLX-70-028	dup:Гарбуз		Shopping_ads	season_off	
PLX-70-029	dup:Гарбуз		Shopping_ads	season_off	
PLX-70-030	dup:Гарбуз		Shopping_ads	season_off	
PLX-70-031	dup:Гарбуз		Shopping_ads	season_off	
PLX-70-032	dup:Гарбуз		Shopping_ads	season_off	
PLX-70-033	dup:Гарбуз		Shopping_ads	season_off	
PLX-70-034	dup:Гарбуз		Shopping_ads	season_off	
PLX-70-040	dup:Гарбуз		Shopping_ads	season_off	
PLX-70-041	dup:Гарбуз		Shopping_ads		prybutok
PLX-70-042	dup:Гарбуз		Shopping_ads		
PLX-70-043	dup:Гарбуз		Shopping_ads	season_off	
PLX-70-044	dup:Гарбуз		Shopping_ads		prybutok
PLX-70-055	dup:Гарбуз		Shopping_ads	season_off	
PLX-70-056	dup:Гарбуз		Shopping_ads	season_off	
PLX-70-057	dup:Гарбуз		Shopping_ads	season_off	
PLX-70-058	dup:Гарбуз		Shopping_ads	season_off	prybutok
PLX-70-059	dup:Гарбуз		Shopping_ads	season_off	
PLX-70-060	dup:Гарбуз		Shopping_ads	season_off	
PLX-70-061	dup:Гарбуз		Shopping_ads	season_off	
PLX-70-062	dup:Гарбуз		Shopping_ads	season_off	
PLX-70-063	dup:Гарбуз		Shopping_ads	season_off	prybutok
PLX-70-064	dup:Гарбуз		Shopping_ads	season_off	
PLX-70-065	dup:Гарбуз		Shopping_ads	season_off	
PLX-70-066	dup:Гарбуз		Shopping_ads	season_off	
PLX-70-067	dup:Гарбуз		Shopping_ads	season_off	
PLX-70-068	dup:Гарбуз		Shopping_ads	season_off	prybutok
PLX-70-069	dup:Гарбуз		Shopping_ads	season_off	
PLX-70-070	dup:Гарбуз		Shopping_ads	season_off	
PLX-70-071	dup:Гарбуз		Shopping_ads	season_off	
PLX-70-072	dup:Гарбуз		Shopping_ads	season_off	
PLX-70-073	dup:Гарбуз		Shopping_ads	season_off	prybutok
PLX-70-074	dup:Гарбуз		Shopping_ads	season_off	
PLX-70-075	dup:Гарбуз		Shopping_ads	season_off	
PLX-70-076	dup:Гарбуз		Shopping_ads	season_off	
PLX-70-077	dup:Гарбуз		Shopping_ads	season_off	
PLX-70-078	dup:Гарбуз		Shopping_ads	season_off	
PLX-70-079	dup:Гарбуз		Shopping_ads	season_off	
PLX-70-080	dup:Гарбуз		Shopping_ads	season_off	
PLX-70-081					prybutok
PLX-70-082	dup:Гарбуз		Shopping_ads	season_off	
PLX-70-083	dup:Гарбуз		Shopping_ads	season_off	
PLX-70-084	dup:Гарбуз		Shopping_ads	season_off	
PLX-70-085	dup:Гарбуз		Shopping_ads	season_off	
PLX-70-086	dup:Гарбуз		Shopping_ads	season_off	prybutok
PLX-70-087	dup:Едім		Shopping_ads	season_off	
PLX-70-088	dup:Гарбуз		Shopping_ads	season_off	
PLX-70-090	dup:Гарбуз		Shopping_ads	season_off	
PLX-70-091	dup:Гарбуз		Shopping_ads	season_off	
PLX-70-092	dup:Гарбуз		Shopping_ads	season_off	
PLX-70-093	dup:Гарбуз		Shopping_ads	season_off	
PLX-70-094	dup:Гарбуз		Shopping_ads	season_off	prybutok
PLX-70-095	dup:Гарбуз		Shopping_ads		
PLX-70-096	dup:Гарбуз		Shopping_ads		
PLX-70-097	dup:Гарбуз		Shopping_ads		
PLX-70-098	dup:Гарбуз		Shopping_ads		
PLX-70-099	dup:Гарбуз		Shopping_ads		
PLX-70-100	dup:Гарбуз		Shopping_ads		
PLX-70-101	dup:Гарбуз		Shopping_ads		
PLX-70-102	dup:Гарбуз		Shopping_ads		
PLX-70-103	dup:Гарбуз		Shopping_ads		
PLX-70-104	dup:Гарбуз		Shopping_ads		
PLX-70-105	dup:Гарбуз		Shopping_ads		
PLX-70-106	dup:Гарбуз		Shopping_ads		
PLX-70-107	dup:Гарбуз		Shopping_ads		
PLX-70-108	dup:Едім				
PLX-70-109	dup:Гарбуз		Shopping_ads		
PLX-70-112	dup:Едім				
PLX-70-113	dup:Гарбуз		Shopping_ads		
PLX-70-114	dup:Едім				
PLX-70-116	dup:Едім				
PLX-70-117	dup:Гарбуз		Shopping_ads		
PLX-70-118	dup:Гарбуз		Shopping_ads		
PLX-70-119	dup:Гарбуз		Shopping_ads		
PLX-70-120	dup:Едім				
PLX-70-121	dup:Едім				
PLX-70-123	dup:Едім				
PLX-70-125	dup:Гарбуз		Shopping_ads		
PLX-70-126	dup:Едім				
PLX-70-127	dup:Гарбуз		Shopping_ads		
PLX-70-129	dup:Едім		Shopping_ads	season_off	
PLX-70-130	dup:Едім		Shopping_ads	season_off	
PLX-70-131	dup:Едім		Shopping_ads	season_off	
PLX-70-132	dup:Гарбуз		Shopping_ads	season_off	
PLX-70-133	dup:Гарбуз		Shopping_ads	season_off	prybutok
PLX-70-134	dup:Гарбуз		Shopping_ads	season_off	
PLX-70-135	dup:Гарбуз		Shopping_ads	season_off	
PLX-70-136	dup:Гарбуз		Shopping_ads	season_off	
PLX-70-137	dup:Гарбуз		Shopping_ads	season_off	
PLX-70-141	dup:Гарбуз		Shopping_ads	season_off	
PLX-70-142	dup:Гарбуз		Shopping_ads	season_off	
PLX-70-143	dup:Гарбуз		Shopping_ads	season_off	
PLX-70-144	dup:Гарбуз		Shopping_ads	season_off	
PLX-70-145			Shopping_ads	season_off	
PLX-70-146	dup:Гарбуз		Shopping_ads	season_off	
PLX-702	dup:Гарбуз		Shopping_ads		
PLX-707	dup:Гарбуз		Shopping_ads		
PLX-708	dup:Гарбуз		Shopping_ads		
PLX-709	dup:Гарбуз		Shopping_ads		
PLX-710	dup:Гарбуз		Shopping_ads		
PLX-711	dup:Гарбуз		Shopping_ads		
PLX-712	dup:Гарбуз		Shopping_ads		
PLX-713	dup:Гарбуз		Shopping_ads		
PLX-714	dup:Едім				
PLX-715	dup:Гарбуз		Shopping_ads		
PLX-716	dup:Гарбуз		Shopping_ads		
PLX-717	dup:Гарбуз		Shopping_ads		
PLX-73	dup:Гарбуз		Shopping_ads		prybutok
PLX-7311	dup:Гарбуз		Shopping_ads		
PLX-7312	dup:Едім				
PLX-7313	dup:Едім				
PLX-7321	dup:Едім				
PLX-7322	dup:Едім				
PLX-7412	dup:Гарбуз		Shopping_ads		
PLX-7413	dup:Гарбуз		Shopping_ads		
PLX-7414	dup:Гарбуз		Shopping_ads		
PLX-746	dup:Гарбуз		Shopping_ads		
PLX-770	dup:Гарбуз		Shopping_ads		
PLX-771	dup:Гарбуз		Shopping_ads		
PLX-771-01-04	dup:Гарбуз		Shopping_ads		
PLX-772-01-04	dup:Гарбуз		Shopping_ads		
PLX-773-01-04	dup:Гарбуз		Shopping_ads		
PLX-796-01-04	dup:Гарбуз		Shopping_ads	season_off	
PLX-798-01-04	dup:Гарбуз		Shopping_ads		
PLX-81203	dup:Гарбуз		Shopping_ads		
PLX-81204	dup:Гарбуз		Shopping_ads		
PLX-81206	dup:Гарбуз		Shopping_ads		
PLX-81208	dup:Гарбуз		Shopping_ads		
PLX-81210	dup:Гарбуз		Shopping_ads		
PLX-81212	dup:Гарбуз		Shopping_ads		
PLX-81215	dup:Гарбуз		Shopping_ads		
PLX-813	dup:Гарбуз		Shopping_ads	ne_v_nayavnosti	
PLX-814	dup:Гарбуз		Shopping_ads		
PLX-815	dup:Гарбуз		Shopping_ads		
PLX-816	dup:Гарбуз		Shopping_ads		
PLX-817	dup:Гарбуз		Shopping_ads		
PLX-818	dup:Гарбуз		Shopping_ads		
PLX-819	dup:Гарбуз		Shopping_ads		
PLX-820	dup:Гарбуз		Shopping_ads		
PLX-828090	dup:Гарбуз		Shopping_ads		
PLX-828091	dup:Гарбуз		Shopping_ads		
PLX-828092	dup:Гарбуз		Shopping_ads		
PLX-828095	dup:Гарбуз		Shopping_ads		
PLX-828096	dup:Гарбуз		Shopping_ads		
PLX-828099	dup:Гарбуз		Shopping_ads		
PLX-828106	dup:Гарбуз		Shopping_ads		
PLX-828107	dup:Едім				
PLX-828111	dup:Гарбуз		Shopping_ads		
PLX-828114	dup:Гарбуз		Shopping_ads		
PLX-828115	dup:Гарбуз		Shopping_ads		
PLX-83	dup:Гарбуз		Shopping_ads		
PLX-830314	dup:Гарбуз		Shopping_ads		
PLX-830319	dup:Гарбуз		Shopping_ads		
PLX-830320	dup:Гарбуз		Shopping_ads		
PLX-830322	dup:Гарбуз		Shopping_ads		
PLX-830325	dup:Гарбуз		Shopping_ads		
PLX-830520	dup:Едім				
PLX-840	dup:Гарбуз		Shopping_ads		
PLX-843	dup:Гарбуз		Shopping_ads		
PLX-85-0423-AB	dup:Гарбуз		Shopping_ads		
PLX-85-0423-SN/CP	dup:Гарбуз		Shopping_ads		
PLX-851	dup:Гарбуз		Shopping_ads		
PLX-86	dup:Гарбуз		Shopping_ads		
PLX-864	dup:Гарбуз		Shopping_ads		
PLX-872	dup:Гарбуз		Shopping_ads		
PLX-878	dup:Гарбуз		Shopping_ads		
PLX-879	dup:Гарбуз		Shopping_ads		
PLX-880	dup:Гарбуз		Shopping_ads		
PLX-881	dup:Гарбуз		Shopping_ads		
PLX-883	dup:Гарбуз		Shopping_ads		
PLX-89	dup:Гарбуз		Shopping_ads		
PLX-895204	dup:Гарбуз		Shopping_ads		
PLX-895642	dup:Гарбуз		Shopping_ads		
PLX-899422	dup:Гарбуз		Shopping_ads		
PLX-899461	dup:Гарбуз		Shopping_ads		
PLX-90011064	dup:Гарбуз		Shopping_ads		
PLX-90016132	dup:Гарбуз		Shopping_ads		prybutok
PLX-90016224	dup:Едім				prybutok
PLX-90016225	dup:Едім				prybutok
PLX-90016226	dup:Гарбуз		Shopping_ads		
PLX-90016227	dup:Едім				
PLX-90016228	dup:Едім				
PLX-90016230	dup:Едім				
PLX-90016234	dup:Едім				prybutok
PLX-90016235	dup:Гарбуз		Shopping_ads	ne_v_nayavnosti	prybutok
PLX-90016237	dup:Едім				
PLX-90016239	dup:Едім				
PLX-90016240	dup:Едім				
PLX-90016266	dup:Едім				
PLX-90016272	dup:Едім				
PLX-90016283	dup:Едім				
PLX-90016285	dup:Гарбуз		Shopping_ads		
PLX-90016293	dup:Гарбуз		Shopping_ads		
PLX-90016294	dup:Гарбуз		Shopping_ads		prybutok
PLX-90016295	dup:Гарбуз		Shopping_ads		
PLX-90016296	dup:Гарбуз		Shopping_ads		prybutok
PLX-90016297	dup:Едім				
PLX-90016298	dup:Гарбуз		Shopping_ads		
PLX-90016300	dup:Едім				prybutok
PLX-90016301	dup:Едім				
PLX-90016302	dup:Гарбуз		Shopping_ads		
PLX-90016303	dup:Гарбуз		Shopping_ads		
PLX-90016304	dup:Едім				
PLX-90016552	dup:Гарбуз		Shopping_ads		
PLX-90016554					prybutok
PLX-90016555	dup:Гарбуз		Shopping_ads		
PLX-90016556	dup:Гарбуз		Shopping_ads		
PLX-90016560	dup:Гарбуз		Shopping_ads		
PLX-90016561	dup:Гарбуз		Shopping_ads		
PLX-90016562	dup:Гарбуз		Shopping_ads		
PLX-90016563	dup:Гарбуз		Shopping_ads		
PLX-90016564	dup:Гарбуз		Shopping_ads		
PLX-90016565	dup:Гарбуз		Shopping_ads		
PLX-90016566	dup:Гарбуз		Shopping_ads		
PLX-90016567	dup:Гарбуз		Shopping_ads		
PLX-90016568	dup:Гарбуз		Shopping_ads		
PLX-90016578	dup:Гарбуз		Shopping_ads		
PLX-90016581	dup:Гарбуз		Shopping_ads		
PLX-90016582	dup:Гарбуз		Shopping_ads		prybutok
PLX-90016583	dup:Гарбуз		Shopping_ads		prybutok
PLX-90016584	dup:Гарбуз		Shopping_ads		
PLX-90016585	dup:Гарбуз		Shopping_ads		
PLX-90016586	dup:Гарбуз		Shopping_ads		
PLX-90016610	dup:Гарбуз		Shopping_ads		
PLX-90016718	dup:Гарбуз		Shopping_ads		
PLX-90016719	dup:Гарбуз		Shopping_ads		
PLX-90016819			Shopping_ads	ne_v_nayavnosti	
PLX-90016970	dup:Гарбуз		Shopping_ads		
PLX-90016971	dup:Гарбуз		Shopping_ads		
PLX-90016972	dup:Гарбуз		Shopping_ads		
PLX-90016973	dup:Гарбуз		Shopping_ads		
PLX-90016974	dup:Гарбуз		Shopping_ads		
PLX-90016975	dup:Гарбуз		Shopping_ads		
PLX-90016976	dup:Гарбуз		Shopping_ads		
PLX-90016986	dup:Гарбуз		Shopping_ads		
PLX-90016987	dup:Едім				
PLX-90025682	dup:Едім				
PLX-90025801	dup:Гарбуз		Shopping_ads		
PLX-90025802	dup:Гарбуз		Shopping_ads		
PLX-90025803	dup:Гарбуз		Shopping_ads		
PLX-90025931	dup:Гарбуз		Shopping_ads		
PLX-90025932	dup:Гарбуз		Shopping_ads		
PLX-90025934	dup:Гарбуз		Shopping_ads		
PLX-90025949	dup:Гарбуз		Shopping_ads		
PLX-90025950	dup:Гарбуз		Shopping_ads		
PLX-90025952	dup:Гарбуз		Shopping_ads		
PLX-90025953	dup:Гарбуз		Shopping_ads		
PLX-90025955	dup:Едім				
PLX-90025956	dup:Гарбуз		Shopping_ads		
PLX-90025957	dup:Гарбуз		Shopping_ads		prybutok
PLX-90025958	dup:Гарбуз		Shopping_ads		prybutok
PLX-90025959			Shopping_ads	ne_v_nayavnosti	prybutok
PLX-90025960	dup:Гарбуз		Shopping_ads		prybutok
PLX-90026693	dup:Гарбуз		Shopping_ads		
PLX-90026694	dup:Гарбуз		Shopping_ads		
PLX-90026695	dup:Гарбуз		Shopping_ads		
PLX-90026696	dup:Гарбуз		Shopping_ads		
PLX-90026697	dup:Гарбуз		Shopping_ads		
PLX-90026699	dup:Гарбуз		Shopping_ads		
PLX-90026700	dup:Гарбуз		Shopping_ads		
PLX-90026701	dup:Гарбуз		Shopping_ads		
PLX-90026702	dup:Гарбуз		Shopping_ads		
PLX-90026704	dup:Гарбуз		Shopping_ads		
PLX-90026705	dup:Гарбуз		Shopping_ads		
PLX-90026706	dup:Гарбуз		Shopping_ads		
PLX-90026707	dup:Гарбуз		Shopping_ads		
PLX-90026708	dup:Гарбуз		Shopping_ads		
PLX-90026709	dup:Гарбуз		Shopping_ads		
PLX-90026710	dup:Гарбуз		Shopping_ads		
PLX-90026711	dup:Гарбуз		Shopping_ads		
PLX-90026713	dup:Гарбуз		Shopping_ads		
PLX-90026715	dup:Гарбуз		Shopping_ads		
PLX-90026717	dup:Гарбуз		Shopping_ads		
PLX-90026718	dup:Гарбуз		Shopping_ads		
PLX-90026719	dup:Гарбуз		Shopping_ads		
PLX-90026720	dup:Гарбуз		Shopping_ads		prybutok
PLX-90026721	dup:Гарбуз		Shopping_ads		prybutok
PLX-90026722	dup:Гарбуз		Shopping_ads		prybutok
PLX-90026723	dup:Гарбуз		Shopping_ads		
PLX-90026724	dup:Гарбуз		Shopping_ads		
PLX-90026725	dup:Гарбуз		Shopping_ads		
PLX-90026726	dup:Гарбуз		Shopping_ads		
PLX-90026727	dup:Гарбуз		Shopping_ads		
PLX-90026728	dup:Гарбуз		Shopping_ads		
PLX-90026729	dup:Гарбуз		Shopping_ads		
PLX-90026730	dup:Гарбуз		Shopping_ads		
PLX-90026732	dup:Гарбуз		Shopping_ads		
PLX-90026733	dup:Гарбуз		Shopping_ads		
PLX-90026735	dup:Гарбуз		Shopping_ads		
PLX-90026736	dup:Едім				
PLX-90026737	dup:Гарбуз		Shopping_ads		
PLX-90026738	dup:Гарбуз		Shopping_ads		
PLX-90026739	dup:Гарбуз		Shopping_ads		
PLX-90026740	dup:Гарбуз		Shopping_ads		
PLX-90026741	dup:Гарбуз		Shopping_ads		
PLX-90026742	dup:Гарбуз		Shopping_ads		
PLX-90026743	dup:Гарбуз		Shopping_ads		
PLX-90026744	dup:Гарбуз		Shopping_ads		
PLX-90026746	dup:Гарбуз		Shopping_ads		
PLX-90026747	dup:Гарбуз		Shopping_ads		
PLX-90026748	dup:Гарбуз		Shopping_ads		
PLX-90026750	dup:Гарбуз		Shopping_ads		
PLX-90026752	dup:Гарбуз		Shopping_ads		
PLX-90026753	dup:Гарбуз		Shopping_ads		
PLX-90026754	dup:Гарбуз		Shopping_ads		
PLX-90026755	dup:Гарбуз		Shopping_ads		
PLX-90026756	dup:Гарбуз		Shopping_ads		
PLX-90026757	dup:Гарбуз		Shopping_ads		
PLX-90026758	dup:Гарбуз		Shopping_ads		
PLX-90026870	dup:Гарбуз		Shopping_ads		
PLX-90026871	dup:Гарбуз		Shopping_ads		
PLX-90026872	dup:Гарбуз		Shopping_ads		
PLX-90026873	dup:Гарбуз		Shopping_ads		
PLX-90026874	dup:Гарбуз		Shopping_ads		
PLX-90026875	dup:Гарбуз		Shopping_ads		
PLX-90026876	dup:Гарбуз		Shopping_ads		
PLX-90026877	dup:Гарбуз		Shopping_ads		
PLX-90026878	dup:Гарбуз		Shopping_ads		
PLX-90026879	dup:Гарбуз		Shopping_ads		
PLX-90026880	dup:Гарбуз		Shopping_ads		
PLX-90026881	dup:Гарбуз		Shopping_ads		
PLX-900440	dup:Едім				
PLX-900442	dup:Гарбуз		Shopping_ads		
PLX-900444	dup:Гарбуз		Shopping_ads		
PLX-901	dup:Гарбуз		Shopping_ads		
PLX-91	dup:Едім				
PLX-91662	dup:Гарбуз		Shopping_ads		
PLX-91681	dup:Гарбуз		Shopping_ads		
PLX-92174	dup:Гарбуз		Shopping_ads		
PLX-923	dup:Гарбуз		Shopping_ads		
PLX-924	dup:Гарбуз		Shopping_ads		
PLX-929	dup:Едім				
PLX-93641	dup:Гарбуз		Shopping_ads		
PLX-940004	dup:Гарбуз		Shopping_ads		
PLX-940006	dup:Гарбуз		Shopping_ads		
PLX-940008	dup:Гарбуз		Shopping_ads		
PLX-940021			Shopping_ads	ne_v_nayavnosti	
PLX-940022	dup:Гарбуз		Shopping_ads	ne_v_nayavnosti	
PLX-940023			Shopping_ads	ne_v_nayavnosti	
PLX-940024					stop
PLX-940026	dup:Гарбуз		Shopping_ads		
PLX-940027	dup:Едім				
PLX-940028	dup:Гарбуз		Shopping_ads		
PLX-940029	dup:Едім				
PLX-940030	dup:Гарбуз		Shopping_ads		
PLX-940031	dup:Гарбуз		Shopping_ads		
PLX-940036	dup:Гарбуз		Shopping_ads		
PLX-940037	dup:Гарбуз		Shopping_ads		
PLX-940038	dup:Гарбуз		Shopping_ads	ne_v_prajsi	
PLX-940039	dup:Гарбуз		Shopping_ads		
PLX-940040	dup:Гарбуз		Shopping_ads		
PLX-941	dup:Гарбуз		Shopping_ads		
PLX-950	dup:Гарбуз		Shopping_ads		
PLX-951345	dup:Гарбуз		Shopping_ads	season_off	
PLX-951346	dup:Гарбуз		Shopping_ads	season_off	
PLX-951347	dup:Гарбуз		Shopping_ads	season_off	
PLX-951348	dup:Едім				
PLX-951352	dup:Едім				
PLX-951353	dup:Гарбуз		Shopping_ads		
PLX-951354	dup:Едім				
PLX-951355	dup:Едім				
PLX-951362	dup:Едім				
PLX-951405	dup:Едім				
PLX-951406	dup:Гарбуз		Shopping_ads		
PLX-951425	dup:Гарбуз		Shopping_ads		
PLX-951431	dup:Гарбуз		Shopping_ads		
PLX-951432	dup:Едім				
PLX-951433	dup:Едім				
PLX-951434	dup:Гарбуз		Shopping_ads		
PLX-951436	dup:Гарбуз		Shopping_ads		
PLX-951437	dup:Гарбуз		Shopping_ads		
PLX-951438	dup:Едім				
PLX-951439	dup:Гарбуз		Shopping_ads		
PLX-951452	dup:Гарбуз		Shopping_ads		
PLX-951453	dup:Гарбуз		Shopping_ads		
PLX-951456	dup:Гарбуз		Shopping_ads		
PLX-951457	dup:Гарбуз		Shopping_ads		
PLX-951458	dup:Едім				
PLX-951459	dup:Гарбуз		Shopping_ads		
PLX-951483	dup:Гарбуз		Shopping_ads		
PLX-951484	dup:Гарбуз		Shopping_ads		
PLX-951485	dup:Едім				
PLX-951486	dup:Гарбуз		Shopping_ads		
PLX-951503	dup:Гарбуз		Shopping_ads		prybutok
PLX-951506	dup:Гарбуз		Shopping_ads		
PLX-951511	dup:Гарбуз		Shopping_ads	ne_v_prajsi	
PLX-951516	dup:Гарбуз		Shopping_ads		
PLX-951900	dup:Гарбуз		Shopping_ads		
PLX-951903	dup:Гарбуз		Shopping_ads		
PLX-951904	dup:Гарбуз		Shopping_ads		
PLX-951906	dup:Гарбуз		Shopping_ads		
PLX-954	dup:Гарбуз		Shopping_ads		
PLX-955	dup:Едім				
PLX-956	dup:Гарбуз		Shopping_ads		
PLX-960766			Shopping_ads	season_off	
PLX-9636	dup:Гарбуз		Shopping_ads		
PLX-965	dup:Гарбуз		Shopping_ads		
PLX-965080	dup:Гарбуз		Shopping_ads		
PLX-965081	dup:Гарбуз		Shopping_ads		
PLX-967	dup:Гарбуз		Shopping_ads		
PLX-968	dup:Гарбуз		Shopping_ads		
PLX-969	dup:Едім				
PLX-981	dup:Едім				
PLX-983	dup:Гарбуз		Shopping_ads		
PLX-98412	dup:Гарбуз		Shopping_ads		
PLX-98413	dup:Гарбуз		Shopping_ads		
PLX-985	dup:Гарбуз		Shopping_ads		
PLX-990	dup:Гарбуз		Shopping_ads		
PLX-A-0423	dup:Гарбуз		Shopping_ads		
PLX-AB-1272	dup:Едім				
PLX-AW-170141000	dup:Едім				
PLX-AW-170141500	dup:Гарбуз		Shopping_ads		
PLX-AW-17014800	dup:Гарбуз		Shopping_ads		
PLX-AW-170600	dup:Едім				
PLX-B2W, RAL8019	dup:Гарбуз		Shopping_ads		
PLX-B2W, RAL9005	dup:Гарбуз		Shopping_ads		
PLX-B2W, RAL9006	dup:Гарбуз		Shopping_ads		
PLX-B2W, RAL9016	dup:Гарбуз		Shopping_ads		
PLX-B3D, RAL8019	dup:Гарбуз		Shopping_ads		
PLX-B3D, RAL9006	dup:Гарбуз		Shopping_ads		
PLX-B3W, RAL8019	dup:Гарбуз		Shopping_ads		
PLX-B3W, RAL9005	dup:Гарбуз		Shopping_ads		
PLX-B3W, RAL9006	dup:Гарбуз		Shopping_ads		
PLX-B3W, RAL9016	dup:Гарбуз		Shopping_ads		
PLX-B4W, RAL8019	dup:Гарбуз		Shopping_ads		
PLX-B4W, RAL9005	dup:Гарбуз		Shopping_ads		
PLX-B4W, RAL9006	dup:Гарбуз		Shopping_ads		
PLX-B4W, RAL9016	dup:Гарбуз		Shopping_ads		
PLX-B5W, RAL8019	dup:Гарбуз		Shopping_ads		
PLX-B5W, RAL9005	dup:Гарбуз		Shopping_ads		
PLX-B5W, RAL9006	dup:Гарбуз		Shopping_ads		
PLX-B5W, RAL9016	dup:Гарбуз		Shopping_ads		
PLX-BC 2940	dup:Гарбуз		Shopping_ads		
PLX-BC2950	dup:Гарбуз		Shopping_ads		
PLX-BC2960	dup:Гарбуз		Shopping_ads		
PLX-BC2970	dup:Едім				
PLX-BK 28Z АВ	dup:Гарбуз		Shopping_ads	ne_v_nayavnosti	
PLX-BK16A BN/GP	dup:Гарбуз		Shopping_ads		
PLX-BK16Z АВ	dup:Гарбуз		Shopping_ads		
PLX-C-0416	dup:Гарбуз		Shopping_ads		
PLX-CL100200	dup:Гарбуз		Shopping_ads		
PLX-CL150200	dup:Гарбуз		Shopping_ads		
PLX-CL200200	dup:Гарбуз		Shopping_ads		
PLX-D-0031	dup:Гарбуз		Shopping_ads		
PLX-D-0032	dup:Гарбуз		Shopping_ads		
PLX-D-03-101	dup:Едім				
PLX-D-03-102	dup:Гарбуз		Shopping_ads		
PLX-D-03-103	dup:Гарбуз		Shopping_ads	ne_v_prajsi	
PLX-D-03-104	dup:Гарбуз		Shopping_ads		
PLX-DM 005-001	dup:Гарбуз		Shopping_ads	season_off	
PLX-DM-101	dup:Гарбуз		Shopping_ads	season_off	
PLX-DM-102	dup:Гарбуз		Shopping_ads	season_off	
PLX-DM-103	dup:Гарбуз		Shopping_ads	season_off	
PLX-DM-104	dup:Гарбуз		Shopping_ads	season_off	
PLX-DM-105	dup:Гарбуз		Shopping_ads		
PLX-DM-106	dup:Гарбуз		Shopping_ads	season_off	
PLX-DM-151	dup:Гарбуз		Shopping_ads	season_off	
PLX-DM-152	dup:Едім		Shopping_ads	season_off	
PLX-DM-154	dup:Гарбуз		Shopping_ads	season_off	
PLX-E-02-101	dup:Гарбуз		Shopping_ads		
PLX-ES-1030	dup:Едім				
PLX-ES-1040	dup:Едім				
PLX-FL 1550L	dup:Гарбуз		Shopping_ads		
PLX-FL1540	dup:Гарбуз		Shopping_ads		
PLX-FL1550	dup:Гарбуз		Shopping_ads		
PLX-FL1565	dup:Гарбуз		Shopping_ads		
PLX-FL1565L	dup:Гарбуз		Shopping_ads		
PLX-FP-0022	dup:Гарбуз		Shopping_ads		
PLX-FP-0417	dup:Гарбуз		Shopping_ads		
PLX-FP-0568	dup:Гарбуз		Shopping_ads		
PLX-FP-0569	dup:Гарбуз		Shopping_ads		prybutok
PLX-FRS-0472	dup:Гарбуз		Shopping_ads		prybutok
PLX-FU-0419	dup:Едім				
PLX-FU-0421	dup:Едім				
PLX-G00316	dup:Гарбуз		Shopping_ads		
PLX-G00387	dup:Гарбуз		Shopping_ads		
PLX-GF-0422	dup:Гарбуз		Shopping_ads	ne_v_prajsi	
PLX-GF-0517	dup:Гарбуз		Shopping_ads		
PLX-GR 38	dup:Гарбуз		Shopping_ads		
PLX-GR 50	dup:Гарбуз		Shopping_ads		
PLX-GR 50 - L	dup:Гарбуз		Shopping_ads		
PLX-GR 60 - L	dup:Гарбуз		Shopping_ads		
PLX-GR 63	dup:Гарбуз		Shopping_ads		
PLX-GR 75	dup:Гарбуз		Shopping_ads		
PLX-H-42CP-L	dup:Гарбуз		Shopping_ads		
PLX-H464	dup:Гарбуз		Shopping_ads		
PLX-H465	dup:Гарбуз		Shopping_ads		
PLX-H466	dup:Гарбуз		Shopping_ads		
PLX-HA40	dup:Гарбуз		Shopping_ads		
PLX-HA50	dup:Гарбуз		Shopping_ads		
PLX-HA60	dup:Гарбуз		Shopping_ads		
PLX-HA70	dup:Гарбуз		Shopping_ads		
PLX-HK3030SN	dup:Гарбуз		Shopping_ads		
PLX-HK3030TBR	dup:Гарбуз		Shopping_ads		
PLX-HK3030TSN	dup:Гарбуз		Shopping_ads		
PLX-HK3040SN	dup:Гарбуз		Shopping_ads		
PLX-HK3040TSN	dup:Гарбуз		Shopping_ads		
PLX-HK3050SN	dup:Гарбуз		Shopping_ads		
PLX-HK3050TSN	dup:Гарбуз		Shopping_ads		
PLX-HK3060SN	dup:Гарбуз		Shopping_ads		
PLX-HK3535SN	dup:Гарбуз		Shopping_ads		
PLX-HK3535TSN	dup:Гарбуз		Shopping_ads		
PLX-HK3545SN	dup:Гарбуз		Shopping_ads		
PLX-HK3545TSN	dup:Гарбуз		Shopping_ads		
PLX-HK3555SN	dup:Гарбуз		Shopping_ads		
PLX-HK3555TSN	dup:Гарбуз		Shopping_ads		
PLX-HK4030TSN	dup:Едім				
PLX-HK4040SN	dup:Гарбуз		Shopping_ads		
PLX-HK4040TSN	dup:Гарбуз		Shopping_ads		
PLX-HK4050TSN	dup:Едім				
PLX-HK4055TSN	dup:Гарбуз		Shopping_ads		
PLX-HK4060TSN	dup:Гарбуз		Shopping_ads		
PLX-HK4545SN	dup:Гарбуз		Shopping_ads		
PLX-HK4545TSN	dup:Гарбуз		Shopping_ads		
PLX-HK4550TSN	dup:Гарбуз		Shopping_ads		
PLX-HK5030TSN	dup:Гарбуз		Shopping_ads		
PLX-HK5040SN	dup:Гарбуз		Shopping_ads		
PLX-HK5040TSN	dup:Едім				
PLX-HK5045SN	dup:Едім				
PLX-HK5045TSN	dup:Гарбуз		Shopping_ads		
PLX-HK5050SN	dup:Гарбуз		Shopping_ads		
PLX-HK5540TSN	dup:Гарбуз		Shopping_ads		
PLX-HK5555SN	dup:Гарбуз		Shopping_ads		
PLX-HK5555TSN	dup:Едім				
PLX-HK6030TSN	dup:Гарбуз		Shopping_ads		
PLX-HK6040BR	dup:Едім				
PLX-HK6040SN	dup:Едім				
PLX-HK6040TBR	dup:Гарбуз		Shopping_ads		
PLX-HK6060SN	dup:Гарбуз		Shopping_ads		
PLX-HRS-0413	dup:Гарбуз		Shopping_ads		
PLX-HT-066-020	dup:Гарбуз		Shopping_ads	season_off	
PLX-HT-066-025	dup:Гарбуз		Shopping_ads	season_off	
PLX-HT-066-030	dup:Гарбуз		Shopping_ads	ne_v_nayavnosti	
PLX-HT-11-293	dup:Гарбуз		Shopping_ads	season_off	
PLX-HT-11-294	dup:Гарбуз		Shopping_ads	season_off	
PLX-HT-11-295	dup:Гарбуз		Shopping_ads	season_off	
PLX-HT-17-201	dup:Гарбуз		Shopping_ads		
PLX-HT-17-202	dup:Гарбуз		Shopping_ads		
PLX-HT-17-203	dup:Гарбуз		Shopping_ads		
PLX-HT-17-204	dup:Гарбуз		Shopping_ads		
PLX-HT-17-205	dup:Гарбуз		Shopping_ads		prybutok
PLX-HT-17-206	dup:Гарбуз		Shopping_ads		
PLX-HT-17-402	dup:Гарбуз		Shopping_ads		
PLX-HT-17-403	dup:Гарбуз		Shopping_ads		
PLX-HT-17-404	dup:Гарбуз		Shopping_ads		
PLX-HT-17-405	dup:Гарбуз		Shopping_ads		
PLX-HT-17-406	dup:Гарбуз		Shopping_ads		prybutok
PLX-HT-17-407	dup:Гарбуз		Shopping_ads		
PLX-HT-17-505	dup:Гарбуз		Shopping_ads		prybutok
PLX-HT-17-602	dup:Гарбуз		Shopping_ads		
PLX-HT-17-603	dup:Гарбуз		Shopping_ads		
PLX-HT-17-604	dup:Едім				
PLX-HT-17-605	dup:Гарбуз		Shopping_ads		
PLX-HT-17-701	dup:Гарбуз		Shopping_ads		
PLX-HT-17-703	dup:Гарбуз		Shopping_ads	ne_v_prajsi	
PLX-HT-17-704	dup:Гарбуз		Shopping_ads		
PLX-HT-17-901	dup:Гарбуз		Shopping_ads		
PLX-HT-17-902	dup:Гарбуз		Shopping_ads		
PLX-HT-17-903	dup:Гарбуз		Shopping_ads		
PLX-HT-17-904	dup:Гарбуз		Shopping_ads		
PLX-HT-17-905	dup:Гарбуз		Shopping_ads		prybutok
PLX-HT-17-906	dup:Гарбуз		Shopping_ads		
PLX-HT-19-003	dup:Гарбуз		Shopping_ads		
PLX-HT-21-030	dup:Гарбуз		Shopping_ads		
PLX-HT-21-040	dup:Гарбуз		Shopping_ads		
PLX-HT-21-100	dup:Гарбуз		Shopping_ads		
PLX-HT-21-102	dup:Гарбуз		Shopping_ads		
PLX-HT-21-103	dup:Гарбуз		Shopping_ads		
PLX-HT-21-108	dup:Гарбуз		Shopping_ads		
PLX-HT-21-109	dup:Гарбуз		Shopping_ads		
PLX-HT-21-110	dup:Гарбуз		Shopping_ads		
PLX-HT-21-111	dup:Гарбуз		Shopping_ads		
PLX-HT-21-112	dup:Гарбуз		Shopping_ads		
PLX-HT-21-113	dup:Гарбуз		Shopping_ads		
PLX-HT-21-114	dup:Гарбуз		Shopping_ads		
PLX-HT-21-116	dup:Гарбуз		Shopping_ads		
PLX-HT-21-117	dup:Гарбуз		Shopping_ads		
PLX-HT-21-118	dup:Гарбуз		Shopping_ads		
PLX-HT-21-119	dup:Гарбуз		Shopping_ads		
PLX-HT-21-120	dup:Гарбуз		Shopping_ads		
PLX-HT-21-121	dup:Гарбуз		Shopping_ads		
PLX-HT-21-129	dup:Гарбуз		Shopping_ads		
PLX-HT-21-130	dup:Гарбуз		Shopping_ads		
PLX-HT-21-131	dup:Гарбуз		Shopping_ads		
PLX-HT-21-203	dup:Гарбуз		Shopping_ads		
PLX-HT-21-204	dup:Гарбуз		Shopping_ads		
PLX-HT-21-205	dup:Гарбуз		Shopping_ads		
PLX-HT-21-206	dup:Гарбуз		Shopping_ads		
PLX-HT-21-207	dup:Гарбуз		Shopping_ads		
PLX-HT-21-208	dup:Гарбуз		Shopping_ads		
PLX-HT-21-209	dup:Гарбуз		Shopping_ads		
PLX-HT-21-210	dup:Гарбуз		Shopping_ads		
PLX-HT-21-227	dup:Гарбуз		Shopping_ads		
PLX-HT-21-228	dup:Гарбуз		Shopping_ads		
PLX-HT-21-229	dup:Гарбуз		Shopping_ads		
PLX-HT-21-230	dup:Гарбуз		Shopping_ads		
PLX-HT-21-255	dup:Гарбуз		Shopping_ads		
PLX-HT-21-305	dup:Гарбуз		Shopping_ads		
PLX-HT-21-306	dup:Гарбуз		Shopping_ads		
PLX-HT-21-307	dup:Гарбуз		Shopping_ads		
PLX-HT-21-308	dup:Гарбуз		Shopping_ads		prybutok
PLX-HT-21-309	dup:Гарбуз		Shopping_ads		
PLX-HT-21-310	dup:Гарбуз		Shopping_ads		
PLX-HT-21-311	dup:Гарбуз		Shopping_ads		
PLX-HT-21-312	dup:Гарбуз		Shopping_ads		
PLX-HT-21-313	dup:Гарбуз		Shopping_ads		
PLX-HT-21-314	dup:Гарбуз		Shopping_ads		
PLX-HT-21-315	dup:Гарбуз		Shopping_ads		
PLX-HT-22-003	dup:Едім				
PLX-HT-23-005	dup:Гарбуз		Shopping_ads		
PLX-HT-23-020	dup:Гарбуз		Shopping_ads		
PLX-HT-31-010	dup:Гарбуз		Shopping_ads		
PLX-HT-31-011	dup:Гарбуз		Shopping_ads		
PLX-HT-31-012	dup:Гарбуз		Shopping_ads		
PLX-HT-31-013	dup:Гарбуз		Shopping_ads		
PLX-HT-31-014	dup:Гарбуз		Shopping_ads		
PLX-HT-31-018	dup:Гарбуз		Shopping_ads		
PLX-HT-31-022	dup:Гарбуз		Shopping_ads		
PLX-HT-31-026	dup:Гарбуз		Shopping_ads		
PLX-HT-31-027	dup:Гарбуз		Shopping_ads		
PLX-HT-31-028	dup:Гарбуз		Shopping_ads		
PLX-HT-33-001	dup:Едім				
PLX-HT-33-008	dup:Гарбуз		Shopping_ads		
PLX-HT-36-007	dup:Гарбуз		Shopping_ads		
PLX-HT-36-012	dup:Гарбуз		Shopping_ads		
PLX-HT-37-006	dup:Гарбуз		Shopping_ads		
PLX-HT-37-007	dup:Гарбуз		Shopping_ads		
PLX-HT-37-008	dup:Гарбуз		Shopping_ads		
PLX-HT-37-009	dup:Гарбуз		Shopping_ads	ne_v_nayavnosti	
PLX-HT-42-001	dup:Гарбуз		Shopping_ads		
PLX-HT-42-002	dup:Едім				
PLX-HT-42-003	dup:Гарбуз		Shopping_ads		
PLX-HT-42-101	dup:Гарбуз		Shopping_ads		
PLX-HT-42-102	dup:Едім				
PLX-HT-42-103	dup:Гарбуз		Shopping_ads		
PLX-HT-42-201	dup:Гарбуз		Shopping_ads		prybutok
PLX-HT-42-202	dup:Гарбуз		Shopping_ads		prybutok
PLX-HT-42-203	dup:Гарбуз		Shopping_ads		
PLX-HT-42-301	dup:Гарбуз		Shopping_ads		
PLX-HT-42-303	dup:Едім				prybutok
PLX-HT-42-305	dup:Гарбуз		Shopping_ads		
PLX-HT-42-306	dup:Гарбуз		Shopping_ads		prybutok
PLX-HT-45-150	dup:Гарбуз		Shopping_ads		
PLX-HT-45-151	dup:Гарбуз		Shopping_ads		
PLX-HT-45-152	dup:Гарбуз		Shopping_ads		
PLX-HT-45-201	dup:Гарбуз		Shopping_ads	season_off	
PLX-HT-45-202	dup:Гарбуз		Shopping_ads	season_off	
PLX-HT-45-203	dup:Гарбуз		Shopping_ads	season_off	
PLX-HT-45-204	dup:Гарбуз		Shopping_ads	season_off	
PLX-HT-45-205	dup:Гарбуз		Shopping_ads	season_off	
PLX-HT-45-206	dup:Гарбуз		Shopping_ads	season_off	
PLX-HT-45-207	dup:Гарбуз		Shopping_ads	season_off	
PLX-HT-45-211	dup:Гарбуз		Shopping_ads		
PLX-HT-45-411	dup:Гарбуз		Shopping_ads		
PLX-HT-45-412	dup:Гарбуз		Shopping_ads		
PLX-HT-45-415	dup:Гарбуз		Shopping_ads		
PLX-HT-45-416	dup:Гарбуз		Shopping_ads		
PLX-HT-45-521			Shopping_ads	season_off	
PLX-HT-45-522			Shopping_ads	season_off	
PLX-HT-45-531	dup:Едім		Shopping_ads	season_off	
PLX-HT-45-532	dup:Гарбуз		Shopping_ads	season_off	
PLX-HT-45-541	dup:Гарбуз		Shopping_ads	ne_v_nayavnosti	
PLX-HT-45-542			Shopping_ads	season_off	
PLX-HT-45-551	dup:Гарбуз		Shopping_ads	season_off	
PLX-HT-45-552	dup:Гарбуз		Shopping_ads	season_off	
PLX-HT-45-700	dup:Едім		Shopping_ads	season_off	
PLX-HT-45-701	dup:Гарбуз		Shopping_ads	season_off	
PLX-HT-45-702	dup:Гарбуз		Shopping_ads	season_off	
PLX-HT-45-703	dup:Гарбуз		Shopping_ads		
PLX-HT-45-704	dup:Гарбуз		Shopping_ads	season_off	
PLX-HT-45-705	dup:Гарбуз		Shopping_ads	season_off	
PLX-HT-45-706	dup:Гарбуз		Shopping_ads	season_off	
PLX-HT-45-707	dup:Гарбуз		Shopping_ads	season_off	
PLX-HT-45-708	dup:Гарбуз		Shopping_ads		
PLX-HT-45-709	dup:Гарбуз		Shopping_ads		
PLX-HT-45-711	dup:Гарбуз		Shopping_ads		
PLX-HT-45-712	dup:Гарбуз		Shopping_ads	season_off	
PLX-HT-45-720	dup:Гарбуз		Shopping_ads	season_off	
PLX-HT-45-721	dup:Гарбуз		Shopping_ads	season_off	
PLX-HT-45-722	dup:Гарбуз		Shopping_ads	season_off	
PLX-HT-45-723	dup:Гарбуз		Shopping_ads	season_off	
PLX-HT-45-730	dup:Гарбуз		Shopping_ads	season_off	
PLX-HT-45-731	dup:Гарбуз		Shopping_ads	season_off	
PLX-HT-45-732	dup:Гарбуз		Shopping_ads	season_off	
PLX-HT-45-737	dup:Гарбуз		Shopping_ads	season_off	
PLX-HT-45-738	dup:Гарбуз		Shopping_ads	season_off	
PLX-HT-45-740	dup:Гарбуз		Shopping_ads	season_off	
PLX-HT-45-741	dup:Гарбуз		Shopping_ads	season_off	
PLX-HT-45-742	dup:Гарбуз		Shopping_ads	season_off	
PLX-HT-45-743	dup:Гарбуз		Shopping_ads	season_off	
PLX-HT-45-745	dup:Гарбуз		Shopping_ads	season_off	
PLX-HT-45-751	dup:Гарбуз		Shopping_ads	season_off	
PLX-HT-45-752	dup:Гарбуз		Shopping_ads	season_off	
PLX-HT-46-001	dup:Гарбуз		Shopping_ads		
PLX-HT-46-002	dup:Гарбуз		Shopping_ads		
PLX-HT-46-004	dup:Едім				
PLX-HT-80201	dup:Гарбуз		Shopping_ads		
PLX-HT-80204	dup:Гарбуз		Shopping_ads		
PLX-HT-80206	dup:Гарбуз		Shopping_ads		
PLX-HT-80226	dup:Гарбуз		Shopping_ads		
PLX-IT-10062	dup:Гарбуз		Shopping_ads		
PLX-IT-10063	dup:Гарбуз		Shopping_ads		
PLX-IT-10064	dup:Гарбуз		Shopping_ads		
PLX-IT-10065	dup:Гарбуз		Shopping_ads		
PLX-IT-20123	dup:Гарбуз		Shopping_ads		
PLX-IT-20124	dup:Гарбуз		Shopping_ads		
PLX-IT-20125	dup:Гарбуз		Shopping_ads		
PLX-IT-20126	dup:Гарбуз		Shopping_ads		
PLX-IT-25152	dup:Гарбуз		Shopping_ads		
PLX-IT-30185	dup:Гарбуз		Shopping_ads		
PLX-K-120*75-AB-R	dup:Гарбуз		Shopping_ads		
PLX-K078158	dup:Гарбуз		Shopping_ads		
PLX-K078159	dup:Гарбуз		Shopping_ads		
PLX-K17353	dup:Гарбуз		Shopping_ads		
PLX-K17357	dup:Гарбуз		Shopping_ads		
PLX-K17358	dup:Гарбуз		Shopping_ads		
PLX-K17378	dup:Гарбуз		Shopping_ads		
PLX-K84072	dup:Гарбуз		Shopping_ads		
PLX-K84073	dup:Гарбуз		Shopping_ads		
PLX-K84088	dup:Гарбуз		Shopping_ads		
PLX-K84089	dup:Гарбуз		Shopping_ads		
PLX-K84090	dup:Едім				
PLX-LD-0394	dup:Гарбуз		Shopping_ads		prybutok
PLX-LN-0413	dup:Гарбуз		Shopping_ads		
PLX-LN-0428	dup:Гарбуз		Shopping_ads		
PLX-LN-0429	dup:Гарбуз		Shopping_ads		
PLX-LN-0581	dup:Гарбуз		Shopping_ads		
PLX-LN-0582	dup:Гарбуз		Shopping_ads	ne_v_prajsi	
PLX-LN-0583	dup:Гарбуз		Shopping_ads		
PLX-LN-0586	dup:Гарбуз		Shopping_ads		
PLX-LXCP40	dup:Гарбуз		Shopping_ads		
PLX-LXCP50	dup:Едім				
PLX-LXCP60	dup:Гарбуз		Shopping_ads		
PLX-LXCP60L	dup:Гарбуз		Shopping_ads		
PLX-LXCP70	dup:Гарбуз		Shopping_ads		
PLX-M-03-107	dup:Гарбуз		Shopping_ads		
PLX-M-04-106	dup:Гарбуз		Shopping_ads		
PLX-M-04-113	dup:Едім				
PLX-M-180	dup:Гарбуз		Shopping_ads	season_off	
PLX-M-37.5M2	dup:Гарбуз		Shopping_ads	season_off	
PLX-M100L/R	dup:Гарбуз		Shopping_ads		
PLX-M15M	dup:Гарбуз		Shopping_ads	season_off	
PLX-M189 5кл	dup:Гарбуз		Shopping_ads		
PLX-M22M	dup:Гарбуз		Shopping_ads	season_off	
PLX-M30M	dup:Гарбуз		Shopping_ads	season_off	
PLX-M45M	dup:Гарбуз		Shopping_ads	season_off	
PLX-M45M2	dup:Гарбуз		Shopping_ads	season_off	
PLX-M60M	dup:Гарбуз		Shopping_ads	season_off	
PLX-M60M2	dup:Гарбуз		Shopping_ads	season_off	
PLX-M60k3	dup:Гарбуз		Shopping_ads		
PLX-M60М k5	dup:Гарбуз		Shopping_ads		
PLX-M706	dup:Гарбуз		Shopping_ads		
PLX-M70k3	dup:Гарбуз		Shopping_ads		
PLX-M75M	dup:Гарбуз		Shopping_ads	season_off	
PLX-N-03-101	dup:Гарбуз		Shopping_ads		
PLX-N427	dup:Гарбуз		Shopping_ads		
PLX-N961	dup:Гарбуз		Shopping_ads		
PLX-N963	dup:Гарбуз		Shopping_ads		
PLX-N965	dup:Гарбуз		Shopping_ads		
PLX-NI-1094 WN-6	dup:Гарбуз		Shopping_ads		
PLX-NI-1108 WN-6	dup:Гарбуз		Shopping_ads		
PLX-NK-108	dup:Гарбуз		Shopping_ads	ne_v_prajsi	
PLX-NK-112	dup:Гарбуз		Shopping_ads	ne_v_prajsi	
PLX-NL20	dup:Гарбуз		Shopping_ads		
PLX-NXBA2A-2S	dup:Гарбуз		Shopping_ads		
PLX-NXBA2A-4S	dup:Гарбуз		Shopping_ads		
PLX-NXBA3A-2B	dup:Гарбуз		Shopping_ads		
PLX-NXBA3A-2S	dup:Гарбуз		Shopping_ads		
PLX-NXBA3A-4B	dup:Гарбуз		Shopping_ads		
PLX-NXBA3A-4S	dup:Гарбуз		Shopping_ads		
PLX-PL 32-H14 AB	dup:Гарбуз		Shopping_ads	ne_v_prajsi	
PLX-PL 32-H14 BN/GP	dup:Гарбуз		Shopping_ads		
PLX-PL 32-H14 SN/СР	dup:Гарбуз		Shopping_ads	ne_v_prajsi	
PLX-PVC 55	dup:Гарбуз		Shopping_ads		
PLX-PVC 70	dup:Гарбуз		Shopping_ads		
PLX-Q-07-103	dup:Гарбуз		Shopping_ads		
PLX-Q-80-120	dup:Гарбуз		Shopping_ads		
PLX-R-0023	dup:Едім				
PLX-R-0024	dup:Гарбуз		Shopping_ads		
PLX-R-0026	dup:Гарбуз		Shopping_ads	ne_v_nayavnosti	
PLX-R-0027	dup:Гарбуз		Shopping_ads		
PLX-R-0051	dup:Гарбуз		Shopping_ads		
PLX-R-0052	dup:Гарбуз		Shopping_ads		
PLX-R-0053	dup:Гарбуз		Shopping_ads		
PLX-R-0080	dup:Гарбуз		Shopping_ads		
PLX-R-0082	dup:Гарбуз		Shopping_ads		
PLX-R-0084	dup:Гарбуз		Shopping_ads		
PLX-R-0085	dup:Едім				
PLX-R-0086	dup:Гарбуз		Shopping_ads		
PLX-R-0087	dup:Гарбуз		Shopping_ads		
PLX-R-0088	dup:Гарбуз		Shopping_ads		
PLX-R-0089	dup:Гарбуз		Shopping_ads		
PLX-R-01-201	dup:Гарбуз		Shopping_ads		
PLX-R-01-203	dup:Гарбуз		Shopping_ads		
PLX-R-01-401	dup:Гарбуз		Shopping_ads		
PLX-R-01-403	dup:Гарбуз		Shopping_ads		
PLX-R-0127	dup:Гарбуз		Shopping_ads		
PLX-R-0128	dup:Едім				
PLX-R-0129	dup:Едім				
PLX-R-0130	dup:Гарбуз		Shopping_ads		
PLX-R-0131	dup:Едім				
PLX-R-0132	dup:Гарбуз		Shopping_ads		
PLX-R-0143	dup:Гарбуз		Shopping_ads		
PLX-R-0145	dup:Гарбуз		Shopping_ads		
PLX-R-0223	dup:Гарбуз		Shopping_ads		
PLX-R-0250	dup:Едім				
PLX-R-0260	dup:Гарбуз		Shopping_ads		
PLX-R-0262	dup:Гарбуз		Shopping_ads		
PLX-R-0264	dup:Гарбуз		Shopping_ads		
PLX-R-0266	dup:Гарбуз		Shopping_ads		
PLX-R-0271	dup:Гарбуз		Shopping_ads		
PLX-R-0272	dup:Гарбуз		Shopping_ads		
PLX-R-0273	dup:Гарбуз		Shopping_ads		prybutok
PLX-R-0280	dup:Гарбуз		Shopping_ads		
PLX-R-0305	dup:Едім				
PLX-R-0318	dup:Едім				
PLX-R-0362	dup:Гарбуз		Shopping_ads		prybutok
PLX-R-0363	dup:Гарбуз		Shopping_ads		prybutok
PLX-R-0393	dup:Гарбуз		Shopping_ads		
PLX-R-0395	dup:Гарбуз		Shopping_ads		
PLX-R-0398	dup:Гарбуз		Shopping_ads		
PLX-R-0401	dup:Гарбуз		Shopping_ads		
PLX-R-0494	dup:Гарбуз		Shopping_ads		
PLX-R-0496	dup:Гарбуз		Shopping_ads		
PLX-R-0497	dup:Гарбуз		Shopping_ads		
PLX-R-0501	dup:Гарбуз		Shopping_ads		
PLX-R-0512	dup:Гарбуз		Shopping_ads		prybutok
PLX-R-0513	dup:Гарбуз		Shopping_ads		
PLX-R-0582	dup:Едім				
PLX-R-0588	dup:Гарбуз		Shopping_ads		
PLX-R-0589	dup:Гарбуз		Shopping_ads	ne_v_nayavnosti	
PLX-R-0590	dup:Гарбуз		Shopping_ads		
PLX-R-0591	dup:Гарбуз		Shopping_ads		
PLX-R-0592	dup:Гарбуз		Shopping_ads		
PLX-R-0596	dup:Гарбуз		Shopping_ads		
PLX-R-0597	dup:Гарбуз		Shopping_ads		
PLX-R-0598	dup:Гарбуз		Shopping_ads		
PLX-R-0599	dup:Гарбуз		Shopping_ads		
PLX-R-0600	dup:Гарбуз		Shopping_ads		
PLX-R-0601	dup:Гарбуз		Shopping_ads		
PLX-R-0602	dup:Гарбуз		Shopping_ads		
PLX-R-0604	dup:Гарбуз		Shopping_ads		
PLX-R-0729	dup:Гарбуз		Shopping_ads		
PLX-R-0808	dup:Гарбуз		Shopping_ads		
PLX-R-0815	dup:Гарбуз		Shopping_ads		
PLX-R-0876	dup:Едім				
PLX-R-0909	dup:Гарбуз		Shopping_ads		
PLX-R-0910	dup:Гарбуз		Shopping_ads		
PLX-R-0911	dup:Гарбуз		Shopping_ads		
PLX-R-0912	dup:Гарбуз		Shopping_ads		
PLX-R-0913	dup:Гарбуз		Shopping_ads		
PLX-R-0914	dup:Гарбуз		Shopping_ads		
PLX-R-0915	dup:Гарбуз		Shopping_ads		
PLX-R-0948	dup:Едім				
PLX-R-0949	dup:Гарбуз		Shopping_ads		
PLX-R-12-005	dup:Гарбуз		Shopping_ads		
PLX-RS-0656	dup:Едім				
PLX-RS-0659	dup:Гарбуз		Shopping_ads		
PLX-S28Z  LP 04-H20 АВ	dup:Едім				
PLX-S312-Б	dup:Гарбуз		Shopping_ads		
PLX-S312-П	dup:Гарбуз		Shopping_ads	ne_v_prajsi	
PLX-SKK-210312	dup:Гарбуз		Shopping_ads		
PLX-SL1540	dup:Гарбуз		Shopping_ads		
PLX-SL1550	dup:Гарбуз		Shopping_ads		
PLX-SL1550L	dup:Гарбуз		Shopping_ads		
PLX-SL1565	dup:Гарбуз		Shopping_ads		
PLX-SL1565L	dup:Гарбуз		Shopping_ads		
PLX-SRF2740	dup:Гарбуз		Shopping_ads		
PLX-SRF2750	dup:Гарбуз		Shopping_ads		
PLX-SRF2760	dup:Гарбуз		Shopping_ads		
PLX-SRF2770	dup:Гарбуз		Shopping_ads		
PLX-SS-0424	dup:Гарбуз		Shopping_ads		
PLX-SS-0425	dup:Гарбуз		Shopping_ads		
PLX-SS-0518	dup:Едім				
PLX-SS-0602	dup:Гарбуз		Shopping_ads	ne_v_prajsi	
PLX-SS-0603	dup:Гарбуз		Shopping_ads		
PLX-SS-0617	dup:Гарбуз		Shopping_ads		
PLX-SS-0619	dup:Гарбуз		Shopping_ads		
PLX-SS-0620	dup:Гарбуз		Shopping_ads		
PLX-ST9250	dup:Гарбуз		Shopping_ads		
PLX-ST9260	dup:Гарбуз		Shopping_ads		
PLX-ST9270	dup:Гарбуз		Shopping_ads		
PLX-ST9280	dup:Гарбуз		Shopping_ads		
PLX-ST9870	dup:Гарбуз		Shopping_ads		prybutok
PLX-ST9880	dup:Гарбуз		Shopping_ads		
PLX-SU-0427	dup:Гарбуз		Shopping_ads		
PLX-T-1272-TS	dup:Гарбуз		Shopping_ads		
PLX-T40	dup:Гарбуз		Shopping_ads		
PLX-T50	dup:Едім				
PLX-TW-0006	dup:Гарбуз		Shopping_ads		prybutok
PLX-TW-0008	dup:Гарбуз		Shopping_ads		
PLX-TW-0010	dup:Гарбуз		Shopping_ads		
PLX-TW-0012	dup:Едім				
PLX-TW-2008	dup:Едім				
PLX-TW-2106	dup:Гарбуз		Shopping_ads		
PLX-WL1003	dup:Гарбуз		Shopping_ads		
PLX-WL101	dup:Гарбуз		Shopping_ads		
PLX-WL1013	dup:Гарбуз		Shopping_ads		
PLX-WL1016	dup:Гарбуз		Shopping_ads		
PLX-WL1019	dup:Гарбуз		Shopping_ads		
PLX-WL102	dup:Гарбуз		Shopping_ads		prybutok
PLX-WL1036	dup:Гарбуз		Shopping_ads	ne_v_prajsi	
PLX-WL104	dup:Гарбуз		Shopping_ads		prybutok
PLX-WL111	dup:Гарбуз		Shopping_ads		
PLX-WL121	dup:Гарбуз		Shopping_ads		
PLX-WL122	dup:Гарбуз		Shopping_ads		prybutok
PLX-WL123					prybutok
PLX-WL124	dup:Гарбуз		Shopping_ads		
PLX-WL131	dup:Гарбуз		Shopping_ads		
PLX-WL132	dup:Гарбуз		Shopping_ads		
PLX-WL135	dup:Гарбуз		Shopping_ads	ne_v_prajsi	
PLX-WL136	dup:Гарбуз		Shopping_ads		
PLX-WL137	dup:Гарбуз		Shopping_ads		
PLX-WL140	dup:Гарбуз		Shopping_ads		prybutok
PLX-WL141	dup:Гарбуз		Shopping_ads		
PLX-WL142	dup:Гарбуз		Shopping_ads		
PLX-WL143	dup:Гарбуз		Shopping_ads		
PLX-WL145	dup:Гарбуз		Shopping_ads	ne_v_prajsi	
PLX-WL150	dup:Гарбуз		Shopping_ads		
PLX-WL151	dup:Гарбуз		Shopping_ads		
PLX-WL2004	dup:Гарбуз		Shopping_ads		
PLX-WL3002	dup:Гарбуз		Shopping_ads		
PLX-WL3005	dup:Гарбуз		Shopping_ads		prybutok
PLX-WL3020	dup:Гарбуз		Shopping_ads		
PLX-WL4003	dup:Гарбуз		Shopping_ads		
PLX-WL4008	dup:Гарбуз		Shopping_ads		
PLX-WL5012	dup:Гарбуз		Shopping_ads		
PLX-WL5013	dup:Гарбуз		Shopping_ads		
PLX-WL5017	dup:Гарбуз		Shopping_ads		
PLX-WL6005	dup:Гарбуз		Shopping_ads		
PLX-WL6009	dup:Гарбуз		Shopping_ads		prybutok
PLX-WL6018			Shopping_ads	ne_v_prajsi	
PLX-WL6029	dup:Гарбуз		Shopping_ads		
PLX-WL7011	dup:Гарбуз		Shopping_ads		
PLX-WL7035	dup:Гарбуз		Shopping_ads		
PLX-WL8014	dup:Гарбуз		Shopping_ads		
PLX-WL8017	dup:Гарбуз		Shopping_ads		
PLX-WL9005	dup:Гарбуз		Shopping_ads		
PLX-WL9005m	dup:Гарбуз		Shopping_ads		
PLX-WL9006	dup:Гарбуз		Shopping_ads		
PLX-WL9010	dup:Гарбуз		Shopping_ads		
PLX-WL9010m	dup:Гарбуз		Shopping_ads		
PLX-WR444100	dup:Гарбуз		Shopping_ads		
PLX-А-0258	dup:Гарбуз		Shopping_ads		
PLX-А-0564(чорне)	dup:Гарбуз		Shopping_ads		
PLX-А0000018351	dup:Гарбуз		Shopping_ads		prybutok
PLX-А0000018404	dup:Гарбуз		Shopping_ads	ne_v_prajsi	
PLX-А0000019665	dup:Гарбуз		Shopping_ads		
PLX-А0000019683	dup:Гарбуз		Shopping_ads		
PLX-А0000019687	dup:Гарбуз		Shopping_ads		
PLX-А0000019688	dup:Гарбуз		Shopping_ads		
PLX-А0022206	dup:Гарбуз		Shopping_ads		
PLX-А0022207	dup:Гарбуз		Shopping_ads		
PLX-А0022211	dup:Гарбуз		Shopping_ads		
PLX-А0023094	dup:Гарбуз		Shopping_ads		
PLX-А0023495	dup:Гарбуз		Shopping_ads		
PLX-А0023659	dup:Гарбуз		Shopping_ads		
PLX-А0024149	dup:Гарбуз		Shopping_ads		
PLX-А0024205	dup:Едім				
PLX-А0024732	dup:Гарбуз		Shopping_ads		
PLX-А0024733	dup:Гарбуз		Shopping_ads		
PLX-А0025085	dup:Гарбуз		Shopping_ads		
PLX-А0025088	dup:Гарбуз		Shopping_ads		
PLX-А0025089	dup:Гарбуз		Shopping_ads		
PLX-А0025091	dup:Гарбуз		Shopping_ads		
PLX-А0025092	dup:Гарбуз		Shopping_ads		
PLX-А0025148	dup:Гарбуз		Shopping_ads		prybutok
PLX-А0025183	dup:Гарбуз		Shopping_ads		
PLX-А0025184	dup:Гарбуз		Shopping_ads		
PLX-А0025185	dup:Гарбуз		Shopping_ads		
PLX-А0025203	dup:Гарбуз		Shopping_ads		
PLX-А0025205	dup:Гарбуз		Shopping_ads		
PLX-А0025213	dup:Гарбуз		Shopping_ads		
PLX-А0025252	dup:Гарбуз		Shopping_ads		
PLX-А0025253	dup:Гарбуз		Shopping_ads		
PLX-А0025254	dup:Гарбуз		Shopping_ads		
PLX-А0025259	dup:Едім				
PLX-А0025263	dup:Гарбуз		Shopping_ads		
PLX-А0025340	dup:Гарбуз		Shopping_ads		
PLX-А0025341	dup:Гарбуз		Shopping_ads		
PLX-А0025349	dup:Гарбуз		Shopping_ads		
PLX-А0025350	dup:Гарбуз		Shopping_ads		
PLX-А0025351	dup:Гарбуз		Shopping_ads		
PLX-А0025352	dup:Гарбуз		Shopping_ads		
PLX-А0025353	dup:Гарбуз		Shopping_ads		
PLX-А0025354	dup:Гарбуз		Shopping_ads		
PLX-А0025355	dup:Гарбуз		Shopping_ads		
PLX-А0025356	dup:Гарбуз		Shopping_ads		
PLX-А0025357	dup:Гарбуз		Shopping_ads		
PLX-А0025358	dup:Гарбуз		Shopping_ads		
PLX-А0025359	dup:Гарбуз		Shopping_ads		
PLX-А0025360	dup:Гарбуз		Shopping_ads		
PLX-А0025361	dup:Гарбуз		Shopping_ads		
PLX-А0025437	dup:Гарбуз		Shopping_ads	ne_v_prajsi	
PLX-А0025438	dup:Гарбуз		Shopping_ads	ne_v_prajsi	
PLX-А0025455	dup:Гарбуз		Shopping_ads		
PLX-А0025456	dup:Гарбуз		Shopping_ads		
PLX-А0025457	dup:Гарбуз		Shopping_ads		
PLX-А0025458	dup:Гарбуз		Shopping_ads		
PLX-А0025459	dup:Гарбуз		Shopping_ads		
PLX-А0025460	dup:Гарбуз		Shopping_ads		
PLX-А0025461	dup:Гарбуз		Shopping_ads		
PLX-А0025462	dup:Гарбуз		Shopping_ads		
PLX-А0025463	dup:Гарбуз		Shopping_ads		
PLX-А0025464	dup:Гарбуз		Shopping_ads		
PLX-А0025465	dup:Гарбуз		Shopping_ads		
PLX-А0025466	dup:Гарбуз		Shopping_ads		
PLX-А0025467	dup:Гарбуз		Shopping_ads		
PLX-А0025468	dup:Гарбуз		Shopping_ads		
PLX-А0025469	dup:Гарбуз		Shopping_ads		
PLX-А0025470	dup:Гарбуз		Shopping_ads		
PLX-А0025471	dup:Гарбуз		Shopping_ads		
PLX-А0025482	dup:Гарбуз		Shopping_ads		
PLX-А0025483	dup:Гарбуз		Shopping_ads		
PLX-А0025495	dup:Гарбуз		Shopping_ads		
PLX-А0025496	dup:Едім				
PLX-А0025497	dup:Гарбуз		Shopping_ads		
PLX-А0025505	dup:Едім				
PLX-А0025508	dup:Гарбуз		Shopping_ads		
PLX-А0025509	dup:Гарбуз		Shopping_ads		
PLX-А0025549	dup:Едім				
PLX-А0025562	dup:Гарбуз		Shopping_ads		
PLX-А0025563	dup:Гарбуз		Shopping_ads		
PLX-А0025580	dup:Гарбуз		Shopping_ads		
PLX-А0025581	dup:Гарбуз		Shopping_ads		
PLX-А0025582	dup:Гарбуз		Shopping_ads		
PLX-А0025583	dup:Гарбуз		Shopping_ads	ne_v_prajsi	
PLX-А0025584	dup:Гарбуз		Shopping_ads		
PLX-А0025588	dup:Гарбуз		Shopping_ads		prybutok
PLX-А0025626	dup:Гарбуз		Shopping_ads		
PLX-А0025662	dup:Гарбуз		Shopping_ads		
PLX-А0025663	dup:Гарбуз		Shopping_ads		
PLX-А0025664	dup:Гарбуз		Shopping_ads		
PLX-А0025665	dup:Гарбуз		Shopping_ads		
PLX-А0025676	dup:Гарбуз		Shopping_ads		
PLX-А0025678	dup:Гарбуз		Shopping_ads		
PLX-А0025679	dup:Гарбуз		Shopping_ads		
PLX-А0025680	dup:Гарбуз		Shopping_ads		
PLX-А0025681	dup:Гарбуз		Shopping_ads		
PLX-А0025682	dup:Гарбуз		Shopping_ads		
PLX-А0025687	dup:Едім				
PLX-А0025697	dup:Гарбуз		Shopping_ads		
PLX-А0025761	dup:Гарбуз		Shopping_ads		
PLX-А0025817	dup:Гарбуз		Shopping_ads		prybutok
PLX-А0025833	dup:Гарбуз		Shopping_ads		
PLX-А0025834	dup:Едім				
PLX-А0025835	dup:Едім				
PLX-В10-120K	dup:Гарбуз		Shopping_ads		
PLX-В8-120	dup:Гарбуз		Shopping_ads		
PLX-В8-65	dup:Гарбуз		Shopping_ads		
PLX-В8-65K	dup:Гарбуз		Shopping_ads		
PLX-В8-80	dup:Гарбуз		Shopping_ads		
PLX-ВP 04-Н6 BB(SN)	dup:Гарбуз		Shopping_ads		
PLX-ВН 04-H39 BN/GР	dup:Едім				
PLX-ВН 04-H39 SN/GР	dup:Гарбуз		Shopping_ads		
PLX-ВН 04-H53 BN/GP	dup:Гарбуз		Shopping_ads		
PLX-ВН 04-Н50 SN/CP	dup:Гарбуз		Shopping_ads		
PLX-ВН 04-Н52 АВ	dup:Гарбуз		Shopping_ads		
PLX-ВН 04-Н53 АВ	dup:Гарбуз		Shopping_ads		
PLX-ВН 04-Н54 SN/СР	dup:Гарбуз		Shopping_ads		
PLX-ВС2-10	dup:Гарбуз		Shopping_ads		
PLX-ВС2-2А	dup:Гарбуз		Shopping_ads		
PLX-ЗВС-12	dup:Едім				
PLX-ЗКП2-40	dup:Гарбуз		Shopping_ads		
PLX-ЗН-6	dup:Едім				
PLX-ЗН-8	dup:Едім				
PLX-К18201	dup:Гарбуз		Shopping_ads		
PLX-К84079	dup:Гарбуз		Shopping_ads		
PLX-К90148	dup:Гарбуз		Shopping_ads		
PLX-КР-16714	dup:Едім				
PLX-КТ-1272	dup:Гарбуз		Shopping_ads		
PLX-М-131СК	dup:Едім		Shopping_ads	season_off	
PLX-М-150	dup:Гарбуз		Shopping_ads		
PLX-М-200	dup:Гарбуз		Shopping_ads		
PLX-М-250	dup:Гарбуз		Shopping_ads		
PLX-М-30110	dup:Гарбуз		Shopping_ads		
PLX-М-30130	dup:Гарбуз		Shopping_ads		
PLX-М-3070	dup:Гарбуз		Shopping_ads		
PLX-М-40140	dup:Гарбуз		Shopping_ads		
PLX-М-50150	dup:Гарбуз		Shopping_ads		
PLX-М-50180	dup:Гарбуз		Shopping_ads		
PLX-М216	dup:Гарбуз		Shopping_ads	season_off	
PLX-М22	dup:Гарбуз		Shopping_ads		
PLX-МН-30110	dup:Гарбуз		Shopping_ads		
PLX-МН-30130	dup:Гарбуз		Shopping_ads		
PLX-МН-3090	dup:Гарбуз		Shopping_ads		
PLX-МН-40140	dup:Гарбуз		Shopping_ads		
PLX-МНк-3070	dup:Гарбуз		Shopping_ads		
PLX-НТ-21-400	dup:Едім				
PLX-НТ-21-401	dup:Гарбуз		Shopping_ads		
PLX-НТ-22-201	dup:Гарбуз		Shopping_ads		
PLX-НТ-22-202	dup:Гарбуз		Shopping_ads		
PLX-НТ-22-203	dup:Гарбуз		Shopping_ads		
PLX-НТ-45-606	dup:Гарбуз		Shopping_ads	season_off	
PLX-НФ-00000011	dup:Гарбуз		Shopping_ads	season_off	
PLX-НФ-00000184	dup:Гарбуз		Shopping_ads		
PLX-НФ-00000198	dup:Гарбуз		Shopping_ads		
PLX-НФ-00000329	dup:Гарбуз		Shopping_ads		
PLX-НФ-00000357	dup:Гарбуз		Shopping_ads		
PLX-НФ-00000372	dup:Гарбуз		Shopping_ads		
PLX-НФ-00000373	dup:Едім				
PLX-НФ-00000374	dup:Гарбуз		Shopping_ads		
PLX-НФ-00000375	dup:Гарбуз		Shopping_ads		
PLX-НФ-00000376	dup:Гарбуз		Shopping_ads		
PLX-НФ-00000380	dup:Гарбуз		Shopping_ads		
PLX-НФ-00000381	dup:Гарбуз		Shopping_ads		
PLX-НФ-00000382	dup:Гарбуз		Shopping_ads		
PLX-НФ-00000384	dup:Гарбуз		Shopping_ads		
PLX-НФ-00000385	dup:Гарбуз		Shopping_ads		
PLX-НФ-00000386	dup:Гарбуз		Shopping_ads		
PLX-НФ-00000387	dup:Гарбуз		Shopping_ads		
PLX-НФ-00000389	dup:Гарбуз		Shopping_ads		
PLX-НФ-00000390	dup:Гарбуз		Shopping_ads		
PLX-НФ-00000392	dup:Гарбуз		Shopping_ads		
PLX-НФ-00000393	dup:Едім				
PLX-НФ-00000394	dup:Едім				
PLX-НФ-00000396	dup:Гарбуз		Shopping_ads		
PLX-НФ-00000397	dup:Гарбуз		Shopping_ads		
PLX-НФ-00000399	dup:Гарбуз		Shopping_ads		
PLX-НФ-00000400	dup:Гарбуз		Shopping_ads		
PLX-НФ-00000401	dup:Гарбуз		Shopping_ads		
PLX-НФ-00000402	dup:Гарбуз		Shopping_ads		
PLX-НФ-00000403	dup:Гарбуз		Shopping_ads		
PLX-НФ-00000404	dup:Гарбуз		Shopping_ads		
PLX-НФ-00000405	dup:Гарбуз		Shopping_ads		
PLX-НФ-00000406	dup:Гарбуз		Shopping_ads		
PLX-НФ-00000407	dup:Гарбуз		Shopping_ads		
PLX-НФ-00000408	dup:Гарбуз		Shopping_ads		
PLX-НФ-00000409	dup:Гарбуз		Shopping_ads		
PLX-НФ-00000410	dup:Гарбуз		Shopping_ads		
PLX-НФ-00000411	dup:Гарбуз		Shopping_ads		
PLX-НФ-00000412	dup:Гарбуз		Shopping_ads		
PLX-НФ-00000413	dup:Гарбуз		Shopping_ads		
PLX-НФ-00000414	dup:Гарбуз		Shopping_ads		
PLX-НФ-00000415	dup:Гарбуз		Shopping_ads		
PLX-НФ-00000416	dup:Гарбуз		Shopping_ads		
PLX-НФ-00000417	dup:Гарбуз		Shopping_ads		
PLX-НФ-00000418	dup:Едім				
PLX-НФ-00000419	dup:Гарбуз		Shopping_ads		
PLX-НФ-00000420	dup:Гарбуз		Shopping_ads		
PLX-НФ-00000421	dup:Гарбуз		Shopping_ads		
PLX-НФ-00000422	dup:Гарбуз		Shopping_ads		
PLX-НФ-00000430	dup:Гарбуз		Shopping_ads		
PLX-НФ-00000435	dup:Гарбуз		Shopping_ads		
PLX-НФ-00000436	dup:Гарбуз		Shopping_ads		
PLX-НФ-00000437	dup:Гарбуз		Shopping_ads		
PLX-НФ-00000438	dup:Гарбуз		Shopping_ads		
PLX-НФ-00000439	dup:Гарбуз		Shopping_ads		
PLX-НФ-00000440	dup:Гарбуз		Shopping_ads		
PLX-НФ-00000441	dup:Гарбуз		Shopping_ads		
PLX-НФ-00000442	dup:Гарбуз		Shopping_ads		
PLX-НФ-00000443	dup:Гарбуз		Shopping_ads		
PLX-НФ-00000444	dup:Гарбуз		Shopping_ads		
PLX-НФ-00000449	dup:Гарбуз		Shopping_ads		
PLX-НФ-00000450	dup:Едім				
PLX-НФ-00000451	dup:Гарбуз		Shopping_ads		
PLX-НФ-00000458	dup:Гарбуз		Shopping_ads		
PLX-НФ-00000459	dup:Едім				
PLX-НФ-00000460	dup:Гарбуз		Shopping_ads		
PLX-НФ-00000461	dup:Гарбуз		Shopping_ads		
PLX-НФ-00000462	dup:Гарбуз		Shopping_ads		
PLX-НФ-00000463	dup:Гарбуз		Shopping_ads		
PLX-НФ-00000464	dup:Гарбуз		Shopping_ads		
PLX-НФ-00000465	dup:Гарбуз		Shopping_ads		
PLX-НФ-00000466	dup:Гарбуз		Shopping_ads		
PLX-НФ-00000467	dup:Гарбуз		Shopping_ads		
PLX-НФ-00000469	dup:Гарбуз		Shopping_ads		
PLX-НФ-00000473	dup:Гарбуз		Shopping_ads		
PLX-НФ-00000474	dup:Гарбуз		Shopping_ads		
PLX-НФ-00000475	dup:Гарбуз		Shopping_ads		
PLX-НФ-00000478	dup:Гарбуз		Shopping_ads		
PLX-НФ-00000479	dup:Гарбуз		Shopping_ads		
PLX-НФ-00000480	dup:Гарбуз		Shopping_ads		
PLX-НФ-00000481	dup:Едім				
PLX-НФ-00000482	dup:Гарбуз		Shopping_ads		
PLX-НФ-00000483	dup:Гарбуз		Shopping_ads		
PLX-НФ-00000484	dup:Гарбуз		Shopping_ads		
PLX-НФ-00000485	dup:Гарбуз		Shopping_ads		
PLX-НФ-00000486	dup:Гарбуз		Shopping_ads		
PLX-НФ-00000487	dup:Гарбуз		Shopping_ads		
PLX-НФ-00000489	dup:Гарбуз		Shopping_ads		
PLX-НФ-00000490	dup:Гарбуз		Shopping_ads		
PLX-НФ-00000491	dup:Гарбуз		Shopping_ads		
PLX-НФ-00000492	dup:Гарбуз		Shopping_ads		
PLX-НФ-00000493	dup:Гарбуз		Shopping_ads		
PLX-НФ-00000494	dup:Гарбуз		Shopping_ads		
PLX-НФ-00000495	dup:Гарбуз		Shopping_ads		
PLX-НФ-00000496	dup:Гарбуз		Shopping_ads		
PLX-НФ-00000497	dup:Гарбуз		Shopping_ads		
PLX-НФ-00000498	dup:Гарбуз		Shopping_ads		
PLX-НФ-00000499	dup:Гарбуз		Shopping_ads		
PLX-НФ-00000500	dup:Гарбуз		Shopping_ads		
PLX-НФ-00000501	dup:Гарбуз		Shopping_ads		
PLX-НФ-00000502	dup:Гарбуз		Shopping_ads		
PLX-НФ-00000503	dup:Гарбуз		Shopping_ads		
PLX-НФ-00000504	dup:Едім				
PLX-НФ-00000505	dup:Гарбуз		Shopping_ads		
PLX-НФ-00000506	dup:Едім				
PLX-НФ-00000507	dup:Гарбуз		Shopping_ads		
PLX-НФ-00000508	dup:Гарбуз		Shopping_ads		
PLX-НФ-00000509	dup:Едім				
PLX-НФ-00000510	dup:Гарбуз		Shopping_ads		
PLX-НФ-00000511	dup:Едім				
PLX-НФ-00000512	dup:Гарбуз		Shopping_ads		
PLX-НФ-00000513	dup:Гарбуз		Shopping_ads		
PLX-НФ-00000514	dup:Гарбуз		Shopping_ads		
PLX-НФ-00000515	dup:Гарбуз		Shopping_ads		
PLX-НФ-00000516	dup:Гарбуз		Shopping_ads		
PLX-НФ-00000519	dup:Гарбуз		Shopping_ads		
PLX-НФ-00000520	dup:Гарбуз		Shopping_ads		
PLX-НФ-00000521	dup:Гарбуз		Shopping_ads		
PLX-НФ-00000522	dup:Гарбуз		Shopping_ads		
PLX-НФ-00000523	dup:Гарбуз		Shopping_ads		
PLX-НФ-00000524	dup:Гарбуз		Shopping_ads		
PLX-НФ-00000526	dup:Гарбуз		Shopping_ads		
PLX-НФ-00000536	dup:Едім				
PLX-НФ-00000537	dup:Гарбуз		Shopping_ads		
PLX-НФ-00000538	dup:Гарбуз		Shopping_ads		
PLX-НФ-00000539	dup:Гарбуз		Shopping_ads		
PLX-НФ-00000542	dup:Гарбуз		Shopping_ads		
PLX-НФ-00000543	dup:Едім				
PLX-НФ-00000544	dup:Гарбуз		Shopping_ads		
PLX-НФ-00000545	dup:Гарбуз		Shopping_ads		
PLX-НФ-00000547	dup:Гарбуз		Shopping_ads		
PLX-НФ-00000548	dup:Гарбуз		Shopping_ads		
PLX-НФ-00000549	dup:Гарбуз		Shopping_ads		
PLX-НФ-00000551	dup:Едім				
PLX-НФ-00000560	dup:Гарбуз		Shopping_ads		
PLX-НФ-00000561	dup:Гарбуз		Shopping_ads		
PLX-НФ-00000562	dup:Гарбуз		Shopping_ads		
PLX-НФ-00000563	dup:Гарбуз		Shopping_ads		
PLX-НФ-00000564	dup:Едім				
PLX-НФ-00000565	dup:Гарбуз		Shopping_ads		
PLX-НФ-00000566	dup:Гарбуз		Shopping_ads		
PLX-НФ-00000567	dup:Гарбуз		Shopping_ads		
PLX-НФ-00000568	dup:Гарбуз		Shopping_ads		
PLX-НФ-00000569	dup:Гарбуз		Shopping_ads		
PLX-НФ-00000570	dup:Гарбуз		Shopping_ads		
PLX-НФ-00000571	dup:Гарбуз		Shopping_ads		
PLX-НФ-00000572	dup:Гарбуз		Shopping_ads		
PLX-НФ-00000573	dup:Гарбуз		Shopping_ads		
PLX-НФ-00000574	dup:Гарбуз		Shopping_ads		
PLX-НФ-00000575	dup:Гарбуз		Shopping_ads		
PLX-НФ-00000576	dup:Гарбуз		Shopping_ads		
PLX-НФ-00000577	dup:Гарбуз		Shopping_ads		
PLX-НФ-00000578	dup:Гарбуз		Shopping_ads		
PLX-НФ-00000579	dup:Гарбуз		Shopping_ads		
PLX-НФ-00000580	dup:Гарбуз		Shopping_ads		
PLX-НФ-00000581	dup:Гарбуз		Shopping_ads		
PLX-НФ-00000582	dup:Гарбуз		Shopping_ads		
PLX-НФ-00000583	dup:Гарбуз		Shopping_ads		
PLX-НФ-00000584	dup:Гарбуз		Shopping_ads		
PLX-НФ-00000585	dup:Гарбуз		Shopping_ads		
PLX-НФ-00000586	dup:Гарбуз		Shopping_ads		
PLX-НФ-00000587	dup:Гарбуз		Shopping_ads		
PLX-НФ-00000588	dup:Гарбуз		Shopping_ads		
PLX-НФ-00000589	dup:Гарбуз		Shopping_ads		
PLX-НФ-00000590	dup:Гарбуз		Shopping_ads		
PLX-НФ-00000591	dup:Гарбуз		Shopping_ads		
PLX-НФ-00000592	dup:Гарбуз		Shopping_ads		
PLX-НФ-00000593	dup:Гарбуз		Shopping_ads		
PLX-НФ-00000594	dup:Гарбуз		Shopping_ads		
PLX-НФ-00000595	dup:Гарбуз		Shopping_ads		
PLX-НФ-00000596	dup:Гарбуз		Shopping_ads		
PLX-НФ-00000597	dup:Гарбуз		Shopping_ads		
PLX-НФ-00000598	dup:Гарбуз		Shopping_ads		
PLX-НФ-00000599	dup:Гарбуз		Shopping_ads		
PLX-НФ-00000600	dup:Гарбуз		Shopping_ads		
PLX-НФ-00000601	dup:Гарбуз		Shopping_ads		
PLX-НФ-00000602	dup:Едім				
PLX-НФ-00000603	dup:Гарбуз		Shopping_ads		
PLX-НФ-00000604	dup:Гарбуз		Shopping_ads		
PLX-НФ-00000613	dup:Гарбуз		Shopping_ads		
PLX-НФ-00000616	dup:Гарбуз		Shopping_ads		
PLX-НФ-00000617	dup:Гарбуз		Shopping_ads		
PLX-НФ-00000619	dup:Гарбуз		Shopping_ads		
PLX-НФ-00000620	dup:Едім				
PLX-НФ-00000621	dup:Едім				
PLX-НФ-00000622	dup:Гарбуз		Shopping_ads		
PLX-НФ-00000623	dup:Гарбуз		Shopping_ads		
PLX-НФ-00000624	dup:Едім				
PLX-НФ-00000625	dup:Гарбуз		Shopping_ads		
PLX-НФ-00000626	dup:Гарбуз		Shopping_ads		
PLX-НФ-00000627	dup:Гарбуз		Shopping_ads		
PLX-НФ-00000628	dup:Гарбуз		Shopping_ads		
PLX-НФ-00000629	dup:Гарбуз		Shopping_ads		
PLX-НФ-00000630	dup:Гарбуз		Shopping_ads		
PLX-НФ-00000631	dup:Гарбуз		Shopping_ads		
PLX-НФ-00000648	dup:Гарбуз		Shopping_ads	ne_v_prajsi	
PLX-НФ-00000649	dup:Гарбуз		Shopping_ads		
PLX-НФ-00000650	dup:Гарбуз		Shopping_ads		
PLX-НФ-00000651	dup:Гарбуз		Shopping_ads		
PLX-НФ-00000652	dup:Гарбуз		Shopping_ads		
PLX-НФ-00000653	dup:Гарбуз		Shopping_ads		
PLX-НФ-00000654	dup:Гарбуз		Shopping_ads		
PLX-НФ-00000656	dup:Гарбуз		Shopping_ads		
PLX-НФ-00000657	dup:Гарбуз		Shopping_ads		
PLX-НФ-00000658	dup:Гарбуз		Shopping_ads		
PLX-НФ-00000659	dup:Гарбуз		Shopping_ads		
PLX-НФ-00000660	dup:Гарбуз		Shopping_ads		
PLX-НФ-00000661	dup:Гарбуз		Shopping_ads		
PLX-НФ-00000662	dup:Гарбуз		Shopping_ads		
PLX-НФ-00000663	dup:Гарбуз		Shopping_ads		
PLX-НФ-00000664	dup:Гарбуз		Shopping_ads		
PLX-НФ-00000665	dup:Гарбуз		Shopping_ads		
PLX-НФ-00000666	dup:Гарбуз		Shopping_ads		
PLX-НФ-00000667	dup:Гарбуз		Shopping_ads		
PLX-НФ-00000668	dup:Гарбуз		Shopping_ads		
PLX-НФ-00000669	dup:Гарбуз		Shopping_ads		
PLX-НФ-00000670	dup:Гарбуз		Shopping_ads		
PLX-НФ-00000671	dup:Гарбуз		Shopping_ads		
PLX-НФ-00000672	dup:Едім				
PLX-НФ-00000673	dup:Едім				
PLX-НФ-00000674	dup:Гарбуз		Shopping_ads		
PLX-НФ-00000675	dup:Гарбуз		Shopping_ads		
PLX-НФ-00000676	dup:Едім				
PLX-НФ-00000677	dup:Гарбуз		Shopping_ads		
PLX-НФ-00000678	dup:Едім				
PLX-НФ-00000679	dup:Гарбуз		Shopping_ads		
PLX-НФ-00000680	dup:Гарбуз		Shopping_ads		
PLX-НФ-00000681	dup:Гарбуз		Shopping_ads		
PLX-НФ-00000682	dup:Гарбуз		Shopping_ads		
PLX-НФ-00000683	dup:Гарбуз		Shopping_ads		
PLX-НФ-00000684	dup:Гарбуз		Shopping_ads		
PLX-НФ-00000685	dup:Гарбуз		Shopping_ads		
PLX-НФ-00000686	dup:Гарбуз		Shopping_ads		
PLX-НФ-00000687	dup:Гарбуз		Shopping_ads		
PLX-НФ-00000689	dup:Гарбуз		Shopping_ads		
PLX-НФ-00000690	dup:Гарбуз		Shopping_ads		
PLX-НФ-00000691	dup:Гарбуз		Shopping_ads		
PLX-НФ-00000692	dup:Гарбуз		Shopping_ads		
PLX-НФ-00000693	dup:Гарбуз		Shopping_ads		
PLX-НФ-00000694	dup:Гарбуз		Shopping_ads		
PLX-НФ-00000695	dup:Гарбуз		Shopping_ads		
PLX-НФ-00000696	dup:Гарбуз		Shopping_ads		
PLX-НФ-00000709	dup:Гарбуз		Shopping_ads		
PLX-НФ-00000710	dup:Гарбуз		Shopping_ads		
PLX-НФ-00000711	dup:Гарбуз		Shopping_ads		
PLX-НФ-00000712	dup:Гарбуз		Shopping_ads		
PLX-НФ-00000714	dup:Гарбуз		Shopping_ads		
PLX-НФ-00000715	dup:Гарбуз		Shopping_ads		
PLX-НФ-00000716	dup:Гарбуз		Shopping_ads		
PLX-НФ-00000717	dup:Гарбуз		Shopping_ads		
PLX-НФ-00000718	dup:Гарбуз		Shopping_ads		
PLX-НФ-00000719	dup:Гарбуз		Shopping_ads		
PLX-НФ-00000720	dup:Гарбуз		Shopping_ads		
PLX-НФ-00000788	dup:Гарбуз		Shopping_ads		
PLX-НФ-00000789	dup:Гарбуз		Shopping_ads		
PLX-НФ-00000790	dup:Гарбуз		Shopping_ads		
PLX-НФ-00000791	dup:Гарбуз		Shopping_ads		
PLX-НФ-00000792	dup:Гарбуз		Shopping_ads		
PLX-НФ-00000794	dup:Гарбуз		Shopping_ads		
PLX-НФ-00000796	dup:Едім				
PLX-НФ-00000798	dup:Гарбуз		Shopping_ads		
PLX-НФ-00000799	dup:Гарбуз		Shopping_ads		
PLX-НФ-00000800	dup:Гарбуз		Shopping_ads		
PLX-НФ-00000801	dup:Гарбуз		Shopping_ads		
PLX-НФ-00000802	dup:Гарбуз		Shopping_ads		
PLX-НФ-00000803	dup:Гарбуз		Shopping_ads		
PLX-НФ-00000804	dup:Гарбуз		Shopping_ads		
PLX-НФ-00000805	dup:Едім				
PLX-НФ-00000806	dup:Гарбуз		Shopping_ads		
PLX-НФ-00000807	dup:Гарбуз		Shopping_ads		
PLX-НФ-00000809	dup:Едім				
PLX-НФ-00000810	dup:Едім				
PLX-НФ-00000812	dup:Гарбуз		Shopping_ads		
PLX-НФ-00000813	dup:Гарбуз		Shopping_ads		
PLX-НФ-00000814	dup:Гарбуз		Shopping_ads		
PLX-НФ-00000816	dup:Гарбуз		Shopping_ads		
PLX-НФ-00000818	dup:Гарбуз		Shopping_ads		
PLX-НФ-00000824	dup:Едім				
PLX-НФ-00000836	dup:Гарбуз		Shopping_ads		
PLX-НФ-00000837	dup:Гарбуз		Shopping_ads		
PLX-НФ-00000838	dup:Гарбуз		Shopping_ads		
PLX-НФ-00000839	dup:Гарбуз		Shopping_ads		
PLX-НФ-00000840	dup:Гарбуз		Shopping_ads		
PLX-НФ-00000841	dup:Гарбуз		Shopping_ads		
PLX-НФ-00000842	dup:Гарбуз		Shopping_ads		
PLX-НФ-00000843	dup:Гарбуз		Shopping_ads		
PLX-НФ-00000844	dup:Едім				
PLX-НФ-00000845	dup:Гарбуз		Shopping_ads		
PLX-НФ-00000846	dup:Гарбуз		Shopping_ads		
PLX-НФ-00000847	dup:Гарбуз		Shopping_ads		
PLX-НФ-00000848	dup:Гарбуз		Shopping_ads		
PLX-НФ-00000849	dup:Гарбуз		Shopping_ads		
PLX-НФ-00000850	dup:Едім				
PLX-НФ-00000851	dup:Гарбуз		Shopping_ads		
PLX-НФ-00000852	dup:Гарбуз		Shopping_ads		
PLX-НФ-00000853	dup:Едім				
PLX-НФ-00000854	dup:Гарбуз		Shopping_ads		
PLX-НФ-00000855	dup:Гарбуз		Shopping_ads		
PLX-НФ-00000856	dup:Гарбуз		Shopping_ads		
PLX-НФ-00000857	dup:Гарбуз		Shopping_ads		
PLX-НФ-00000858	dup:Гарбуз		Shopping_ads		
PLX-НФ-00000859	dup:Гарбуз		Shopping_ads		
PLX-НФ-00000860	dup:Гарбуз		Shopping_ads		
PLX-НФ-00000861	dup:Гарбуз		Shopping_ads		
PLX-НФ-00000862	dup:Гарбуз		Shopping_ads		
PLX-НФ-00000863	dup:Гарбуз		Shopping_ads		
PLX-НФ-00000864	dup:Гарбуз		Shopping_ads		
PLX-НФ-00000870	dup:Гарбуз		Shopping_ads		
PLX-НФ-00000871	dup:Едім				
PLX-НФ-00000875	dup:Гарбуз		Shopping_ads		
PLX-НФ-00000879	dup:Гарбуз		Shopping_ads		
PLX-НФ-00000880	dup:Гарбуз		Shopping_ads		
PLX-НФ-00000881	dup:Гарбуз		Shopping_ads		
PLX-НФ-00000883	dup:Гарбуз		Shopping_ads		
PLX-НФ-00000884	dup:Гарбуз		Shopping_ads		
PLX-НФ-00000885	dup:Гарбуз		Shopping_ads		
PLX-НФ-00000887	dup:Гарбуз		Shopping_ads		
PLX-НФ-00000888	dup:Гарбуз		Shopping_ads		
PLX-НФ-00000889	dup:Гарбуз		Shopping_ads		
PLX-НФ-00000892	dup:Гарбуз		Shopping_ads		
PLX-НФ-00000895	dup:Едім				
PLX-НФ-00000896	dup:Гарбуз		Shopping_ads		
PLX-НФ-00000897	dup:Гарбуз		Shopping_ads		
PLX-НФ-00000898	dup:Едім				
PLX-НФ-00000899	dup:Едім				
PLX-НФ-00000900	dup:Едім				
PLX-НФ-00000901	dup:Гарбуз		Shopping_ads		
PLX-НФ-00000905	dup:Гарбуз		Shopping_ads		
PLX-НФ-00000906	dup:Едім				
PLX-НФ-00000907	dup:Гарбуз		Shopping_ads		
PLX-НФ-00000908	dup:Гарбуз		Shopping_ads		
PLX-НФ-00000909	dup:Гарбуз		Shopping_ads		
PLX-НФ-00000911	dup:Гарбуз		Shopping_ads		
PLX-НФ-00000913	dup:Гарбуз		Shopping_ads		
PLX-НФ-00000914	dup:Гарбуз		Shopping_ads		
PLX-НФ-00000968	dup:Гарбуз		Shopping_ads		
PLX-НФ-00000969	dup:Гарбуз		Shopping_ads		
PLX-НФ-00000970	dup:Гарбуз		Shopping_ads		
PLX-НФ-00000976	dup:Гарбуз		Shopping_ads		
PLX-НФ-00000977	dup:Гарбуз		Shopping_ads		
PLX-НФ-00000978	dup:Гарбуз		Shopping_ads		
PLX-НФ-00000979	dup:Гарбуз		Shopping_ads		
PLX-НФ-00000980	dup:Гарбуз		Shopping_ads		
PLX-НФ-00000981	dup:Гарбуз		Shopping_ads		
PLX-НФ-00000982	dup:Гарбуз		Shopping_ads		
PLX-НФ-00000983	dup:Гарбуз		Shopping_ads		
PLX-НФ-00000984	dup:Гарбуз		Shopping_ads		
PLX-НФ-00000985	dup:Едім				
PLX-НФ-00000990	dup:Едім				
PLX-НФ-00000991	dup:Гарбуз		Shopping_ads		
PLX-НФ-00000992	dup:Гарбуз		Shopping_ads		
PLX-НФ-00000993	dup:Гарбуз		Shopping_ads		
PLX-НФ-00000994	dup:Гарбуз		Shopping_ads		
PLX-НФ-00000995	dup:Гарбуз		Shopping_ads		
PLX-НФ-00000996	dup:Гарбуз		Shopping_ads		
PLX-НФ-00000998	dup:Едім				
PLX-НФ-00000999	dup:Едім				
PLX-НФ-00001002	dup:Гарбуз		Shopping_ads		
PLX-НФ-00001004	dup:Гарбуз		Shopping_ads		
PLX-НФ-00001005	dup:Гарбуз		Shopping_ads		
PLX-НФ-00001006	dup:Гарбуз		Shopping_ads		
PLX-НФ-00001008	dup:Гарбуз		Shopping_ads		
PLX-НФ-00001014	dup:Гарбуз		Shopping_ads		
PLX-НФ-00001015	dup:Гарбуз		Shopping_ads		
PLX-НФ-00001016	dup:Гарбуз		Shopping_ads		
PLX-НФ-00001017	dup:Гарбуз		Shopping_ads		
PLX-НФ-00001018	dup:Гарбуз		Shopping_ads		
PLX-НФ-00001020	dup:Гарбуз		Shopping_ads		
PLX-НФ-00001021	dup:Гарбуз		Shopping_ads		
PLX-НФ-00001022	dup:Гарбуз		Shopping_ads		
PLX-НФ-00001023	dup:Гарбуз		Shopping_ads		
PLX-НФ-00001024	dup:Гарбуз		Shopping_ads		
PLX-НФ-00001026	dup:Гарбуз		Shopping_ads		
PLX-НФ-00001027	dup:Гарбуз		Shopping_ads		
PLX-НФ-00001035	dup:Гарбуз		Shopping_ads		
PLX-НФ-00001036	dup:Гарбуз		Shopping_ads		
PLX-НФ-00001037	dup:Гарбуз		Shopping_ads		
PLX-НФ-00001039	dup:Гарбуз		Shopping_ads		
PLX-НФ-00001040	dup:Гарбуз		Shopping_ads		
PLX-НФ-00001041	dup:Гарбуз		Shopping_ads		
PLX-НФ-00001042	dup:Гарбуз		Shopping_ads		
PLX-НФ-00001043	dup:Гарбуз		Shopping_ads		
PLX-НФ-00001044	dup:Гарбуз		Shopping_ads		
PLX-НФ-00001045	dup:Гарбуз		Shopping_ads		
PLX-НФ-00001046	dup:Гарбуз		Shopping_ads		
PLX-НФ-00001048	dup:Гарбуз		Shopping_ads		
PLX-НФ-00001049	dup:Гарбуз		Shopping_ads		
PLX-НФ-00001050	dup:Гарбуз		Shopping_ads		
PLX-НФ-00001052	dup:Гарбуз		Shopping_ads		
PLX-НФ-00001053	dup:Гарбуз		Shopping_ads		
PLX-НФ-00001054	dup:Едім				
PLX-НФ-00001055	dup:Гарбуз		Shopping_ads		
PLX-НФ-00001057	dup:Гарбуз		Shopping_ads		
PLX-НФ-00001058	dup:Гарбуз		Shopping_ads		
PLX-НФ-00001059	dup:Гарбуз		Shopping_ads		
PLX-НФ-00001060	dup:Гарбуз		Shopping_ads		
PLX-НФ-00001061	dup:Гарбуз		Shopping_ads		
PLX-НФ-00001062	dup:Гарбуз		Shopping_ads		
PLX-НФ-00001063	dup:Гарбуз		Shopping_ads		
PLX-НФ-00001065	dup:Гарбуз		Shopping_ads		
PLX-НФ-00001066	dup:Гарбуз		Shopping_ads		
PLX-НФ-00001067	dup:Гарбуз		Shopping_ads		
PLX-НФ-00001068	dup:Гарбуз		Shopping_ads		
PLX-НФ-00001072	dup:Гарбуз		Shopping_ads		
PLX-НФ-00001073	dup:Гарбуз		Shopping_ads		
PLX-НФ-00001074	dup:Гарбуз		Shopping_ads		
PLX-НФ-00001075	dup:Гарбуз		Shopping_ads		
PLX-НФ-00001076	dup:Гарбуз		Shopping_ads		
PLX-НФ-00001077	dup:Гарбуз		Shopping_ads		
PLX-НФ-00001078	dup:Гарбуз		Shopping_ads		
PLX-НФ-00001079	dup:Гарбуз		Shopping_ads		
PLX-НФ-00001080	dup:Гарбуз		Shopping_ads		
PLX-НФ-00001081	dup:Гарбуз		Shopping_ads		
PLX-НФ-00001082	dup:Гарбуз		Shopping_ads		
PLX-НФ-00001083	dup:Гарбуз		Shopping_ads		
PLX-НФ-00001084	dup:Гарбуз		Shopping_ads		
PLX-НФ-00001085	dup:Гарбуз		Shopping_ads		
PLX-НФ-00001086	dup:Гарбуз		Shopping_ads		
PLX-НФ-00001087	dup:Гарбуз		Shopping_ads		
PLX-НФ-00001088	dup:Гарбуз		Shopping_ads		
PLX-НФ-00001089	dup:Гарбуз		Shopping_ads		
PLX-НФ-00001090	dup:Гарбуз		Shopping_ads		
PLX-НФ-00001091	dup:Гарбуз		Shopping_ads		
PLX-НФ-00001093	dup:Гарбуз		Shopping_ads		
PLX-НФ-00001094	dup:Гарбуз		Shopping_ads		
PLX-НФ-00001095	dup:Гарбуз		Shopping_ads		
PLX-НФ-00001097	dup:Гарбуз		Shopping_ads		
PLX-НФ-00001099	dup:Гарбуз		Shopping_ads		
PLX-НФ-00001100	dup:Едім				
PLX-НФ-00001101	dup:Гарбуз		Shopping_ads		
PLX-НФ-00001102	dup:Гарбуз		Shopping_ads		
PLX-НФ-00001103	dup:Гарбуз		Shopping_ads		
PLX-НФ-00001104	dup:Гарбуз		Shopping_ads		
PLX-НФ-00001105	dup:Гарбуз		Shopping_ads		
PLX-НФ-00001106	dup:Гарбуз		Shopping_ads		
PLX-НФ-00001108	dup:Гарбуз		Shopping_ads		
PLX-НФ-00001109	dup:Едім				
PLX-НФ-00001111	dup:Гарбуз		Shopping_ads		
PLX-НФ-00001113	dup:Гарбуз		Shopping_ads		
PLX-НФ-00001114	dup:Гарбуз		Shopping_ads		
PLX-НФ-00001124	dup:Гарбуз		Shopping_ads		
PLX-НФ-00001125	dup:Едім				
PLX-НФ-00001129	dup:Гарбуз		Shopping_ads		
PLX-НФ-00001130	dup:Гарбуз		Shopping_ads		
PLX-НФ-00001131	dup:Гарбуз		Shopping_ads		
PLX-НФ-00001132	dup:Гарбуз		Shopping_ads		
PLX-НФ-00001133	dup:Гарбуз		Shopping_ads		
PLX-НФ-00001134	dup:Гарбуз		Shopping_ads		
PLX-НФ-00001135	dup:Гарбуз		Shopping_ads		
PLX-НФ-00001137	dup:Гарбуз		Shopping_ads		
PLX-НФ-00001138	dup:Гарбуз		Shopping_ads		
PLX-НФ-00001139	dup:Гарбуз		Shopping_ads		
PLX-НФ-00001141	dup:Гарбуз		Shopping_ads		
PLX-НФ-00001142	dup:Гарбуз		Shopping_ads		
PLX-НФ-00001143	dup:Гарбуз		Shopping_ads		
PLX-НФ-00001144	dup:Гарбуз		Shopping_ads		
PLX-НФ-00001145	dup:Гарбуз		Shopping_ads		
PLX-НФ-00001146	dup:Гарбуз		Shopping_ads		
PLX-НФ-00001147	dup:Гарбуз		Shopping_ads		
PLX-НФ-00001148	dup:Гарбуз		Shopping_ads		
PLX-НФ-00001149	dup:Гарбуз		Shopping_ads		
PLX-НФ-00001150	dup:Гарбуз		Shopping_ads		
PLX-НФ-00001151	dup:Гарбуз		Shopping_ads		
PLX-НФ-00001152	dup:Гарбуз		Shopping_ads		
PLX-НФ-00001153	dup:Гарбуз		Shopping_ads		
PLX-НФ-00001154	dup:Гарбуз		Shopping_ads		
PLX-НФ-00001155	dup:Гарбуз		Shopping_ads		
PLX-НФ-00001156	dup:Гарбуз		Shopping_ads		
PLX-НФ-00001157	dup:Гарбуз		Shopping_ads		
PLX-НФ-00001158	dup:Гарбуз		Shopping_ads		
PLX-НФ-00001159	dup:Гарбуз		Shopping_ads		
PLX-НФ-00001160	dup:Гарбуз		Shopping_ads		
PLX-НФ-00001161	dup:Гарбуз		Shopping_ads		
PLX-НФ-00001166	dup:Гарбуз		Shopping_ads		
PLX-НФ-00001167	dup:Гарбуз		Shopping_ads		
PLX-НФ-00001168	dup:Гарбуз		Shopping_ads		
PLX-НФ-00001169	dup:Гарбуз		Shopping_ads		
PLX-НФ-00001170	dup:Гарбуз		Shopping_ads		
PLX-НФ-00001171	dup:Гарбуз		Shopping_ads		
PLX-НФ-00001172	dup:Гарбуз		Shopping_ads		
PLX-НФ-00001174	dup:Едім				
PLX-НФ-00001192	dup:Гарбуз		Shopping_ads		
PLX-НФ-00001193	dup:Гарбуз		Shopping_ads		
PLX-НФ-00001194	dup:Гарбуз		Shopping_ads		
PLX-НФ-00001195	dup:Гарбуз		Shopping_ads		
PLX-НФ-00001196	dup:Гарбуз		Shopping_ads		
PLX-НФ-00001197	dup:Гарбуз		Shopping_ads		
PLX-НФ-00001198	dup:Гарбуз		Shopping_ads		
PLX-НФ-00001199	dup:Гарбуз		Shopping_ads		
PLX-НФ-00001200	dup:Гарбуз		Shopping_ads		
PLX-НФ-00001201	dup:Гарбуз		Shopping_ads		
PLX-НФ-00001202	dup:Гарбуз		Shopping_ads		
PLX-НФ-00001203	dup:Гарбуз		Shopping_ads		
PLX-НФ-00001204	dup:Гарбуз		Shopping_ads		
PLX-НФ-00001205	dup:Гарбуз		Shopping_ads		
PLX-НФ-00001206	dup:Гарбуз		Shopping_ads		
PLX-НФ-00001207	dup:Гарбуз		Shopping_ads		
PLX-НФ-00001208	dup:Гарбуз		Shopping_ads		
PLX-НФ-00001209	dup:Гарбуз		Shopping_ads		
PLX-НФ-00001210	dup:Гарбуз		Shopping_ads		
PLX-НФ-00001211	dup:Гарбуз		Shopping_ads		
PLX-НФ-00001212	dup:Гарбуз		Shopping_ads		
PLX-НФ-00001213	dup:Гарбуз		Shopping_ads		
PLX-НФ-00001214	dup:Гарбуз		Shopping_ads		
PLX-НФ-00001215	dup:Гарбуз		Shopping_ads		
PLX-НФ-00001216	dup:Гарбуз		Shopping_ads		
PLX-НФ-00001217	dup:Гарбуз		Shopping_ads		
PLX-НФ-00001218	dup:Гарбуз		Shopping_ads		
PLX-НФ-00001219	dup:Гарбуз		Shopping_ads		
PLX-НФ-00001220	dup:Гарбуз		Shopping_ads		
PLX-НФ-00001221	dup:Гарбуз		Shopping_ads		
PLX-НФ-00001222	dup:Гарбуз		Shopping_ads		
PLX-НФ-00001224	dup:Гарбуз		Shopping_ads		
PLX-НФ-00001225	dup:Гарбуз		Shopping_ads		
PLX-НФ-00001227	dup:Гарбуз		Shopping_ads		
PLX-НФ-00001228	dup:Гарбуз		Shopping_ads		
PLX-НФ-00001229	dup:Гарбуз		Shopping_ads		
PLX-НФ-00001230	dup:Гарбуз		Shopping_ads		
PLX-НФ-00001245	dup:Гарбуз		Shopping_ads		
PLX-НФ-00001246	dup:Гарбуз		Shopping_ads		
PLX-НФ-00001247	dup:Гарбуз		Shopping_ads		
PLX-НФ-00001290	dup:Гарбуз		Shopping_ads		
PLX-НФ-00001291	dup:Гарбуз		Shopping_ads		
PLX-НФ-00001292	dup:Гарбуз		Shopping_ads		
PLX-НФ-00001293	dup:Гарбуз		Shopping_ads		
PLX-НФ-00001294	dup:Гарбуз		Shopping_ads		
PLX-НФ-00001295	dup:Гарбуз		Shopping_ads		
PLX-НФ-00001296	dup:Едім				
PLX-НФ-00001297	dup:Гарбуз		Shopping_ads		
PLX-НФ-00001298	dup:Гарбуз		Shopping_ads		
PLX-НФ-00001299	dup:Гарбуз		Shopping_ads		
PLX-НФ-00001300	dup:Гарбуз		Shopping_ads		
PLX-НФ-00001301	dup:Гарбуз		Shopping_ads		
PLX-НФ-00001302	dup:Гарбуз		Shopping_ads		
PLX-НФ-00001303	dup:Гарбуз		Shopping_ads		
PLX-НФ-00001304	dup:Гарбуз		Shopping_ads		
PLX-НФ-00001305	dup:Гарбуз		Shopping_ads		
PLX-НФ-00001306	dup:Гарбуз		Shopping_ads		
PLX-НФ-00001307	dup:Гарбуз		Shopping_ads		
PLX-НФ-00001308	dup:Гарбуз		Shopping_ads		
PLX-НФ-00001309	dup:Гарбуз		Shopping_ads		
PLX-НФ-00001310	dup:Гарбуз		Shopping_ads		
PLX-НФ-00001311	dup:Гарбуз		Shopping_ads		
PLX-НФ-00001312	dup:Гарбуз		Shopping_ads		
PLX-НФ-00001313	dup:Гарбуз		Shopping_ads		
PLX-НФ-00001314	dup:Гарбуз		Shopping_ads		
PLX-НФ-00001320	dup:Гарбуз		Shopping_ads		
PLX-НФ-00001355	dup:Гарбуз		Shopping_ads		
PLX-НФ-00001356	dup:Гарбуз		Shopping_ads		
PLX-НФ-00001357	dup:Гарбуз		Shopping_ads		
PLX-НФ-00001366	dup:Гарбуз		Shopping_ads		
PLX-НФ-00001368	dup:Гарбуз		Shopping_ads		
PLX-НФ-00001375	dup:Гарбуз		Shopping_ads		
PLX-НФ-00001376	dup:Гарбуз		Shopping_ads		
PLX-НФ-00001390	dup:Гарбуз		Shopping_ads		
PLX-НФ-00001391	dup:Гарбуз		Shopping_ads		
PLX-НФ-00001392	dup:Гарбуз		Shopping_ads		
PLX-НФ-00001395	dup:Гарбуз		Shopping_ads		
PLX-НФ-00001396	dup:Гарбуз		Shopping_ads	season_off	
PLX-НФ-00001399	dup:Гарбуз		Shopping_ads		
PLX-НФ-00001400	dup:Гарбуз		Shopping_ads		
PLX-НФ-00001401	dup:Гарбуз		Shopping_ads		
PLX-НФ-00001403	dup:Гарбуз		Shopping_ads		
PLX-НФ-00001404	dup:Гарбуз		Shopping_ads		
PLX-НФ-00001405	dup:Гарбуз		Shopping_ads		
PLX-НФ-00001410	dup:Едім				
PLX-НФ-00001411	dup:Гарбуз		Shopping_ads		
PLX-НФ-00001414	dup:Гарбуз		Shopping_ads		
PLX-НФ-00001415	dup:Гарбуз		Shopping_ads		
PLX-НФ-00001416	dup:Гарбуз		Shopping_ads		
PLX-НФ-00001417	dup:Гарбуз		Shopping_ads		
PLX-НФ-00001418	dup:Едім				
PLX-НФ-00001420	dup:Гарбуз		Shopping_ads		
PLX-НФ-00001421	dup:Гарбуз		Shopping_ads		
PLX-НФ-00001422	dup:Гарбуз		Shopping_ads		
PLX-НФ-00001423	dup:Гарбуз		Shopping_ads		
PLX-НФ-00001424	dup:Едім				
PLX-НФ-00001426	dup:Гарбуз		Shopping_ads		
PLX-НФ-00001427	dup:Гарбуз		Shopping_ads	ne_v_nayavnosti	
PLX-НФ-00001428	dup:Гарбуз		Shopping_ads		
PLX-НФ-00001429	dup:Гарбуз		Shopping_ads		
PLX-НФ-00001430	dup:Гарбуз		Shopping_ads		
PLX-НФ-00001431	dup:Гарбуз		Shopping_ads		
PLX-НФ-00001432	dup:Гарбуз		Shopping_ads		
PLX-НФ-00001433	dup:Гарбуз		Shopping_ads		
PLX-НФ-00001434	dup:Гарбуз		Shopping_ads		
PLX-НФ-00001456	dup:Гарбуз		Shopping_ads		
PLX-НФ-00001457	dup:Гарбуз		Shopping_ads		
PLX-НФ-00001458	dup:Гарбуз		Shopping_ads		
PLX-НФ-00001459	dup:Едім				
PLX-НФ-00001462	dup:Гарбуз		Shopping_ads		
PLX-НФ-00001463	dup:Гарбуз		Shopping_ads		
PLX-НФ-00001464	dup:Гарбуз		Shopping_ads		
PLX-НФ-00001465	dup:Гарбуз		Shopping_ads		
PLX-НФ-00001466	dup:Гарбуз		Shopping_ads		
PLX-НФ-00001467	dup:Гарбуз		Shopping_ads		
PLX-НФ-00001468	dup:Едім				
PLX-НФ-00001469	dup:Гарбуз		Shopping_ads		
PLX-НФ-00001470	dup:Гарбуз		Shopping_ads		
PLX-НФ-00001472	dup:Гарбуз		Shopping_ads		prybutok
PLX-НФ-00001473	dup:Гарбуз		Shopping_ads		
PLX-НФ-00001474	dup:Гарбуз		Shopping_ads		
PLX-НФ-00001475	dup:Гарбуз		Shopping_ads		
PLX-НФ-00001477	dup:Гарбуз		Shopping_ads		
PLX-НФ-00001478	dup:Гарбуз		Shopping_ads		
PLX-НФ-00001479	dup:Едім				
PLX-НФ-00001481	dup:Гарбуз		Shopping_ads		
PLX-НФ-00001482	dup:Едім				
PLX-НФ-00001483	dup:Гарбуз		Shopping_ads		
PLX-НФ-00001484	dup:Гарбуз		Shopping_ads		
PLX-НФ-00001485	dup:Гарбуз		Shopping_ads		
PLX-НФ-00001486	dup:Гарбуз		Shopping_ads		
PLX-НФ-00001487	dup:Гарбуз		Shopping_ads		
PLX-НФ-00001488	dup:Гарбуз		Shopping_ads		
PLX-НФ-00001489	dup:Гарбуз		Shopping_ads		
PLX-НФ-00001490	dup:Гарбуз		Shopping_ads		
PLX-НФ-00001491	dup:Гарбуз		Shopping_ads		
PLX-НФ-00001492	dup:Гарбуз		Shopping_ads		
PLX-НФ-00001493	dup:Едім				
PLX-НФ-00001494	dup:Гарбуз		Shopping_ads		
PLX-НФ-00001495	dup:Гарбуз		Shopping_ads		
PLX-НФ-00001496	dup:Едім				
PLX-НФ-00001497	dup:Гарбуз		Shopping_ads		
PLX-НФ-00001498	dup:Гарбуз		Shopping_ads		
PLX-НФ-00001499	dup:Гарбуз		Shopping_ads		
PLX-НФ-00001508	dup:Гарбуз		Shopping_ads		
PLX-НФ-00001510	dup:Гарбуз		Shopping_ads		
PLX-НФ-00001511	dup:Гарбуз		Shopping_ads		
PLX-НФ-00001512	dup:Гарбуз		Shopping_ads		
PLX-НФ-00001513	dup:Гарбуз		Shopping_ads		
PLX-НФ-00001514	dup:Гарбуз		Shopping_ads		
PLX-НФ-00001516	dup:Гарбуз		Shopping_ads		
PLX-НФ-00001517	dup:Гарбуз		Shopping_ads		
PLX-НФ-00001518	dup:Гарбуз		Shopping_ads		
PLX-НФ-00001519	dup:Гарбуз		Shopping_ads		
PLX-НФ-00001520	dup:Гарбуз		Shopping_ads		
PLX-НФ-00001521	dup:Гарбуз		Shopping_ads		
PLX-НФ-00001522	dup:Гарбуз		Shopping_ads		
PLX-НФ-00001523	dup:Гарбуз		Shopping_ads		
PLX-НФ-00001524	dup:Гарбуз		Shopping_ads		
PLX-НФ-00001525	dup:Гарбуз		Shopping_ads		
PLX-НФ-00001526	dup:Гарбуз		Shopping_ads		
PLX-НФ-00001529	dup:Гарбуз		Shopping_ads		
PLX-НФ-00001530	dup:Гарбуз		Shopping_ads		
PLX-НФ-00001531	dup:Гарбуз		Shopping_ads		
PLX-НФ-00001532	dup:Гарбуз		Shopping_ads		
PLX-НФ-00001533	dup:Гарбуз		Shopping_ads		
PLX-НФ-00001534	dup:Гарбуз		Shopping_ads		
PLX-НФ-00001535	dup:Гарбуз		Shopping_ads		
PLX-НФ-00001536	dup:Гарбуз		Shopping_ads		
PLX-НФ-00001537	dup:Гарбуз		Shopping_ads		
PLX-НФ-00001538	dup:Гарбуз		Shopping_ads		
PLX-НФ-00001539	dup:Гарбуз		Shopping_ads		
PLX-НФ-00001541	dup:Гарбуз		Shopping_ads		
PLX-НФ-00001542	dup:Гарбуз		Shopping_ads		
PLX-НФ-00001543	dup:Гарбуз		Shopping_ads		
PLX-НФ-00001544	dup:Гарбуз		Shopping_ads		
PLX-НФ-00001545	dup:Гарбуз		Shopping_ads		
PLX-НФ-00001546	dup:Гарбуз		Shopping_ads		
PLX-НФ-00001548	dup:Гарбуз		Shopping_ads		
PLX-НФ-00001549	dup:Гарбуз		Shopping_ads		
PLX-НФ-00001550	dup:Гарбуз		Shopping_ads		
PLX-НФ-00001552	dup:Гарбуз		Shopping_ads		
PLX-НФ-00001553	dup:Гарбуз		Shopping_ads		
PLX-НФ-00001565	dup:Гарбуз		Shopping_ads		
PLX-НФ-00001566	dup:Гарбуз		Shopping_ads		
PLX-НФ-00001567	dup:Гарбуз		Shopping_ads		
PLX-НФ-00001568	dup:Гарбуз		Shopping_ads		
PLX-НФ-00001569	dup:Гарбуз		Shopping_ads		
PLX-НФ-00001570	dup:Гарбуз		Shopping_ads		
PLX-НФ-00001571	dup:Гарбуз		Shopping_ads		
PLX-НФ-00001572	dup:Гарбуз		Shopping_ads		
PLX-НФ-00001573	dup:Гарбуз		Shopping_ads		
PLX-НФ-00001574	dup:Гарбуз		Shopping_ads		
PLX-НФ-00001575	dup:Гарбуз		Shopping_ads		
PLX-НФ-00001576	dup:Гарбуз		Shopping_ads		
PLX-НФ-00001577	dup:Гарбуз		Shopping_ads		
PLX-НФ-00001578	dup:Гарбуз		Shopping_ads		
PLX-НФ-00001579	dup:Гарбуз		Shopping_ads		
PLX-НФ-00001580	dup:Гарбуз		Shopping_ads		
PLX-НФ-00001581	dup:Гарбуз		Shopping_ads		
PLX-НФ-00001582	dup:Гарбуз		Shopping_ads		
PLX-НФ-00001583	dup:Гарбуз		Shopping_ads		
PLX-НФ-00001584	dup:Гарбуз		Shopping_ads		
PLX-НФ-00001585	dup:Гарбуз		Shopping_ads		
PLX-НФ-00001586	dup:Гарбуз		Shopping_ads		
PLX-НФ-00001587	dup:Гарбуз		Shopping_ads		
PLX-НФ-00001588	dup:Гарбуз		Shopping_ads		
PLX-НФ-00001589	dup:Гарбуз		Shopping_ads		
PLX-НФ-00001590	dup:Гарбуз		Shopping_ads		
PLX-НФ-00001592	dup:Гарбуз		Shopping_ads		
PLX-НФ-00001593	dup:Гарбуз		Shopping_ads		
PLX-НФ-00001595	dup:Гарбуз		Shopping_ads		
PLX-НФ-00001596	dup:Гарбуз		Shopping_ads		
PLX-НФ-00001597	dup:Гарбуз		Shopping_ads		
PLX-НФ-00001598	dup:Гарбуз		Shopping_ads		
PLX-НФ-00001599	dup:Гарбуз		Shopping_ads		
PLX-НФ-00001600	dup:Гарбуз		Shopping_ads		
PLX-НФ-00001601	dup:Гарбуз		Shopping_ads		
PLX-НФ-00001602	dup:Гарбуз		Shopping_ads		
PLX-НФ-00001603	dup:Едім				
PLX-НФ-00001604	dup:Гарбуз		Shopping_ads		
PLX-НФ-00001605	dup:Гарбуз		Shopping_ads		
PLX-НФ-00001606	dup:Гарбуз		Shopping_ads		
PLX-НФ-00001607	dup:Гарбуз		Shopping_ads		
PLX-НФ-00001608	dup:Гарбуз		Shopping_ads		
PLX-НФ-00001609	dup:Гарбуз		Shopping_ads		
PLX-НФ-00001610	dup:Гарбуз		Shopping_ads		
PLX-НФ-00001611	dup:Гарбуз		Shopping_ads		
PLX-НФ-00001612	dup:Гарбуз		Shopping_ads		
PLX-НФ-00001613	dup:Гарбуз		Shopping_ads		
PLX-НФ-00001614	dup:Гарбуз		Shopping_ads		
PLX-НФ-00001615	dup:Гарбуз		Shopping_ads		
PLX-НФ-00001616	dup:Гарбуз		Shopping_ads		
PLX-НФ-00001617	dup:Гарбуз		Shopping_ads		
PLX-НФ-00001618	dup:Гарбуз		Shopping_ads		
PLX-НФ-00001619	dup:Гарбуз		Shopping_ads		
PLX-НФ-00001620	dup:Гарбуз		Shopping_ads		
PLX-НФ-00001621	dup:Гарбуз		Shopping_ads		
PLX-НФ-00001622	dup:Гарбуз		Shopping_ads		
PLX-НФ-00001650	dup:Гарбуз		Shopping_ads		
PLX-НФ-00001652	dup:Гарбуз		Shopping_ads		
PLX-НФ-00001653	dup:Гарбуз		Shopping_ads		
PLX-НФ-00001654	dup:Гарбуз		Shopping_ads		
PLX-НФ-00001655	dup:Гарбуз		Shopping_ads		
PLX-НФ-00001656	dup:Гарбуз		Shopping_ads		
PLX-НФ-00001667	dup:Гарбуз		Shopping_ads		
PLX-НФ-00001668	dup:Едім				
PLX-НФ-00001669	dup:Гарбуз		Shopping_ads		
PLX-НФ-00001670	dup:Гарбуз		Shopping_ads		
PLX-НФ-00001671	dup:Гарбуз		Shopping_ads		
PLX-НФ-00001672	dup:Гарбуз		Shopping_ads		
PLX-НФ-00001673	dup:Гарбуз		Shopping_ads		
PLX-НФ-00001675	dup:Гарбуз		Shopping_ads		
PLX-НФ-00001676	dup:Гарбуз		Shopping_ads		
PLX-НФ-00001677	dup:Гарбуз		Shopping_ads		
PLX-НФ-00001684	dup:Гарбуз		Shopping_ads		
PLX-НФ-00001685	dup:Гарбуз		Shopping_ads		
PLX-НФ-00001686	dup:Гарбуз		Shopping_ads		
PLX-НФ-00001691	dup:Гарбуз		Shopping_ads	season_off	
PLX-НФ-00001713	dup:Гарбуз		Shopping_ads		
PLX-НФ-00001715	dup:Гарбуз		Shopping_ads		
PLX-НФ-00001716	dup:Гарбуз		Shopping_ads		
PLX-НФ-00001717	dup:Гарбуз		Shopping_ads		
PLX-НФ-00001719	dup:Гарбуз		Shopping_ads		
PLX-НФ-00001722	dup:Гарбуз		Shopping_ads		
PLX-НФ-00001747	dup:Гарбуз		Shopping_ads		
PLX-НФ-00001748	dup:Гарбуз		Shopping_ads		
PLX-НФ-00001749	dup:Гарбуз		Shopping_ads		
PLX-НФ-00001750	dup:Гарбуз		Shopping_ads		
PLX-НФ-00001752	dup:Гарбуз		Shopping_ads		
PLX-НФ-00001753	dup:Гарбуз		Shopping_ads		
PLX-НФ-00001754	dup:Гарбуз		Shopping_ads		
PLX-НФ-00001755	dup:Гарбуз		Shopping_ads		
PLX-НФ-00001756	dup:Гарбуз		Shopping_ads		
PLX-НФ-00001757	dup:Гарбуз		Shopping_ads		
PLX-НФ-00001758	dup:Гарбуз		Shopping_ads		
PLX-НФ-00001759	dup:Гарбуз		Shopping_ads		
PLX-НФ-00001760	dup:Гарбуз		Shopping_ads		
PLX-НФ-00001761	dup:Гарбуз		Shopping_ads		
PLX-НФ-00001762	dup:Гарбуз		Shopping_ads		
PLX-НФ-00001763	dup:Гарбуз		Shopping_ads		
PLX-НФ-00001764	dup:Гарбуз		Shopping_ads		
PLX-НФ-00001765	dup:Гарбуз		Shopping_ads		
PLX-НФ-00001766	dup:Гарбуз		Shopping_ads		
PLX-НФ-00001767	dup:Гарбуз		Shopping_ads		
PLX-НФ-00001769	dup:Гарбуз		Shopping_ads		
PLX-НФ-00001790	dup:Гарбуз		Shopping_ads		
PLX-НФ-00001791	dup:Гарбуз		Shopping_ads		
PLX-НФ-00001802	dup:Гарбуз		Shopping_ads		
PLX-НФ-00001803	dup:Гарбуз		Shopping_ads		
PLX-НФ-00001804	dup:Гарбуз		Shopping_ads		
PLX-НФ-00001805	dup:Гарбуз		Shopping_ads		
PLX-НФ-00001806	dup:Гарбуз		Shopping_ads		
PLX-НФ-00001807	dup:Гарбуз		Shopping_ads		
PLX-НФ-00001808	dup:Гарбуз		Shopping_ads		
PLX-НФ-00001809	dup:Гарбуз		Shopping_ads		
PLX-НФ-00001810	dup:Гарбуз		Shopping_ads		
PLX-НФ-00001811	dup:Гарбуз		Shopping_ads		
PLX-НФ-00001812	dup:Гарбуз		Shopping_ads		
PLX-НФ-00001813	dup:Гарбуз		Shopping_ads		
PLX-НФ-00001814	dup:Гарбуз		Shopping_ads		
PLX-НФ-00001815	dup:Гарбуз		Shopping_ads		
PLX-НФ-00001816	dup:Гарбуз		Shopping_ads		
PLX-НФ-00001817	dup:Гарбуз		Shopping_ads		
PLX-НФ-00001818	dup:Гарбуз		Shopping_ads		
PLX-НФ-00001819	dup:Гарбуз		Shopping_ads		
PLX-НФ-00001829	dup:Гарбуз		Shopping_ads		
PLX-НФ-00001830	dup:Гарбуз		Shopping_ads		
PLX-НФ-00001831	dup:Гарбуз		Shopping_ads		
PLX-НФ-00001832	dup:Гарбуз		Shopping_ads		
PLX-НФ-00001833	dup:Гарбуз		Shopping_ads		
PLX-НФ-00001834	dup:Гарбуз		Shopping_ads		
PLX-НФ-00001835	dup:Гарбуз		Shopping_ads		
PLX-НФ-00001836	dup:Гарбуз		Shopping_ads		
PLX-НФ-00001837	dup:Гарбуз		Shopping_ads		
PLX-НФ-00001838	dup:Гарбуз		Shopping_ads		
PLX-НФ-00001839	dup:Гарбуз		Shopping_ads		
PLX-НФ-00001843	dup:Гарбуз		Shopping_ads		
PLX-НФ-00001846	dup:Гарбуз		Shopping_ads		
PLX-НФ-00001847	dup:Гарбуз		Shopping_ads		
PLX-НФ-00001848	dup:Гарбуз		Shopping_ads		
PLX-НФ-00001850	dup:Гарбуз		Shopping_ads		
PLX-НФ-00001851	dup:Гарбуз		Shopping_ads		
PLX-НФ-00001852	dup:Гарбуз		Shopping_ads		
PLX-НФ-00001853	dup:Гарбуз		Shopping_ads		
PLX-НФ-00001854	dup:Едім				
PLX-НФ-00001856	dup:Гарбуз		Shopping_ads		
PLX-НФ-00001857	dup:Гарбуз		Shopping_ads		
PLX-НФ-00001859	dup:Гарбуз		Shopping_ads		
PLX-НФ-00001860	dup:Гарбуз		Shopping_ads		
PLX-НФ-00001862	dup:Гарбуз		Shopping_ads		
PLX-НФ-00001863	dup:Гарбуз		Shopping_ads		
PLX-НФ-00001865	dup:Гарбуз		Shopping_ads		
PLX-НФ-00001868	dup:Гарбуз		Shopping_ads		
PLX-НФ-00001875	dup:Гарбуз		Shopping_ads		
PLX-НФ-00001876	dup:Гарбуз		Shopping_ads		
PLX-НФ-00001877	dup:Гарбуз		Shopping_ads		
PLX-НФ-00001878	dup:Гарбуз		Shopping_ads		
PLX-НФ-00001879	dup:Гарбуз		Shopping_ads		
PLX-НФ-00001880	dup:Гарбуз		Shopping_ads		
PLX-НФ-00001881	dup:Едім				
PLX-НФ-00001882	dup:Гарбуз		Shopping_ads		
PLX-НФ-00001883	dup:Гарбуз		Shopping_ads		
PLX-НФ-00001884	dup:Гарбуз		Shopping_ads		
PLX-НФ-00001885	dup:Гарбуз		Shopping_ads		
PLX-НФ-00001886	dup:Гарбуз		Shopping_ads		
PLX-НФ-00001887	dup:Гарбуз		Shopping_ads		
PLX-НФ-00001890	dup:Гарбуз		Shopping_ads		
PLX-НФ-00001894	dup:Едім				
PLX-НФ-00001896	dup:Гарбуз		Shopping_ads		
PLX-НФ-00001897	dup:Гарбуз		Shopping_ads		
PLX-НФ-00001899	dup:Гарбуз		Shopping_ads		
PLX-НФ-00001900	dup:Гарбуз		Shopping_ads		
PLX-НФ-00001901	dup:Гарбуз		Shopping_ads		
PLX-НФ-00001903	dup:Гарбуз		Shopping_ads		
PLX-НФ-00001904	dup:Гарбуз		Shopping_ads		
PLX-НФ-00001905	dup:Гарбуз		Shopping_ads		
PLX-НФ-00001907	dup:Гарбуз		Shopping_ads		
PLX-НФ-00001909	dup:Гарбуз		Shopping_ads		
PLX-НФ-00001910	dup:Гарбуз		Shopping_ads		
PLX-НФ-00001911	dup:Гарбуз		Shopping_ads	ne_v_prajsi	
PLX-НФ-00001912	dup:Гарбуз		Shopping_ads		
PLX-НФ-00001913	dup:Гарбуз		Shopping_ads		
PLX-НФ-00001914	dup:Гарбуз		Shopping_ads		
PLX-НФ-00001915	dup:Гарбуз		Shopping_ads		
PLX-НФ-00001917	dup:Гарбуз		Shopping_ads		
PLX-НФ-00001919	dup:Гарбуз		Shopping_ads		
PLX-НФ-00001920	dup:Едім				
PLX-НФ-00001921	dup:Едім				
PLX-НФ-00001922	dup:Гарбуз		Shopping_ads		
PLX-НФ-00001923	dup:Гарбуз		Shopping_ads		
PLX-НФ-00001924	dup:Гарбуз		Shopping_ads		
PLX-НФ-00001925	dup:Гарбуз		Shopping_ads		
PLX-НФ-00001927	dup:Гарбуз		Shopping_ads		
PLX-НФ-00001928	dup:Гарбуз		Shopping_ads		
PLX-НФ-00001929	dup:Гарбуз		Shopping_ads		
PLX-НФ-00001930	dup:Гарбуз		Shopping_ads		
PLX-НФ-00001931	dup:Гарбуз		Shopping_ads		
PLX-НФ-00001933	dup:Гарбуз		Shopping_ads	season_off	
PLX-НФ-00001934	dup:Гарбуз		Shopping_ads	season_off	
PLX-НФ-00001935	dup:Гарбуз		Shopping_ads		
PLX-НФ-00001936	dup:Гарбуз		Shopping_ads		
PLX-НФ-00001937	dup:Гарбуз		Shopping_ads		
PLX-НФ-00001946	dup:Гарбуз		Shopping_ads		
PLX-НФ-00001947	dup:Гарбуз		Shopping_ads		
PLX-НФ-00001948	dup:Гарбуз		Shopping_ads		
PLX-НФ-00001949	dup:Гарбуз		Shopping_ads		
PLX-НФ-00001950	dup:Гарбуз		Shopping_ads		
PLX-НФ-00001951	dup:Гарбуз		Shopping_ads		
PLX-НФ-00001953	dup:Гарбуз		Shopping_ads		
PLX-НФ-00001954	dup:Гарбуз		Shopping_ads		
PLX-НФ-00001955	dup:Гарбуз		Shopping_ads		
PLX-НФ-00001956	dup:Гарбуз		Shopping_ads		
PLX-НФ-00001957	dup:Гарбуз		Shopping_ads		
PLX-НФ-00001958	dup:Гарбуз		Shopping_ads		
PLX-НФ-00001959	dup:Гарбуз		Shopping_ads		
PLX-НФ-00002053	dup:Гарбуз		Shopping_ads		
PLX-НФ-00002054	dup:Гарбуз		Shopping_ads		
PLX-НФ-00002055	dup:Гарбуз		Shopping_ads		
PLX-НФ-00002065	dup:Гарбуз		Shopping_ads		
PLX-НФ-00002066	dup:Гарбуз		Shopping_ads		
PLX-НФ-00002067	dup:Гарбуз		Shopping_ads		
PLX-НФ-00002068	dup:Гарбуз		Shopping_ads		
PLX-НФ-00002069	dup:Гарбуз		Shopping_ads		
PLX-НФ-00002070	dup:Гарбуз		Shopping_ads		
PLX-НФ-00002071	dup:Гарбуз		Shopping_ads		
PLX-НФ-00002072	dup:Гарбуз		Shopping_ads		
PLX-НФ-00002073	dup:Гарбуз		Shopping_ads	ne_v_nayavnosti	
PLX-НФ-00002075	dup:Гарбуз		Shopping_ads		
PLX-НФ-00002076	dup:Гарбуз		Shopping_ads		
PLX-НФ-00002077	dup:Гарбуз		Shopping_ads		
PLX-НФ-00002079	dup:Гарбуз		Shopping_ads		
PLX-НФ-00002080	dup:Гарбуз		Shopping_ads		
PLX-НФ-00002167	dup:Гарбуз		Shopping_ads	season_off	
PLX-НФ-00002168	dup:Гарбуз		Shopping_ads		
PLX-НФ-00002187	dup:Гарбуз		Shopping_ads		
PLX-НФ-00002189	dup:Гарбуз		Shopping_ads		
PLX-НФ-00002190	dup:Гарбуз		Shopping_ads		
PLX-НФ-00002192	dup:Гарбуз		Shopping_ads		
PLX-НФ-00002193	dup:Гарбуз		Shopping_ads		
PLX-НФ-00002216	dup:Гарбуз		Shopping_ads		
PLX-НФ-00002217	dup:Гарбуз		Shopping_ads		
PLX-НФ-00002218	dup:Гарбуз		Shopping_ads		
PLX-НФ-00002219	dup:Гарбуз		Shopping_ads		
PLX-НФ-00002220	dup:Гарбуз		Shopping_ads		
PLX-НФ-00002221	dup:Гарбуз		Shopping_ads		
PLX-НФ-00002222	dup:Гарбуз		Shopping_ads		
PLX-НФ-00002223	dup:Гарбуз		Shopping_ads		
PLX-НФ-00002224	dup:Гарбуз		Shopping_ads		
PLX-НФ-00002225	dup:Гарбуз		Shopping_ads		
PLX-НФ-00002226	dup:Гарбуз		Shopping_ads		
PLX-НФ-00002227	dup:Гарбуз		Shopping_ads		
PLX-НФ-00002234	dup:Гарбуз		Shopping_ads		
PLX-НФ-00002235	dup:Гарбуз		Shopping_ads		
PLX-НФ-00002236	dup:Гарбуз		Shopping_ads		
PLX-НФ-00002237	dup:Гарбуз		Shopping_ads		
PLX-НФ-00002238	dup:Гарбуз		Shopping_ads		
PLX-НФ-00002239	dup:Гарбуз		Shopping_ads		
PLX-НФ-00002240	dup:Гарбуз		Shopping_ads		
PLX-НФ-00002241	dup:Едім				
PLX-НФ-00002243	dup:Гарбуз		Shopping_ads		
PLX-НФ-00002244	dup:Гарбуз		Shopping_ads		
PLX-НФ-00002245	dup:Гарбуз		Shopping_ads		
PLX-НФ-00002246	dup:Гарбуз		Shopping_ads		
PLX-НФ-00002247	dup:Гарбуз		Shopping_ads		
PLX-НФ-00002248	dup:Гарбуз		Shopping_ads		
PLX-НФ-00002249	dup:Гарбуз		Shopping_ads		
PLX-НФ-00002250	dup:Гарбуз		Shopping_ads		
PLX-НФ-00002251	dup:Гарбуз		Shopping_ads		
PLX-НФ-00002252	dup:Гарбуз		Shopping_ads		
PLX-НФ-00002253	dup:Гарбуз		Shopping_ads		
PLX-НФ-00002254	dup:Гарбуз		Shopping_ads		
PLX-НФ-00002255	dup:Гарбуз		Shopping_ads		
PLX-НФ-00002257	dup:Гарбуз		Shopping_ads		
PLX-НФ-00002258	dup:Гарбуз		Shopping_ads		
PLX-НФ-00002259	dup:Гарбуз		Shopping_ads		
PLX-НФ-00002260	dup:Гарбуз		Shopping_ads		
PLX-НФ-00002261	dup:Гарбуз		Shopping_ads		
PLX-НФ-00002262	dup:Гарбуз		Shopping_ads		
PLX-НФ-00002265	dup:Гарбуз		Shopping_ads		
PLX-НФ-00002266	dup:Гарбуз		Shopping_ads		
PLX-НФ-00002267	dup:Гарбуз		Shopping_ads		
PLX-НФ-00002269	dup:Гарбуз		Shopping_ads		
PLX-НФ-00002270	dup:Гарбуз		Shopping_ads		
PLX-НФ-00002271	dup:Гарбуз		Shopping_ads		
PLX-НФ-00002272	dup:Гарбуз		Shopping_ads		
PLX-НФ-00002274	dup:Гарбуз		Shopping_ads		
PLX-НФ-00002275	dup:Гарбуз		Shopping_ads		
PLX-НФ-00002276	dup:Гарбуз		Shopping_ads		
PLX-НФ-00002277	dup:Гарбуз		Shopping_ads		
PLX-НФ-00002279	dup:Едім				
PLX-НФ-00002280	dup:Гарбуз		Shopping_ads		
PLX-НФ-00002281	dup:Едім				
PLX-НФ-00002285	dup:Гарбуз		Shopping_ads		
PLX-НФ-00002286	dup:Гарбуз		Shopping_ads		
PLX-НФ-00002330	dup:Гарбуз		Shopping_ads		
PLX-НФ-00002331	dup:Гарбуз		Shopping_ads		
PLX-НФ-00002332	dup:Гарбуз		Shopping_ads		
PLX-НФ-00002335	dup:Гарбуз		Shopping_ads		
PLX-НФ-00002336	dup:Гарбуз		Shopping_ads		
PLX-НФ-00002337	dup:Гарбуз		Shopping_ads		
PLX-НФ-00002338	dup:Гарбуз		Shopping_ads		
PLX-НФ-00002339	dup:Гарбуз		Shopping_ads		
PLX-НФ-00002344	dup:Гарбуз		Shopping_ads		
PLX-НФ-00002350	dup:Гарбуз		Shopping_ads		
PLX-НФ-00002396	dup:Гарбуз		Shopping_ads		
PLX-НФ-00002397	dup:Гарбуз		Shopping_ads		
PLX-НФ-00002398	dup:Гарбуз		Shopping_ads		
PLX-НФ-00002399	dup:Едім				
PLX-НФ-00002400	dup:Гарбуз		Shopping_ads		
PLX-НФ-00002401	dup:Гарбуз		Shopping_ads		
PLX-НФ-00002402	dup:Гарбуз		Shopping_ads		
PLX-НФ-00002403	dup:Гарбуз		Shopping_ads		
PLX-НФ-00002404	dup:Едім				
PLX-НФ-00002405	dup:Гарбуз		Shopping_ads		
PLX-НФ-00002441	dup:Гарбуз		Shopping_ads		
PLX-НФ-00002442	dup:Гарбуз		Shopping_ads		
PLX-НФ-00002444	dup:Гарбуз		Shopping_ads		
PLX-НФ-00002445	dup:Гарбуз		Shopping_ads		
PLX-НФ-00002446	dup:Гарбуз		Shopping_ads		
PLX-НФ-00002452	dup:Гарбуз		Shopping_ads		
PLX-НФ-00002457	dup:Гарбуз		Shopping_ads		
PLX-НФ-00002458	dup:Гарбуз		Shopping_ads		
PLX-НФ-00002459	dup:Гарбуз		Shopping_ads		
PLX-НФ-00002460	dup:Гарбуз		Shopping_ads		
PLX-НФ-00002461	dup:Гарбуз		Shopping_ads		
PLX-НФ-00002462	dup:Гарбуз		Shopping_ads		
PLX-НФ-00002464	dup:Гарбуз		Shopping_ads		
PLX-НФ-00002465	dup:Гарбуз		Shopping_ads		
PLX-НФ-00002466	dup:Гарбуз		Shopping_ads		
PLX-НФ-00002468	dup:Гарбуз		Shopping_ads		
PLX-НФ-00002469	dup:Гарбуз		Shopping_ads		
PLX-НФ-00002470	dup:Гарбуз		Shopping_ads		
PLX-НФ-00002471	dup:Гарбуз		Shopping_ads		
PLX-НФ-00002472	dup:Гарбуз		Shopping_ads		
PLX-НФ-00002473	dup:Гарбуз		Shopping_ads		
PLX-НФ-00002474	dup:Гарбуз		Shopping_ads		
PLX-НФ-00002475	dup:Гарбуз		Shopping_ads		
PLX-НФ-00002476	dup:Гарбуз		Shopping_ads		
PLX-НФ-00002477	dup:Гарбуз		Shopping_ads		
PLX-НФ-00002478	dup:Гарбуз		Shopping_ads		
PLX-НФ-00002479	dup:Гарбуз		Shopping_ads		
PLX-НФ-00002480	dup:Гарбуз		Shopping_ads		
PLX-НФ-00002481	dup:Гарбуз		Shopping_ads		
PLX-НФ-00002482	dup:Гарбуз		Shopping_ads		
PLX-НФ-00002483	dup:Гарбуз		Shopping_ads		
PLX-НФ-00002484	dup:Гарбуз		Shopping_ads		
PLX-НФ-00002514	dup:Гарбуз		Shopping_ads		
PLX-НФ-00002515	dup:Гарбуз		Shopping_ads		
PLX-НФ-00002516	dup:Гарбуз		Shopping_ads		
PLX-НФ-00002517	dup:Гарбуз		Shopping_ads		
PLX-НФ-00002518	dup:Гарбуз		Shopping_ads		
PLX-НФ-00002519	dup:Гарбуз		Shopping_ads		
PLX-НФ-00002520	dup:Гарбуз		Shopping_ads		
PLX-НФ-00002521	dup:Гарбуз		Shopping_ads		
PLX-НФ-00002522	dup:Гарбуз		Shopping_ads		
PLX-НФ-00002523	dup:Гарбуз		Shopping_ads		
PLX-НФ-00002526	dup:Гарбуз		Shopping_ads		
PLX-НФ-00002527	dup:Гарбуз		Shopping_ads		
PLX-НФ-00002528	dup:Гарбуз		Shopping_ads		
PLX-НФ-00002529	dup:Гарбуз		Shopping_ads		
PLX-НФ-00002530	dup:Гарбуз		Shopping_ads		
PLX-НФ-00002531	dup:Гарбуз		Shopping_ads		
PLX-НФ-00002533	dup:Гарбуз		Shopping_ads		
PLX-НФ-00002534	dup:Гарбуз		Shopping_ads		
PLX-НФ-00002575	dup:Гарбуз		Shopping_ads		
PLX-НФ-00002586	dup:Гарбуз		Shopping_ads		
PLX-НФ-00002587	dup:Гарбуз		Shopping_ads		
PLX-НФ-00002588	dup:Гарбуз		Shopping_ads		
PLX-НФ-00002589	dup:Гарбуз		Shopping_ads		
PLX-НФ-00002590	dup:Гарбуз		Shopping_ads		
PLX-НФ-00002591	dup:Гарбуз		Shopping_ads		
PLX-НФ-00002592	dup:Гарбуз		Shopping_ads		
PLX-НФ-00002593	dup:Гарбуз		Shopping_ads		
PLX-НФ-00002594	dup:Гарбуз		Shopping_ads		
PLX-НФ-00002595	dup:Гарбуз		Shopping_ads		
PLX-НФ-00002596	dup:Гарбуз		Shopping_ads		
PLX-НФ-00002597	dup:Гарбуз		Shopping_ads		
PLX-НФ-00002618	dup:Гарбуз		Shopping_ads		
PLX-НФ-00002619	dup:Гарбуз		Shopping_ads		
PLX-НФ-00002620	dup:Гарбуз		Shopping_ads		
PLX-НФ-00002621	dup:Гарбуз		Shopping_ads		
PLX-НФ-00002622	dup:Гарбуз		Shopping_ads		
PLX-НФ-00002623	dup:Гарбуз		Shopping_ads		
PLX-НФ-00002624	dup:Гарбуз		Shopping_ads		
PLX-НФ-00002625	dup:Гарбуз		Shopping_ads		
PLX-НФ-00002626	dup:Гарбуз		Shopping_ads		
PLX-НФ-00002628	dup:Гарбуз		Shopping_ads		
PLX-НФ-00002629	dup:Гарбуз		Shopping_ads		
PLX-НФ-00002630	dup:Гарбуз		Shopping_ads		
PLX-НФ-00002631	dup:Гарбуз		Shopping_ads		
PLX-НФ-00002632	dup:Гарбуз		Shopping_ads		
PLX-НФ-00002633	dup:Гарбуз		Shopping_ads		
PLX-НФ-00002634	dup:Гарбуз		Shopping_ads		
PLX-НФ-00002635	dup:Гарбуз		Shopping_ads		
PLX-НФ-00002636	dup:Гарбуз		Shopping_ads		
PLX-НФ-00002637	dup:Гарбуз		Shopping_ads		
PLX-НФ-00002638	dup:Гарбуз		Shopping_ads		
PLX-НФ-00002639	dup:Гарбуз		Shopping_ads		
PLX-НФ-00002640	dup:Гарбуз		Shopping_ads		
PLX-НФ-00002642	dup:Гарбуз		Shopping_ads		
PLX-НФ-00002643	dup:Гарбуз		Shopping_ads		
PLX-НФ-00002644	dup:Гарбуз		Shopping_ads		
PLX-НФ-00002645	dup:Гарбуз		Shopping_ads		
PLX-НФ-00002646	dup:Гарбуз		Shopping_ads		
PLX-НФ-00002647	dup:Гарбуз		Shopping_ads		
PLX-НФ-00002648	dup:Гарбуз		Shopping_ads		
PLX-НФ-00002649	dup:Гарбуз		Shopping_ads		
PLX-НФ-00002650	dup:Гарбуз		Shopping_ads		
PLX-НФ-00002651	dup:Гарбуз		Shopping_ads		
PLX-НФ-00002652	dup:Гарбуз		Shopping_ads		
PLX-НФ-00002653	dup:Гарбуз		Shopping_ads		
PLX-НФ-00002654	dup:Гарбуз		Shopping_ads		
PLX-НФ-00002657	dup:Гарбуз		Shopping_ads		
PLX-НФ-00002658	dup:Гарбуз		Shopping_ads		
PLX-НФ-00002659	dup:Гарбуз		Shopping_ads		
PLX-НФ-00002660	dup:Гарбуз		Shopping_ads		
PLX-НФ-00002661	dup:Гарбуз		Shopping_ads		
PLX-НФ-00002662	dup:Гарбуз		Shopping_ads		
PLX-НФ-00002663	dup:Гарбуз		Shopping_ads		
PLX-НФ-00002664	dup:Гарбуз		Shopping_ads		
PLX-НФ-00002667	dup:Гарбуз		Shopping_ads		
PLX-НФ-00002668	dup:Гарбуз		Shopping_ads		
PLX-НФ-00002669	dup:Гарбуз		Shopping_ads		
PLX-НФ-00002670	dup:Гарбуз		Shopping_ads		
PLX-НФ-00002671	dup:Гарбуз		Shopping_ads		
PLX-НФ-00002672	dup:Гарбуз		Shopping_ads		
PLX-НФ-00002673	dup:Гарбуз		Shopping_ads		
PLX-НФ-00002676	dup:Гарбуз		Shopping_ads		
PLX-НФ-00002678	dup:Гарбуз		Shopping_ads		
PLX-НФ-00002679	dup:Гарбуз		Shopping_ads		
PLX-НФ-00002680	dup:Гарбуз		Shopping_ads		
PLX-НФ-00002681	dup:Гарбуз		Shopping_ads		
PLX-НФ-00002684	dup:Едім				
PLX-НФ-00002685	dup:Гарбуз		Shopping_ads		
PLX-НФ-00002686	dup:Гарбуз		Shopping_ads		
PLX-НФ-00002687	dup:Гарбуз		Shopping_ads		
PLX-НФ-00002688	dup:Гарбуз		Shopping_ads		
PLX-НФ-00002691	dup:Гарбуз		Shopping_ads		
PLX-НФ-00002692	dup:Гарбуз		Shopping_ads		
PLX-НФ-00002693	dup:Гарбуз		Shopping_ads		
PLX-НФ-00002694	dup:Гарбуз		Shopping_ads		
PLX-НФ-00002695	dup:Гарбуз		Shopping_ads		
PLX-НФ-00002696	dup:Гарбуз		Shopping_ads		
PLX-НФ-00002699	dup:Гарбуз		Shopping_ads		
PLX-НФ-00002700	dup:Гарбуз		Shopping_ads		
PLX-НФ-00002701	dup:Гарбуз		Shopping_ads		
PLX-НФ-00002702	dup:Гарбуз		Shopping_ads		
PLX-НФ-00002703	dup:Гарбуз		Shopping_ads		
PLX-НФ-00002706	dup:Гарбуз		Shopping_ads		
PLX-НФ-00002707	dup:Гарбуз		Shopping_ads		
PLX-НФ-00002708	dup:Гарбуз		Shopping_ads		
PLX-НФ-00002709	dup:Гарбуз		Shopping_ads		
PLX-НФ-00002712	dup:Гарбуз		Shopping_ads		
PLX-НФ-00002713	dup:Гарбуз		Shopping_ads		
PLX-НФ-00002716	dup:Гарбуз		Shopping_ads		
PLX-НФ-00002720	dup:Гарбуз		Shopping_ads		
PLX-НФ-00002721	dup:Гарбуз		Shopping_ads		
PLX-НФ-00002724	dup:Гарбуз		Shopping_ads		
PLX-НФ-00002725	dup:Гарбуз		Shopping_ads		
PLX-НФ-00002728	dup:Гарбуз		Shopping_ads		
PLX-НФ-00002729	dup:Гарбуз		Shopping_ads		
PLX-НФ-00002733	dup:Гарбуз		Shopping_ads		
PLX-НФ-00002734	dup:Гарбуз		Shopping_ads		
PLX-НФ-00002735	dup:Гарбуз		Shopping_ads		
PLX-НФ-00002736	dup:Гарбуз		Shopping_ads		
PLX-НФ-00002739	dup:Гарбуз		Shopping_ads		
PLX-НФ-00002741	dup:Гарбуз		Shopping_ads		
PLX-НФ-00002742	dup:Едім				
PLX-НФ-00002743	dup:Гарбуз		Shopping_ads		
PLX-НФ-00002744	dup:Гарбуз		Shopping_ads		
PLX-НФ-00002745	dup:Гарбуз		Shopping_ads		
PLX-НФ-00002747	dup:Гарбуз		Shopping_ads		
PLX-НФ-00002748	dup:Гарбуз		Shopping_ads		
PLX-НФ-00002749	dup:Гарбуз		Shopping_ads		
PLX-НФ-00002750	dup:Гарбуз		Shopping_ads		
PLX-НФ-00002753	dup:Гарбуз		Shopping_ads		
PLX-НФ-00002756	dup:Гарбуз		Shopping_ads		
PLX-НФ-00002757	dup:Гарбуз		Shopping_ads		
PLX-НФ-00002758	dup:Гарбуз		Shopping_ads		
PLX-НФ-00002759	dup:Гарбуз		Shopping_ads		
PLX-НФ-00002760	dup:Гарбуз		Shopping_ads		
PLX-НФ-00002761	dup:Гарбуз		Shopping_ads		
PLX-НФ-00002762	dup:Гарбуз		Shopping_ads		
PLX-НФ-00002763	dup:Гарбуз		Shopping_ads		
PLX-НФ-00002764	dup:Едім				
PLX-НФ-00002765	dup:Едім				
PLX-НФ-00002766	dup:Гарбуз		Shopping_ads		
PLX-НФ-00002767	dup:Едім				
PLX-НФ-00002768	dup:Гарбуз		Shopping_ads		
PLX-НФ-00002769	dup:Едім				
PLX-НФ-00002770	dup:Едім				
PLX-НФ-00002771	dup:Едім				
PLX-НФ-00002772	dup:Гарбуз		Shopping_ads		
PLX-НФ-00002775	dup:Гарбуз		Shopping_ads		
PLX-НФ-00002776	dup:Едім				
PLX-НФ-00002777	dup:Гарбуз		Shopping_ads		
PLX-НФ-00002778	dup:Гарбуз		Shopping_ads		
PLX-НФ-00002779	dup:Гарбуз		Shopping_ads		
PLX-НФ-00002780	dup:Гарбуз		Shopping_ads		
PLX-НФ-00002781	dup:Гарбуз		Shopping_ads		
PLX-НФ-00002782	dup:Гарбуз		Shopping_ads		
PLX-НФ-00002783	dup:Гарбуз		Shopping_ads		
PLX-НФ-00002784	dup:Гарбуз		Shopping_ads		
PLX-НФ-00002798	dup:Гарбуз		Shopping_ads		
PLX-НФ-00002799	dup:Гарбуз		Shopping_ads		
PLX-НФ-00002800	dup:Гарбуз		Shopping_ads		
PLX-НФ-00002801	dup:Гарбуз		Shopping_ads		
PLX-НФ-00002802	dup:Гарбуз		Shopping_ads		
PLX-НФ-00002803	dup:Гарбуз		Shopping_ads		
PLX-НФ-00002805	dup:Гарбуз		Shopping_ads		
PLX-НФ-00002806	dup:Гарбуз		Shopping_ads		
PLX-НФ-00002821	dup:Гарбуз		Shopping_ads		
PLX-НФ-00002822	dup:Гарбуз		Shopping_ads		
PLX-НФ-00002824	dup:Гарбуз		Shopping_ads		
PLX-НФ-00002825	dup:Гарбуз		Shopping_ads		
PLX-НФ-00002826	dup:Гарбуз		Shopping_ads		
PLX-НФ-00002827	dup:Гарбуз		Shopping_ads		
PLX-НФ-00002828	dup:Гарбуз		Shopping_ads		
PLX-НФ-00002831	dup:Едім				
PLX-НФ-00002832	dup:Гарбуз		Shopping_ads		
PLX-НФ-00002833	dup:Гарбуз		Shopping_ads		
PLX-НФ-00002834	dup:Едім				
PLX-НФ-00002835	dup:Гарбуз		Shopping_ads		
PLX-НФ-00002838	dup:Гарбуз		Shopping_ads		
PLX-НФ-00002842	dup:Гарбуз		Shopping_ads		
PLX-НФ-00002843	dup:Гарбуз		Shopping_ads		
PLX-НФ-00002854	dup:Гарбуз		Shopping_ads		
PLX-НФ-00002855	dup:Гарбуз		Shopping_ads		
PLX-НФ-00002856	dup:Гарбуз		Shopping_ads		
PLX-НФ-00002857	dup:Едім				
PLX-НФ-00002914	dup:Гарбуз		Shopping_ads		
PLX-НФ-00002915	dup:Гарбуз		Shopping_ads		
PLX-НФ-00002916	dup:Гарбуз		Shopping_ads		
PLX-НФ-00002917	dup:Гарбуз		Shopping_ads		
PLX-НФ-00002918	dup:Гарбуз		Shopping_ads		
PLX-НФ-00002919	dup:Гарбуз		Shopping_ads		
PLX-НФ-00002921	dup:Гарбуз		Shopping_ads		
PLX-НФ-00002924	dup:Гарбуз		Shopping_ads		
PLX-НФ-00002925	dup:Гарбуз		Shopping_ads		
PLX-НФ-00002927	dup:Гарбуз		Shopping_ads		
PLX-НФ-00002928	dup:Гарбуз		Shopping_ads		
PLX-НФ-00002929	dup:Гарбуз		Shopping_ads		
PLX-НФ-00002931	dup:Гарбуз		Shopping_ads		
PLX-НФ-00002932	dup:Гарбуз		Shopping_ads		
PLX-НФ-00002933	dup:Гарбуз		Shopping_ads		
PLX-НФ-00002946	dup:Гарбуз		Shopping_ads		
PLX-НФ-00002979	dup:Гарбуз		Shopping_ads		
PLX-НФ-00002980	dup:Гарбуз		Shopping_ads	season_off	
PLX-НФ-00002983	dup:Гарбуз		Shopping_ads		
PLX-НФ-00002986	dup:Гарбуз		Shopping_ads	ne_v_prajsi	
PLX-НФ-00002987	dup:Гарбуз		Shopping_ads		
PLX-НФ-00003002	dup:Гарбуз		Shopping_ads		
PLX-НФ-00003003	dup:Гарбуз		Shopping_ads		
PLX-НФ-00003007	dup:Гарбуз		Shopping_ads		
PLX-НФ-00003145	dup:Едім				
PLX-НФ-00003146	dup:Гарбуз		Shopping_ads		
PLX-НФ-00003147	dup:Гарбуз		Shopping_ads		
PLX-НФ-00003148	dup:Гарбуз		Shopping_ads		
PLX-НФ-00003156	dup:Гарбуз		Shopping_ads		
PLX-НФ-00003157	dup:Гарбуз		Shopping_ads		
PLX-НФ-00003158	dup:Гарбуз		Shopping_ads		
PLX-НФ-00003159	dup:Гарбуз		Shopping_ads		
PLX-НФ-00003160	dup:Гарбуз		Shopping_ads		
PLX-НФ-00003161	dup:Гарбуз		Shopping_ads		
PLX-НФ-00003162	dup:Гарбуз		Shopping_ads		
PLX-НФ-00003163	dup:Гарбуз		Shopping_ads		
PLX-НФ-00003164	dup:Гарбуз		Shopping_ads		
PLX-НФ-00003165	dup:Гарбуз		Shopping_ads		
PLX-НФ-00003168	dup:Гарбуз		Shopping_ads		
PLX-НФ-00003201	dup:Гарбуз		Shopping_ads		
PLX-НФ-00003203	dup:Гарбуз		Shopping_ads		
PLX-НФ-00003204	dup:Гарбуз		Shopping_ads		
PLX-НФ-00003205	dup:Гарбуз		Shopping_ads	ne_v_nayavnosti	
PLX-НФ-00003206	dup:Гарбуз		Shopping_ads		prybutok
PLX-НФ-00003209	dup:Гарбуз		Shopping_ads		
PLX-НФ-00003210	dup:Гарбуз		Shopping_ads		
PLX-НФ-00003211	dup:Гарбуз		Shopping_ads		
PLX-НФ-00003212	dup:Гарбуз		Shopping_ads		
PLX-НФ-00003213	dup:Гарбуз		Shopping_ads		
PLX-НФ-00003214	dup:Гарбуз		Shopping_ads		
PLX-НФ-00003216	dup:Гарбуз		Shopping_ads		
PLX-НФ-00003235	dup:Гарбуз		Shopping_ads		
PLX-НФ-00003236	dup:Гарбуз		Shopping_ads		
PLX-НФ-00003237	dup:Гарбуз		Shopping_ads		
PLX-НФ-00003248	dup:Гарбуз		Shopping_ads		
PLX-НФ-00003249	dup:Гарбуз		Shopping_ads		
PLX-НФ-00003250	dup:Гарбуз		Shopping_ads		
PLX-НФ-00003251	dup:Гарбуз		Shopping_ads		
PLX-НФ-00003252	dup:Гарбуз		Shopping_ads		
PLX-НФ-00003253	dup:Гарбуз		Shopping_ads		
PLX-НФ-00003254	dup:Гарбуз		Shopping_ads		
PLX-НФ-00003255	dup:Гарбуз		Shopping_ads		
PLX-НФ-00003256	dup:Гарбуз		Shopping_ads		
PLX-НФ-00003334	dup:Гарбуз		Shopping_ads		
PLX-НФ-00003337	dup:Гарбуз		Shopping_ads		
PLX-НФ-00003341	dup:Гарбуз		Shopping_ads		
PLX-НФ-00003345	dup:Гарбуз		Shopping_ads		
PLX-НФ-00003348	dup:Гарбуз		Shopping_ads		
PLX-НФ-00003351	dup:Гарбуз		Shopping_ads		
PLX-НФ-00003353	dup:Гарбуз		Shopping_ads		
PLX-НФ-00003355	dup:Гарбуз		Shopping_ads		
PLX-НФ-00003357	dup:Гарбуз		Shopping_ads		
PLX-НФ-00003362	dup:Гарбуз		Shopping_ads		
PLX-НФ-00003363	dup:Гарбуз		Shopping_ads		
PLX-НФ-00003364	dup:Гарбуз		Shopping_ads		
PLX-НФ-00003365	dup:Гарбуз		Shopping_ads		
PLX-НФ-00003366	dup:Гарбуз		Shopping_ads		
PLX-НФ-00003367	dup:Гарбуз		Shopping_ads		
PLX-НФ-00003368	dup:Гарбуз		Shopping_ads		
PLX-НФ-00003369	dup:Гарбуз		Shopping_ads		
PLX-НФ-00003370	dup:Гарбуз		Shopping_ads		
PLX-НФ-00003371	dup:Гарбуз		Shopping_ads		
PLX-НФ-00003372	dup:Гарбуз		Shopping_ads		
PLX-НФ-00003373	dup:Гарбуз		Shopping_ads		
PLX-НФ-00003476	dup:Гарбуз		Shopping_ads		
PLX-НФ-00003477	dup:Гарбуз		Shopping_ads		
PLX-НФ-00003478	dup:Гарбуз		Shopping_ads		
PLX-НФ-00003479	dup:Гарбуз		Shopping_ads		
PLX-НФ-00003480	dup:Гарбуз		Shopping_ads		
PLX-НФ-00003481	dup:Гарбуз		Shopping_ads		
PLX-НФ-00003482	dup:Гарбуз		Shopping_ads		
PLX-НФ-00003483	dup:Гарбуз		Shopping_ads		
PLX-НФ-00003484	dup:Гарбуз		Shopping_ads		
PLX-НФ-00003591	dup:Едім				
PLX-НФ-00003592	dup:Гарбуз		Shopping_ads		
PLX-НФ-00003593	dup:Гарбуз		Shopping_ads		
PLX-НФ-00003594	dup:Гарбуз		Shopping_ads		
PLX-НФ-00003595	dup:Гарбуз		Shopping_ads		
PLX-НФ-00003596	dup:Гарбуз		Shopping_ads		
PLX-НФ-00003610	dup:Гарбуз		Shopping_ads		
PLX-НФ-00003611	dup:Гарбуз		Shopping_ads		
PLX-НФ-00003612	dup:Гарбуз		Shopping_ads		
PLX-НФ-00003614	dup:Гарбуз		Shopping_ads		
PLX-НФ-00003615	dup:Гарбуз		Shopping_ads		
PLX-НФ-00003616	dup:Гарбуз		Shopping_ads		
PLX-НФ-00003621	dup:Гарбуз		Shopping_ads		
PLX-НФ-00003622	dup:Гарбуз		Shopping_ads		
PLX-НФ-00003623	dup:Гарбуз		Shopping_ads		
PLX-НФ-00003844	dup:Гарбуз		Shopping_ads		
PLX-НФ-00003845	dup:Гарбуз		Shopping_ads		
PLX-НФ-00003846	dup:Гарбуз		Shopping_ads		prybutok
PLX-НФ-00003847	dup:Гарбуз		Shopping_ads		
PLX-НФ-00003865	dup:Гарбуз		Shopping_ads		
PLX-НФ-00003866	dup:Гарбуз		Shopping_ads		
PLX-НФ-00003867	dup:Гарбуз		Shopping_ads		
PLX-НФ-00003872	dup:Гарбуз		Shopping_ads		
PLX-НФ-00003874	dup:Гарбуз		Shopping_ads		
PLX-НФ-00003934	dup:Гарбуз		Shopping_ads		
PLX-НФ-00003935	dup:Гарбуз		Shopping_ads		
PLX-НФ-00003936	dup:Гарбуз		Shopping_ads		
PLX-НФ-00003937	dup:Гарбуз		Shopping_ads		
PLX-НФ-00003938	dup:Гарбуз		Shopping_ads		
PLX-НФ-00003939	dup:Гарбуз		Shopping_ads		
PLX-НФ-00003940	dup:Гарбуз		Shopping_ads		
PLX-НФ-00003941	dup:Гарбуз		Shopping_ads		
PLX-НФ-00003942	dup:Гарбуз		Shopping_ads		
PLX-НФ-00003943	dup:Гарбуз		Shopping_ads		
PLX-НФ-00003944	dup:Гарбуз		Shopping_ads		
PLX-НФ-00003945	dup:Едім				
PLX-НФ-00003947	dup:Гарбуз		Shopping_ads		
PLX-НФ-00003948	dup:Гарбуз		Shopping_ads		
PLX-НФ-00003954	dup:Гарбуз		Shopping_ads		
PLX-НФ-00003955	dup:Гарбуз		Shopping_ads		
PLX-НФ-00003957	dup:Гарбуз		Shopping_ads		
PLX-НФ-00003958	dup:Гарбуз		Shopping_ads		
PLX-НФ-00003959	dup:Гарбуз		Shopping_ads		
PLX-НФ-00003965	dup:Гарбуз		Shopping_ads		
PLX-НФ-00003993	dup:Гарбуз		Shopping_ads		
PLX-НФ-00003994	dup:Гарбуз		Shopping_ads		
PLX-НФ-00003995	dup:Гарбуз		Shopping_ads		
PLX-П-14	dup:Гарбуз		Shopping_ads		
PLX-П-16	dup:Гарбуз		Shopping_ads		
PLX-П-18	dup:Гарбуз		Shopping_ads		
PLX-П-20	dup:Гарбуз		Shopping_ads		
PLX-П-22	dup:Гарбуз		Shopping_ads		
PLX-П-24	dup:Гарбуз		Shopping_ads		
PLX-П-26	dup:Гарбуз		Shopping_ads		
PLX-П-28	dup:Гарбуз		Shopping_ads		
PLX-П-30	dup:Гарбуз		Shopping_ads		
PLX-П-32	dup:Гарбуз		Shopping_ads		
PLX-П-34	dup:Едім				
PLX-П-36	dup:Гарбуз		Shopping_ads		
PLX-П-40	dup:Гарбуз		Shopping_ads		
PLX-СК-01-01	dup:Гарбуз		Shopping_ads		
PLX-СК-01-02	dup:Гарбуз		Shopping_ads		
PLX-СК-01-03	dup:Гарбуз		Shopping_ads		
PLX-СК-01-05	dup:Гарбуз		Shopping_ads		
PLX-СК-01-06	dup:Гарбуз		Shopping_ads		
PLX-СК-01-07	dup:Гарбуз		Shopping_ads		
PLX-СК-01-08	dup:Гарбуз		Shopping_ads		
PLX-СК-01-09	dup:Гарбуз		Shopping_ads		
PLX-СК-01-10	dup:Гарбуз		Shopping_ads		
PLX-СК-01-11	dup:Гарбуз		Shopping_ads		
PLX-СК-01-12	dup:Гарбуз		Shopping_ads		
PLX-СК-01-13	dup:Гарбуз		Shopping_ads		
PLX-СК-01-14	dup:Гарбуз		Shopping_ads	ne_v_prajsi	
PLX-СК-01-15	dup:Гарбуз		Shopping_ads		
PLX-СК-01-16	dup:Гарбуз		Shopping_ads		
PLX-СК-01-17	dup:Гарбуз		Shopping_ads	ne_v_prajsi	
PLX-СК-01-18	dup:Гарбуз		Shopping_ads		
PLX-СК-02-01	dup:Гарбуз		Shopping_ads		
PLX-СК-02-02	dup:Гарбуз		Shopping_ads		
PLX-СК-02-04	dup:Гарбуз		Shopping_ads		
PLX-СК-02-05	dup:Гарбуз		Shopping_ads		
PLX-СК-03-01	dup:Гарбуз		Shopping_ads		
PLX-СК-03-03	dup:Гарбуз		Shopping_ads		
PLX-СК-03-04	dup:Гарбуз		Shopping_ads		
PLX-СК-03-05	dup:Гарбуз		Shopping_ads		
PLX-СК-03-06	dup:Гарбуз		Shopping_ads		
PLX-СК-03-07	dup:Гарбуз		Shopping_ads		
PLX-СК-03-08	dup:Гарбуз		Shopping_ads		
PLX-СК-03-09	dup:Гарбуз		Shopping_ads		
PLX-СК-03-10	dup:Гарбуз		Shopping_ads		
PLX-СК-03-11	dup:Гарбуз		Shopping_ads		
PLX-СК-03-12	dup:Гарбуз		Shopping_ads		
PLX-СК-03-13	dup:Гарбуз		Shopping_ads		
PLX-СК-03-14	dup:Гарбуз		Shopping_ads		
PLX-СК-03-16	dup:Едім				
PLX-СК-03-19	dup:Гарбуз		Shopping_ads		
PLX-СК-03-20	dup:Гарбуз		Shopping_ads		
PLX-СК-03-21	dup:Гарбуз		Shopping_ads		
PLX-СК-03-22	dup:Гарбуз		Shopping_ads		
PLX-СК-03-23	dup:Гарбуз		Shopping_ads		
PLX-СК-03-24	dup:Гарбуз		Shopping_ads		
PLX-СК-03-25	dup:Гарбуз		Shopping_ads		
PLX-СК-03-П-04	dup:Гарбуз		Shopping_ads		
PLX-СК-03-П-05	dup:Гарбуз		Shopping_ads		prybutok
PLX-СК-03-П-06	dup:Гарбуз		Shopping_ads		
PLX-СК-03-П-07	dup:Гарбуз		Shopping_ads		
PLX-СК-03-Ш-01	dup:Гарбуз		Shopping_ads		
PLX-СК-03-Ш-02	dup:Гарбуз		Shopping_ads		
PLX-СК-03-Ш-03	dup:Гарбуз		Shopping_ads		
PLX-СК-03-Ш-04	dup:Гарбуз		Shopping_ads		
PLX-СК-03-Ш-05	dup:Гарбуз		Shopping_ads		
PLX-СК-03-Ш-07	dup:Гарбуз		Shopping_ads		
PLX-СК-03-Ш-08	dup:Гарбуз		Shopping_ads		
PLX-СК-03-Ш-09	dup:Гарбуз		Shopping_ads		
PLX-СК-03-Ш-10	dup:Гарбуз		Shopping_ads		
PLX-СК-03-Ш-11	dup:Гарбуз		Shopping_ads		
PLX-СК-03-Ш-12	dup:Гарбуз		Shopping_ads		
PLX-СК-03-Ш-13	dup:Гарбуз		Shopping_ads		
PLX-СК-03-Ш-14	dup:Гарбуз		Shopping_ads		
PLX-СК-03-Ш-15	dup:Гарбуз		Shopping_ads		
PLX-СК-03-Ш-16	dup:Гарбуз		Shopping_ads		
PLX-СК-03-Ш-17	dup:Гарбуз		Shopping_ads		prybutok
PLX-СК-03-Ш-18	dup:Гарбуз		Shopping_ads		
PLX-СК-03-Ш-19	dup:Гарбуз		Shopping_ads		
PLX-СК-03-Ш-20	dup:Гарбуз		Shopping_ads		
PLX-СК-03-Ш-21	dup:Гарбуз		Shopping_ads		
PLX-СК-03-Ш-22	dup:Гарбуз		Shopping_ads		
PLX-СК-03-Ш-23	dup:Гарбуз		Shopping_ads		
PLX-СК-03-Ш-24	dup:Гарбуз		Shopping_ads		
PLX-СК-03-Ш-25	dup:Гарбуз		Shopping_ads		
PLX-СК-03-Ш-26	dup:Гарбуз		Shopping_ads		
PLX-СК-03-Ш-27	dup:Гарбуз		Shopping_ads		
PLX-СК-03-Ш-29	dup:Гарбуз		Shopping_ads		
PLX-СК-04-01	dup:Гарбуз		Shopping_ads		
PLX-СК-04-02	dup:Гарбуз		Shopping_ads		
PLX-СК-04-03	dup:Гарбуз		Shopping_ads		
PLX-СК-04-04	dup:Гарбуз		Shopping_ads		
PLX-СК-04-05	dup:Гарбуз		Shopping_ads		
PLX-СК-04-06	dup:Едім				
PLX-СК-04-07	dup:Гарбуз		Shopping_ads		
PLX-СК-04-08	dup:Гарбуз		Shopping_ads		
PLX-СК-04-09	dup:Гарбуз		Shopping_ads		
PLX-СК-04-10	dup:Гарбуз		Shopping_ads		
PLX-СК-04-11	dup:Гарбуз		Shopping_ads		
PLX-СК-04-12	dup:Гарбуз		Shopping_ads		
PLX-СК-04-13	dup:Гарбуз		Shopping_ads		
PLX-СК-04-14	dup:Гарбуз		Shopping_ads		
PLX-СК-04-15	dup:Гарбуз		Shopping_ads		
PLX-СК-04-16	dup:Гарбуз		Shopping_ads		
PLX-СК-04-17	dup:Гарбуз		Shopping_ads		
PLX-СК-04-18	dup:Едім				
PLX-СК-04-19	dup:Гарбуз		Shopping_ads		
PLX-СК-04-20	dup:Гарбуз		Shopping_ads		
PLX-СК-04-21	dup:Гарбуз		Shopping_ads		
PLX-СК-04-22	dup:Гарбуз		Shopping_ads		
PLX-СК-04-23	dup:Гарбуз		Shopping_ads		
PLX-СК-04-24	dup:Гарбуз		Shopping_ads		
PLX-СК-04-25	dup:Гарбуз		Shopping_ads		
PLX-СК-04-26	dup:Гарбуз		Shopping_ads		
PLX-СК-04-27	dup:Гарбуз		Shopping_ads		
PLX-СК-04-28	dup:Гарбуз		Shopping_ads		
PLX-СК-04-29	dup:Гарбуз		Shopping_ads		
PLX-СК-04-30	dup:Гарбуз		Shopping_ads		
PLX-СК-04-31	dup:Гарбуз		Shopping_ads		
PLX-СК-04-32	dup:Гарбуз		Shopping_ads		
PLX-СК-04-33	dup:Гарбуз		Shopping_ads		
PLX-СК-04-34	dup:Гарбуз		Shopping_ads		
PLX-СК-04-35	dup:Гарбуз		Shopping_ads		
PLX-СК-04-36	dup:Гарбуз		Shopping_ads		
PLX-СК-04-37	dup:Гарбуз		Shopping_ads		
PLX-СК-05-01	dup:Гарбуз		Shopping_ads		
PLX-СК-05-02	dup:Гарбуз		Shopping_ads		
PLX-СК-05-03	dup:Гарбуз		Shopping_ads		
PLX-СК-05-04	dup:Гарбуз		Shopping_ads		
PLX-СК-05-05	dup:Гарбуз		Shopping_ads		
PLX-СК-05-06	dup:Гарбуз		Shopping_ads		
PLX-СК-05-07	dup:Гарбуз		Shopping_ads		
PLX-СК-05-08	dup:Гарбуз		Shopping_ads		
PLX-СК-05-09	dup:Гарбуз		Shopping_ads		
PLX-СК-05-10	dup:Гарбуз		Shopping_ads		
PLX-СК-05-11	dup:Гарбуз		Shopping_ads		
PLX-СК-05-12	dup:Гарбуз		Shopping_ads		
PLX-СК-05-13	dup:Гарбуз		Shopping_ads		
PLX-СК-05-14	dup:Гарбуз		Shopping_ads		
PLX-СК-05-15	dup:Гарбуз		Shopping_ads		
PLX-СК-05-16	dup:Гарбуз		Shopping_ads		stop
PLX-СК-05-17	dup:Гарбуз		Shopping_ads		stop
PLX-СК-05-18	dup:Гарбуз		Shopping_ads		
PLX-СК-05-19	dup:Гарбуз		Shopping_ads		
PLX-СК-05-25	dup:Гарбуз		Shopping_ads		
PLX-СК-05-26	dup:Гарбуз		Shopping_ads		
PLX-СК-05-28	dup:Гарбуз		Shopping_ads		
PLX-СК-05-29	dup:Гарбуз		Shopping_ads		
PLX-СК-05-31	dup:Гарбуз		Shopping_ads		
PLX-СК-05-32	dup:Гарбуз		Shopping_ads		
PLX-СК-05-33	dup:Гарбуз		Shopping_ads		
PLX-СК-05-36	dup:Гарбуз		Shopping_ads		prybutok
PLX-СК-05-37	dup:Гарбуз		Shopping_ads		prybutok
PLX-СК-05-38	dup:Едім				
PLX-СК-05-39	dup:Едім				
PLX-СК-05-40	dup:Гарбуз		Shopping_ads		
PLX-СК-05-41	dup:Гарбуз		Shopping_ads		
PLX-СК-05-42	dup:Гарбуз		Shopping_ads		
PLX-СК-05-47	dup:Гарбуз		Shopping_ads		
PLX-СК-05-51	dup:Едім				
PLX-СК-06-01	dup:Гарбуз		Shopping_ads		
PLX-СК-06-02	dup:Гарбуз		Shopping_ads		
PLX-СК-06-03	dup:Гарбуз		Shopping_ads		
PLX-СК-06-04	dup:Гарбуз		Shopping_ads		
PLX-СК-06-05	dup:Гарбуз		Shopping_ads		
PLX-СК-06-06	dup:Гарбуз		Shopping_ads		
PLX-СК-06-07	dup:Гарбуз		Shopping_ads		
PLX-СК-06-08	dup:Гарбуз		Shopping_ads		
PLX-СК-06-09	dup:Гарбуз		Shopping_ads		
PLX-СК-06-10	dup:Гарбуз		Shopping_ads		
PLX-СК-06-11	dup:Гарбуз		Shopping_ads		
PLX-СК-06-12	dup:Гарбуз		Shopping_ads		
PLX-СК-06-13	dup:Гарбуз		Shopping_ads		
PLX-СК-06-14	dup:Гарбуз		Shopping_ads		
PLX-СК-06-15	dup:Гарбуз		Shopping_ads		
PLX-СК-06-16	dup:Гарбуз		Shopping_ads		
PLX-СК-07-02	dup:Гарбуз		Shopping_ads		
PLX-СК-07-03	dup:Едім				
PLX-СК-07-04	dup:Гарбуз		Shopping_ads		
PLX-СК-07-05	dup:Гарбуз		Shopping_ads		
PLX-СК-07-06	dup:Гарбуз		Shopping_ads		
PLX-СК-07-09	dup:Гарбуз		Shopping_ads		
PLX-СК-07-11	dup:Гарбуз		Shopping_ads		prybutok
PLX-СК-07-12	dup:Гарбуз		Shopping_ads		
PLX-СК-07-13	dup:Гарбуз		Shopping_ads		
PLX-СК-07-14	dup:Гарбуз		Shopping_ads		
PLX-СК-07-15	dup:Гарбуз		Shopping_ads		
PLX-СК-07-16	dup:Гарбуз		Shopping_ads		
PLX-СК-07-17	dup:Гарбуз		Shopping_ads		
PLX-СК-07-18	dup:Гарбуз		Shopping_ads		
PLX-СК-07-19	dup:Гарбуз		Shopping_ads		
PLX-СК-07-21	dup:Гарбуз		Shopping_ads		
PLX-СК-07-24	dup:Гарбуз		Shopping_ads		
PLX-СК-07-25	dup:Гарбуз		Shopping_ads		
PLX-СК-07-26	dup:Гарбуз		Shopping_ads		
PLX-СК-07-27	dup:Гарбуз		Shopping_ads		
PLX-СК-07-28	dup:Гарбуз		Shopping_ads		
PLX-СК-07-29	dup:Гарбуз		Shopping_ads		
PLX-СК-07-30	dup:Гарбуз		Shopping_ads		
PLX-СК-07-31	dup:Гарбуз		Shopping_ads		
PLX-СК-07-32	dup:Гарбуз		Shopping_ads		
PLX-СК-07-33	dup:Гарбуз		Shopping_ads		
PLX-СК-07-34	dup:Гарбуз		Shopping_ads		
PLX-СК-07-35	dup:Гарбуз		Shopping_ads		
PLX-СК-07-37	dup:Гарбуз		Shopping_ads		
PLX-СК-07-38	dup:Гарбуз		Shopping_ads		
PLX-СК-07-41	dup:Гарбуз		Shopping_ads		
PLX-СК-07-42	dup:Гарбуз		Shopping_ads		
PLX-СК-07-43	dup:Гарбуз		Shopping_ads		
PLX-СК-07-44	dup:Гарбуз		Shopping_ads		
PLX-СК-07-45	dup:Гарбуз		Shopping_ads		
PLX-СК-08-01	dup:Гарбуз		Shopping_ads		
PLX-СК-08-02	dup:Гарбуз		Shopping_ads		
PLX-СК-08-03	dup:Гарбуз		Shopping_ads		
PLX-СК-08-04	dup:Гарбуз		Shopping_ads		
PLX-СК-08-05	dup:Гарбуз		Shopping_ads		
PLX-СК-09-01	dup:Гарбуз		Shopping_ads		
PLX-СК-09-02	dup:Гарбуз		Shopping_ads		
PLX-СК-09-03	dup:Гарбуз		Shopping_ads		
PLX-СК-09-04	dup:Гарбуз		Shopping_ads		
PLX-СК-09-05	dup:Гарбуз		Shopping_ads		
PLX-СК-12-002	dup:Гарбуз		Shopping_ads		
PLX-СК-12-003	dup:Едім				
PLX-СК-12-004	dup:Гарбуз		Shopping_ads		
PLX-СК-12-007	dup:Гарбуз		Shopping_ads		
PLX-СК-12-437	dup:Гарбуз		Shopping_ads		
PLX-СК-12-438	dup:Гарбуз		Shopping_ads		
PLX-СК-12-473	dup:Гарбуз		Shopping_ads		
PLX-СН-102125М	dup:Гарбуз		Shopping_ads		
PLX-Ш-100	dup:Гарбуз		Shopping_ads		
PLX-Ш-150	dup:Гарбуз		Shopping_ads		
PLX-Ш-200	dup:Гарбуз		Shopping_ads		
PLX-Ш-250	dup:Гарбуз		Shopping_ads		
PLX-Ш-300	dup:Гарбуз		Shopping_ads		
PLX-Ш-350	dup:Гарбуз		Shopping_ads		
PLX-Ш-40	dup:Гарбуз		Shopping_ads		
PLX-Ш-450	dup:Гарбуз		Shopping_ads		
PLX-Ш-60	dup:Гарбуз		Shopping_ads		
PLX-Ш-600	dup:Гарбуз		Shopping_ads		
PLX-Ш-80	dup:Гарбуз		Shopping_ads		
PLX-ЩБ-25	dup:Гарбуз		Shopping_ads		
PLX-ЩБ-40	dup:Гарбуз		Shopping_ads		
PLX-ЩБ-50	dup:Гарбуз		Shopping_ads		
PLX-ЩК-0010	dup:Гарбуз		Shopping_ads		
PLX-ЩК-0020	dup:Гарбуз		Shopping_ads		
PLX-ЩК-0040	dup:Гарбуз		Shopping_ads		
PLX-ЩК-0050	dup:Гарбуз		Shopping_ads		
PLX-ЩК-0060	dup:Гарбуз		Shopping_ads		
PLX-ЩК-0075	dup:Гарбуз		Shopping_ads		
PLX-ЩМ-0025	dup:Гарбуз		Shopping_ads		
PLX-ЩМ-0030	dup:Гарбуз		Shopping_ads		
PLX-ЩМ-0040	dup:Гарбуз		Shopping_ads		
PLX-ЩМ-0050	dup:Гарбуз		Shopping_ads		
PLX-ЩМ-0060	dup:Гарбуз		Shopping_ads		
PLX-ЩМ-0075	dup:Гарбуз		Shopping_ads		
PLX-ЩМ-0090	dup:Гарбуз		Shopping_ads		
PLX-ЩМ-0102	dup:Гарбуз		Shopping_ads		
PLX-ЩНк-102	dup:Гарбуз		Shopping_ads		
PLX-ЩНк-25	dup:Гарбуз		Shopping_ads		
PLX-ЩНк-36	dup:Гарбуз		Shopping_ads		
PLX-ЩНк-50	dup:Гарбуз		Shopping_ads		
PLX-ЩНк-63	dup:Гарбуз		Shopping_ads		
PLX-ЩНк-76	dup:Гарбуз		Shopping_ads		
R-0256	dup:Едім				
R-0603	dup:Гарбуз		Shopping_ads		
R-0813	dup:Гарбуз		Shopping_ads		
S600	dup:Едім				stop
SK-603	dup:Едім				
i0203	dup:Тиква		Shopping_ads		
i0204	dup:Тиква		Shopping_ads		
К18201	dup:Гарбуз		Shopping_ads		
