id	custom_label_3	custom_label_4	excluded_destination	custom_label_1	custom_label_0
1007144112					stop
1007144608					cina
1007167184					prybutok
1024571462			Shopping_ads	ne_v_nayavnosti	
1030327919					prybutok
1032395676					prybutok
1032531069					stop
1033455374			Shopping_ads	ne_v_nayavnosti	
1033466498					prybutok
1033469494					prybutok
1033497926			Shopping_ads	ne_v_nayavnosti	
1034448482			Shopping_ads	season_off	prybutok
1034450196			Shopping_ads	season_off	
1035019806					prybutok
1110561242			Shopping_ads	season_off	
1112294813					prybutok
1112297811					prybutok
1187374002			Shopping_ads	season_off	
1187405341			Shopping_ads	season_off	
1187493173			Shopping_ads	ne_v_nayavnosti	
1189420848			Shopping_ads	season_off	
1233737797			Shopping_ads	season_off	prybutok
1233812623					prybutok
1276245549					prybutok
1295703210					stop
1296834378		ads_zero			
1296852926					prybutok
1296862749			Shopping_ads	ne_v_nayavnosti	
1336597161					prybutok
1351623011			Shopping_ads	season_off	
1351635761				ne_v_nayavnosti	
1351645527			Shopping_ads	ne_v_nayavnosti	prybutok
1351651432			Shopping_ads	season_off	
1351662844			Shopping_ads	season_off	
1351680174			Shopping_ads	season_off	
1351745874			Shopping_ads	season_off	
1351748669			Shopping_ads	season_off	
1351754274			Shopping_ads	season_off	
1351760236			Shopping_ads	season_off	
1351775338			Shopping_ads	season_off	
1354988311			Shopping_ads	season_off	prybutok
1354988988			Shopping_ads	season_off	
1354990978			Shopping_ads	season_off	
1354991978			Shopping_ads	season_off	
1354996951			Shopping_ads	season_off	
1355011755			Shopping_ads	season_off	
1355016014			Shopping_ads	season_off	
1362082515			Shopping_ads	ne_v_nayavnosti	
1362136657			Shopping_ads	ne_v_nayavnosti	
1362153820			Shopping_ads	ne_v_nayavnosti	
1416359656					prybutok
1416377687					prybutok
1416391453					prybutok
1416401713					prybutok
1417524938			Shopping_ads	ne_v_nayavnosti	prybutok
1417531274					prybutok
1417535140					prybutok
1447053319			Shopping_ads	ne_v_nayavnosti	
1447708218			Shopping_ads	ne_v_nayavnosti	
1448858647			Shopping_ads	ne_v_nayavnosti	
1448943193			Shopping_ads	ne_v_nayavnosti	
1448948767			Shopping_ads	ne_v_nayavnosti	
1448959633			Shopping_ads	ne_v_nayavnosti	
1469044155			Shopping_ads	ne_v_nayavnosti	
1469058923			Shopping_ads	ne_v_nayavnosti	
1469074175			Shopping_ads	ne_v_nayavnosti	
1504861183			Shopping_ads	ne_v_nayavnosti	
1543401837			Shopping_ads	season_off	
1637842097			Shopping_ads	ne_v_nayavnosti	
1637875124			Shopping_ads	ne_v_nayavnosti	
1637875762					prybutok
1638464211					cina
1643508045					prybutok
1653738695			Shopping_ads	ne_v_nayavnosti	
1653747443					stop
1671111285					prybutok
1677400361			Shopping_ads	ne_v_nayavnosti	
1677540684			Shopping_ads	ne_v_nayavnosti	
1690634473					prybutok
1690669509					prybutok
1690811462					prybutok
1698657053			Shopping_ads	season_off	prybutok
1702575931			Shopping_ads	ne_v_nayavnosti	
1702582555			Shopping_ads	ne_v_nayavnosti	
1705815199			Shopping_ads	ne_v_nayavnosti	
1721904900			Shopping_ads	ne_v_nayavnosti	
1721907005			Shopping_ads	ne_v_nayavnosti	
1725439371			Shopping_ads	ne_v_nayavnosti	
1725455522					prybutok
1725480830					prybutok
1726656751					prybutok
1726657690					prybutok
1732250657		ads_zero			prybutok
1732522886			Shopping_ads	ne_v_nayavnosti	
1756288942			Shopping_ads	ne_v_nayavnosti	
1756348913			Shopping_ads	ne_v_nayavnosti	
1757142464			Shopping_ads	season_off	
1760028138			Shopping_ads	ne_v_nayavnosti	
1760751910			Shopping_ads	ne_v_nayavnosti	
1761022023			Shopping_ads	season_off	
1762250004			Shopping_ads	ne_v_nayavnosti	
1765955907					prybutok
1766515355			Shopping_ads	ne_v_nayavnosti	
1771051590			Shopping_ads	ne_v_nayavnosti	
1771079602					stop
1771757801			Shopping_ads	ne_v_nayavnosti	
1772216022			Shopping_ads	ne_v_nayavnosti	
1773924050			Shopping_ads	season_off	
1773945820			Shopping_ads	season_off	
1791804112			Shopping_ads	season_off	
1793464577			Shopping_ads	season_off	
1793585522			Shopping_ads	ne_v_nayavnosti	
1794111145			Shopping_ads	ne_v_nayavnosti	
1795662812					prybutok
1795843851			Shopping_ads	season_off	prybutok
1804138452			Shopping_ads	ne_v_nayavnosti	
1811668101					prybutok
1818495852			Shopping_ads	ne_v_nayavnosti	
1818625348			Shopping_ads	ne_v_nayavnosti	
1822670525			Shopping_ads	ne_v_nayavnosti	
1824306317			Shopping_ads	ne_v_nayavnosti	
1824311920			Shopping_ads	ne_v_nayavnosti	
1824556800			Shopping_ads	ne_v_nayavnosti	
1824638081					prybutok
1825651704			Shopping_ads	ne_v_nayavnosti	
1848078724			Shopping_ads	ne_v_nayavnosti	
1848092526					prybutok
1848126959			Shopping_ads	ne_v_nayavnosti	
1848134856			Shopping_ads	ne_v_nayavnosti	
1848147241					prybutok
1849575445			Shopping_ads	ne_v_nayavnosti	
1853519673			Shopping_ads	ne_v_nayavnosti	
1854883869			Shopping_ads	season_off	prybutok
1854929846			Shopping_ads	season_off	
1855572635			Shopping_ads	season_off	
1855645465			Shopping_ads	season_off	
1855717772			Shopping_ads	season_off	
1855781903			Shopping_ads	season_off	prybutok
1856273044			Shopping_ads	ne_v_nayavnosti	prybutok
1856273465			Shopping_ads	season_off	
1856311840			Shopping_ads	season_off	prybutok
1856333063			Shopping_ads	season_off	
1856366732			Shopping_ads	season_off	
1856373727			Shopping_ads	season_off	
1856389966			Shopping_ads	season_off	
1856417206			Shopping_ads	season_off	prybutok
1856435003			Shopping_ads	season_off	
1856522366			Shopping_ads	season_off	
1856554664			Shopping_ads	season_off	
1856571902			Shopping_ads	season_off	
1859580116			Shopping_ads	ne_v_nayavnosti	
1880201230			Shopping_ads	ne_v_nayavnosti	
1880250153					prybutok
1885296171			Shopping_ads	season_off	prybutok
1885422871			Shopping_ads	ne_v_nayavnosti	
1888986147			Shopping_ads	ne_v_nayavnosti	
1889658045					prybutok
1889668490			Shopping_ads	ne_v_nayavnosti	
1889670183			Shopping_ads	ne_v_nayavnosti	prybutok
1890628862			Shopping_ads	ne_v_nayavnosti	
1891268919		ads_zero			prybutok
1891312670			Shopping_ads	ne_v_nayavnosti	prybutok
1891422822			Shopping_ads	season_off	prybutok
1892008170					prybutok
1924521599			Shopping_ads	ne_v_nayavnosti	
1926342349			Shopping_ads	ne_v_nayavnosti	
1927113671					prybutok
1931079681					prybutok
1931117413					prybutok
1931814926			Shopping_ads	ne_v_nayavnosti	
1932220485			Shopping_ads	ne_v_nayavnosti	
1932700657			Shopping_ads	ne_v_nayavnosti	
1933455997			Shopping_ads	ne_v_nayavnosti	
1933476973			Shopping_ads	ne_v_nayavnosti	
1933613697			Shopping_ads	ne_v_nayavnosti	
1933874907			Shopping_ads	ne_v_nayavnosti	
1933882076			Shopping_ads	ne_v_nayavnosti	
1933883855			Shopping_ads	ne_v_nayavnosti	
1934844928					prybutok
1936292998					prybutok
1936295690			Shopping_ads	ne_v_nayavnosti	
1938443485			Shopping_ads	ne_v_nayavnosti	
1939196076		ads_zero			prybutok
1939371084			Shopping_ads	ne_v_nayavnosti	
1944803109			Shopping_ads	ne_v_nayavnosti	
1944821964					prybutok
1945368307			Shopping_ads	ne_v_nayavnosti	
1945371698			Shopping_ads	ne_v_nayavnosti	
1945407788			Shopping_ads	ne_v_nayavnosti	
1949116517			Shopping_ads	ne_v_nayavnosti	
1949118891			Shopping_ads	ne_v_nayavnosti	
1949122771			Shopping_ads	ne_v_nayavnosti	
1950041546					prybutok
1950136364					prybutok
1950225144					prybutok
1951241983					prybutok
1956083440			Shopping_ads	ne_v_nayavnosti	
1956161118					prybutok
1960740694			Shopping_ads	ne_v_nayavnosti	
1961210853			Shopping_ads	ne_v_nayavnosti	
1961936648			Shopping_ads	ne_v_nayavnosti	
1963204408		ads_zero			
1969975695			Shopping_ads	ne_v_nayavnosti	
1970089437			Shopping_ads	ne_v_nayavnosti	
1970775559			Shopping_ads	ne_v_nayavnosti	
1977863237					prybutok
1979626710			Shopping_ads	ne_v_nayavnosti	
1993696087					prybutok
1997747189			Shopping_ads	ne_v_nayavnosti	
1999549953			Shopping_ads	ne_v_nayavnosti	
2000635866			Shopping_ads	ne_v_nayavnosti	
2005518536			Shopping_ads	ne_v_nayavnosti	
2006589050					stop
2006595643			Shopping_ads	ne_v_nayavnosti	stop
2006787504			Shopping_ads	ne_v_nayavnosti	
2006857435			Shopping_ads	ne_v_nayavnosti	stop
2006878059			Shopping_ads	ne_v_nayavnosti	
2008365358			Shopping_ads	ne_v_nayavnosti	
2008385327			Shopping_ads	ne_v_nayavnosti	
2012004388					prybutok
2018375050			Shopping_ads	ne_v_nayavnosti	
2018481264		ads_zero			
2019663462					prybutok
2020618735			Shopping_ads	ne_v_nayavnosti	
2031182245			Shopping_ads	ne_v_nayavnosti	
2033315403			Shopping_ads	ne_v_nayavnosti	
2033988776			Shopping_ads	ne_v_nayavnosti	
2034039614			Shopping_ads	ne_v_nayavnosti	
2044741380			Shopping_ads	ne_v_nayavnosti	
2044964805		ads_zero			
2049393893			Shopping_ads	ne_v_nayavnosti	
2049418486			Shopping_ads	ne_v_nayavnosti	
2053187296			Shopping_ads	ne_v_nayavnosti	
2056346213			Shopping_ads	ne_v_nayavnosti	
2059318161		ads_zero			
2085316514			Shopping_ads	season_off	
2086380503			Shopping_ads	season_off	
2087526993			Shopping_ads	season_off	
2096074657			Shopping_ads	season_off	prybutok
2096278532			Shopping_ads	ne_v_nayavnosti	
2098812043			Shopping_ads	ne_v_nayavnosti	
2099463019			Shopping_ads	ne_v_nayavnosti	
2099604821			Shopping_ads	ne_v_nayavnosti	prybutok
2099650887			Shopping_ads	ne_v_nayavnosti	
2100506535			Shopping_ads	ne_v_nayavnosti	
2100654298			Shopping_ads	ne_v_nayavnosti	
2102583814		ads_zero			stop
2104799208			Shopping_ads	season_off	
2104806497			Shopping_ads	season_off	
2105523668			Shopping_ads	season_off	
2105550593			Shopping_ads	season_off	
2108682549			Shopping_ads	season_off	
2108856575			Shopping_ads	season_off	
2109035123			Shopping_ads	season_off	
2109083675			Shopping_ads	season_off	
2109096512			Shopping_ads	ne_v_nayavnosti	
2109913681			Shopping_ads	ne_v_nayavnosti	
2109991627			Shopping_ads	season_off	
2110027716			Shopping_ads	season_off	
2110039558			Shopping_ads	season_off	
2110071888			Shopping_ads	ne_v_nayavnosti	
2110877860			Shopping_ads	season_off	
2110890892			Shopping_ads	ne_v_nayavnosti	
2110968190			Shopping_ads	season_off	
2110984773			Shopping_ads	season_off	
2111009623			Shopping_ads	season_off	
2112277157			Shopping_ads	season_off	
2112352627			Shopping_ads	ne_v_nayavnosti	
2112392227			Shopping_ads	ne_v_nayavnosti	
2112410970			Shopping_ads	season_off	
2113431977			Shopping_ads	ne_v_nayavnosti	
2113482563			Shopping_ads	season_off	
2113486080			Shopping_ads	season_off	
2116284298			Shopping_ads	season_off	
2116308496			Shopping_ads	ne_v_nayavnosti	
2116505944			Shopping_ads	ne_v_nayavnosti	
2116556526			Shopping_ads	ne_v_nayavnosti	
2121069103			Shopping_ads	season_off	
2121078112			Shopping_ads	season_off	
2123153271			Shopping_ads	ne_v_nayavnosti	
2123256434			Shopping_ads	ne_v_nayavnosti	
2123260362			Shopping_ads	ne_v_nayavnosti	
2123277407			Shopping_ads	ne_v_nayavnosti	
2123284111			Shopping_ads	ne_v_nayavnosti	
2123390205			Shopping_ads	ne_v_nayavnosti	
2123894055			Shopping_ads	ne_v_nayavnosti	
2123920460			Shopping_ads	ne_v_nayavnosti	
2123924858			Shopping_ads	ne_v_nayavnosti	
2124655702			Shopping_ads	ne_v_nayavnosti	
2124725933			Shopping_ads	ne_v_nayavnosti	
2124746401			Shopping_ads	ne_v_nayavnosti	
2124753820			Shopping_ads	ne_v_nayavnosti	
2125015130			Shopping_ads	season_off	
2125020581			Shopping_ads	season_off	
2125041307			Shopping_ads	season_off	
2125090449			Shopping_ads	season_off	
2125706703					prybutok
2125815836					prybutok
2125854915					prybutok
2126225667			Shopping_ads	season_off	
2126234233			Shopping_ads	season_off	
2127039540			Shopping_ads	season_off	
2128172274			Shopping_ads	season_off	prybutok
2128210743			Shopping_ads	season_off	
2128442185			Shopping_ads	season_off	
2128491110			Shopping_ads	season_off	
2128523608			Shopping_ads	season_off	
2128567395			Shopping_ads	season_off	
2130234736			Shopping_ads	ne_v_nayavnosti	
2131286281			Shopping_ads	season_off	
2131375245			Shopping_ads	season_off	
2131454264			Shopping_ads	season_off	
2131496199			Shopping_ads	season_off	
2131502244			Shopping_ads	season_off	
2132078403			Shopping_ads	ne_v_nayavnosti	
2132105907			Shopping_ads	season_off	prybutok
2132134299			Shopping_ads	ne_v_nayavnosti	prybutok
2132527853			Shopping_ads	season_off	
2134000356			Shopping_ads	season_off	
2135625768			Shopping_ads	season_off	
2135733810			Shopping_ads	ne_v_nayavnosti	
2139740354			Shopping_ads	season_off	
2139744736			Shopping_ads	season_off	
2139752897			Shopping_ads	ne_v_nayavnosti	
2139774150					prybutok
2139811023			Shopping_ads	season_off	
2139857170					prybutok
2139946979			Shopping_ads	season_off	
2139962720					prybutok
2140831237			Shopping_ads	season_off	
2140950431			Shopping_ads	season_off	
2141634916					prybutok
2143727453					prybutok
2150820313			Shopping_ads	season_off	
2150854415			Shopping_ads	season_off	
2150862554			Shopping_ads	season_off	
2150865988			Shopping_ads	season_off	
2150869950			Shopping_ads	season_off	
2153857223					prybutok
2153928191			Shopping_ads	season_off	
2163842468			Shopping_ads	season_off	
2164169754			Shopping_ads	season_off	
2164197183			Shopping_ads	season_off	
2166561499			Shopping_ads	season_off	
2166572867			Shopping_ads	season_off	
2166678237			Shopping_ads	season_off	
2166912606			Shopping_ads	season_off	
2167021534			Shopping_ads	season_off	
2169000643			Shopping_ads	season_off	
2169048570			Shopping_ads	season_off	
2169411924			Shopping_ads	ne_v_nayavnosti	
2169431795			Shopping_ads	ne_v_nayavnosti	
2169460171			Shopping_ads	ne_v_nayavnosti	
2171196764			Shopping_ads	ne_v_nayavnosti	
2171317742			Shopping_ads	ne_v_nayavnosti	
2171401942			Shopping_ads	season_off	
2171414397			Shopping_ads	season_off	
2172732871					prybutok
2172807991		ads_zero			prybutok
2172846593			Shopping_ads	ne_v_nayavnosti	prybutok
2172953261			Shopping_ads	season_off	
2176578673			Shopping_ads	season_off	
2176594359			Shopping_ads	season_off	
2176606824			Shopping_ads	season_off	
2176624173			Shopping_ads	season_off	prybutok
2176724413					prybutok
2178799625			Shopping_ads	ne_v_nayavnosti	
2179703657					prybutok
2179758359			Shopping_ads	ne_v_nayavnosti	
2182307656			Shopping_ads	ne_v_nayavnosti	
2190801731			Shopping_ads	ne_v_nayavnosti	
2190959243			Shopping_ads	season_off	
2191873526			Shopping_ads	ne_v_nayavnosti	
2191897366			Shopping_ads	season_off	
2191930022			Shopping_ads	season_off	
2194598036			Shopping_ads	season_off	
2194685980			Shopping_ads	season_off	
2194756007			Shopping_ads	season_off	
2194777231			Shopping_ads	season_off	
2194933741			Shopping_ads	season_off	
2195816812					prybutok
2196008317			Shopping_ads	season_off	
2196041260			Shopping_ads	season_off	
2198561606			Shopping_ads	season_off	
2198721335			Shopping_ads	season_off	
2199670358			Shopping_ads	season_off	prybutok
2199783989			Shopping_ads	season_off	prybutok
2200862712					prybutok
2202288417			Shopping_ads	season_off	
2208432648			Shopping_ads	season_off	prybutok
2209397140			Shopping_ads	season_off	
2209771103			Shopping_ads	season_off	
2209953177			Shopping_ads	season_off	
2211657032			Shopping_ads	season_off	
2214507800			Shopping_ads	ne_v_nayavnosti	
2215238005			Shopping_ads	ne_v_nayavnosti	
2215346789			Shopping_ads	season_off	
2215493591					prybutok
2215537433			Shopping_ads	season_off	
2215551976					prybutok
2216402273			Shopping_ads	ne_v_nayavnosti	
2216572390			Shopping_ads	season_off	
2216745555			Shopping_ads	season_off	prybutok
2217403650			Shopping_ads	season_off	prybutok
2217430904			Shopping_ads	season_off	
2217575246			Shopping_ads	season_off	
2217660207		ads_zero			
2218328870			Shopping_ads	ne_v_nayavnosti	
2218386764			Shopping_ads	season_off	
2218387633			Shopping_ads	season_off	
2218395386			Shopping_ads	season_off	
2218400931			Shopping_ads	season_off	
2218431669			Shopping_ads	season_off	
2218433839			Shopping_ads	season_off	
2218437361			Shopping_ads	season_off	
2218444628			Shopping_ads	ne_v_nayavnosti	
2218491416			Shopping_ads	season_off	
2218529596			Shopping_ads	season_off	
2218593537					prybutok
2218849776			Shopping_ads	season_off	
2218890428			Shopping_ads	season_off	
2218901970			Shopping_ads	season_off	
2221046029			Shopping_ads	ne_v_nayavnosti	
2221097112			Shopping_ads	season_off	
2221131435			Shopping_ads	season_off	
2221160850			Shopping_ads	season_off	
2221216921			Shopping_ads	season_off	
2221280407			Shopping_ads	season_off	
2221320434			Shopping_ads	season_off	
2221356161			Shopping_ads	season_off	
2221388887			Shopping_ads	season_off	
2222289510			Shopping_ads	season_off	
2222362101			Shopping_ads	season_off	
2222481591			Shopping_ads	season_off	prybutok
2222553915			Shopping_ads	season_off	
2222683861			Shopping_ads	season_off	
2223367583			Shopping_ads	season_off	
2223451140			Shopping_ads	season_off	
2223566976			Shopping_ads	season_off	
2223608908			Shopping_ads	season_off	
2223622346			Shopping_ads	season_off	
2223735799			Shopping_ads	season_off	
2224501171			Shopping_ads	season_off	
2224527883			Shopping_ads	season_off	
2224694537			Shopping_ads	season_off	
2224864912			Shopping_ads	season_off	
2225360272			Shopping_ads	season_off	
2225415837			Shopping_ads	season_off	
2225526659			Shopping_ads	season_off	
2225622976			Shopping_ads	ne_v_nayavnosti	
2227233205					prybutok
2227809667			Shopping_ads	season_off	
2227980013			Shopping_ads	season_off	
2228043163			Shopping_ads	season_off	
2228065138			Shopping_ads	season_off	
2228187421			Shopping_ads	season_off	
2228837188			Shopping_ads	season_off	
2228858422			Shopping_ads	season_off	
2229282448			Shopping_ads	ne_v_nayavnosti	
2229911329					prybutok
2230025178			Shopping_ads	season_off	
2238412003			Shopping_ads	season_off	
2238415571			Shopping_ads	season_off	
2238417849			Shopping_ads	season_off	
2238420041			Shopping_ads	season_off	stop
2238452245			Shopping_ads	season_off	
2240602116					prybutok
2241766425			Shopping_ads	ne_v_nayavnosti	
2241936258			Shopping_ads	ne_v_nayavnosti	
2241960796					prybutok
2241981572					prybutok
2242644548			Shopping_ads	ne_v_nayavnosti	
2242706175			Shopping_ads	season_off	
2243187045			Shopping_ads	season_off	
2243202761			Shopping_ads	season_off	
2243205158			Shopping_ads	season_off	
2243214492			Shopping_ads	season_off	
2243770168			Shopping_ads	season_off	
2243771314			Shopping_ads	season_off	
2243771424			Shopping_ads	season_off	
2243777284			Shopping_ads	ne_v_nayavnosti	
2243778872			Shopping_ads	ne_v_nayavnosti	
2243780525			Shopping_ads	season_off	
2243783909			Shopping_ads	season_off	
2243784394			Shopping_ads	season_off	
2243784618			Shopping_ads	ne_v_nayavnosti	
2243786946			Shopping_ads	season_off	
2243787138			Shopping_ads	season_off	
2243789701			Shopping_ads	season_off	
2243792454			Shopping_ads	season_off	
2243795532			Shopping_ads	season_off	
2243797073			Shopping_ads	season_off	
2243797724			Shopping_ads	season_off	
2243803368			Shopping_ads	season_off	
2243812806			Shopping_ads	season_off	stop
2243814387			Shopping_ads	season_off	prybutok
2243815737			Shopping_ads	season_off	
2243815927			Shopping_ads	season_off	
2243820546			Shopping_ads	season_off	
2243825083			Shopping_ads	season_off	
2243827183			Shopping_ads	season_off	
2243828038			Shopping_ads	season_off	
2243831832			Shopping_ads	season_off	
2243835736			Shopping_ads	season_off	
2243838027			Shopping_ads	season_off	
2244307457			Shopping_ads	season_off	
2244320253			Shopping_ads	season_off	
2244322282			Shopping_ads	ne_v_nayavnosti	
2244325178			Shopping_ads	season_off	
2244328054			Shopping_ads	season_off	
2244331378			Shopping_ads	season_off	
2244979411			Shopping_ads	season_off	
2244982419			Shopping_ads	ne_v_nayavnosti	
2244992068			Shopping_ads	season_off	
2248216421			Shopping_ads	season_off	
2248223226			Shopping_ads	season_off	
2248225284			Shopping_ads	season_off	
2248229427			Shopping_ads	season_off	
2248231665			Shopping_ads	season_off	
2248232609			Shopping_ads	season_off	
2248236345			Shopping_ads	season_off	
2248240485			Shopping_ads	season_off	
2248244900			Shopping_ads	season_off	
2248252070			Shopping_ads	season_off	
2248254926			Shopping_ads	season_off	
2248261120			Shopping_ads	season_off	
2248268579			Shopping_ads	season_off	
2248271824			Shopping_ads	season_off	
2248275150			Shopping_ads	season_off	
2248278751			Shopping_ads	season_off	
2248281249			Shopping_ads	season_off	
2248282659			Shopping_ads	season_off	
2248284976			Shopping_ads	season_off	
2248285684			Shopping_ads	season_off	
2248361027			Shopping_ads	ne_v_nayavnosti	
2248363962			Shopping_ads	season_off	
2248367404			Shopping_ads	season_off	
2248371238			Shopping_ads	season_off	
2248380309			Shopping_ads	season_off	
2248383815			Shopping_ads	season_off	
2248404753			Shopping_ads	season_off	
2248405870			Shopping_ads	season_off	
2248943904			Shopping_ads	ne_v_nayavnosti	
2248974089			Shopping_ads	season_off	
2248989803			Shopping_ads	season_off	
2249000837			Shopping_ads	season_off	
2249390758			Shopping_ads	season_off	
2249397154			Shopping_ads	season_off	
2249405984			Shopping_ads	season_off	
2249410103			Shopping_ads	ne_v_nayavnosti	
2249414129			Shopping_ads	season_off	
2249416911			Shopping_ads	season_off	
2249463439			Shopping_ads	season_off	
2249488135			Shopping_ads	season_off	
2249491456			Shopping_ads	season_off	
2249507763			Shopping_ads	ne_v_nayavnosti	
2249525903			Shopping_ads	season_off	
2249532957			Shopping_ads	season_off	
2249534666			Shopping_ads	season_off	
2249539093			Shopping_ads	season_off	
2249546011			Shopping_ads	season_off	
2249548539			Shopping_ads	season_off	
2249603433			Shopping_ads	season_off	
2249606349			Shopping_ads	season_off	
2249608374			Shopping_ads	season_off	prybutok
2249610836			Shopping_ads	season_off	
2249617954			Shopping_ads	season_off	
2249621897			Shopping_ads	season_off	
2249623950			Shopping_ads	season_off	
2249630661			Shopping_ads	season_off	
2249638512			Shopping_ads	season_off	
2249646720			Shopping_ads	season_off	
2249650211			Shopping_ads	season_off	prybutok
2250624372			Shopping_ads	season_off	
2250625172			Shopping_ads	season_off	
2250626386			Shopping_ads	season_off	
2250628802			Shopping_ads	season_off	
2250636471			Shopping_ads	season_off	
2250638621			Shopping_ads	season_off	
2250638784			Shopping_ads	season_off	
2250639902			Shopping_ads	season_off	
2250655018			Shopping_ads	season_off	
2250657597			Shopping_ads	season_off	
2250659010			Shopping_ads	season_off	prybutok
2250660004			Shopping_ads	season_off	
2250660874			Shopping_ads	season_off	
2250664453			Shopping_ads	season_off	
2250667538			Shopping_ads	season_off	prybutok
2250671954			Shopping_ads	season_off	
2250681568			Shopping_ads	ne_v_nayavnosti	
2250683277			Shopping_ads	season_off	
2250686572			Shopping_ads	season_off	
2250693452			Shopping_ads	season_off	
2250701086			Shopping_ads	season_off	
2250712419			Shopping_ads	season_off	
2250717529			Shopping_ads	season_off	
2250719968			Shopping_ads	season_off	
2250720806			Shopping_ads	season_off	
2250725091			Shopping_ads	ne_v_nayavnosti	
2250725542			Shopping_ads	season_off	
2250727921			Shopping_ads	season_off	
2250729045			Shopping_ads	ne_v_nayavnosti	
2250729726			Shopping_ads	season_off	
2250730989			Shopping_ads	season_off	
2251283940			Shopping_ads	season_off	
2251288438			Shopping_ads	season_off	
2251292244			Shopping_ads	season_off	prybutok
2251297735			Shopping_ads	season_off	prybutok
2251304717			Shopping_ads	season_off	
2251308558			Shopping_ads	season_off	
2251310065			Shopping_ads	season_off	
2251311123			Shopping_ads	season_off	
2251318095			Shopping_ads	season_off	
2251319417			Shopping_ads	season_off	prybutok
2251321070			Shopping_ads	season_off	
2251323368			Shopping_ads	season_off	
2251323610			Shopping_ads	season_off	
2251326375			Shopping_ads	season_off	
2251329135			Shopping_ads	season_off	
2251331208			Shopping_ads	season_off	
2251332430			Shopping_ads	season_off	
2251333418			Shopping_ads	ne_v_nayavnosti	
2251335285			Shopping_ads	season_off	
2251339360			Shopping_ads	season_off	
2251345238			Shopping_ads	season_off	
2251346984			Shopping_ads	season_off	
2251355661			Shopping_ads	season_off	
2251435524			Shopping_ads	ne_v_nayavnosti	
2251444559			Shopping_ads	season_off	
2251447535			Shopping_ads	season_off	
2251449165			Shopping_ads	season_off	
2251890692			Shopping_ads	season_off	
2251892910			Shopping_ads	ne_v_nayavnosti	
2251894102			Shopping_ads	season_off	prybutok
2251898233			Shopping_ads	season_off	
2251899898			Shopping_ads	season_off	
2251900143			Shopping_ads	season_off	
2251901767			Shopping_ads	season_off	
2251904109			Shopping_ads	season_off	
2252815449			Shopping_ads	season_off	
2252825644			Shopping_ads	season_off	
2253026501			Shopping_ads	season_off	
2253027695			Shopping_ads	season_off	
2253029260			Shopping_ads	season_off	
2253030342			Shopping_ads	season_off	
2253031722			Shopping_ads	season_off	
2253036369			Shopping_ads	season_off	
2253037660			Shopping_ads	season_off	
2253038788			Shopping_ads	season_off	
2253040182			Shopping_ads	season_off	
2253040278			Shopping_ads	season_off	
2253041600			Shopping_ads	season_off	
2253043240			Shopping_ads	season_off	
2253044839			Shopping_ads	season_off	
2253522059			Shopping_ads	season_off	
2253523610			Shopping_ads	season_off	
2253524327			Shopping_ads	season_off	
2253530678			Shopping_ads	ne_v_nayavnosti	
2253532383			Shopping_ads	season_off	
2253536740			Shopping_ads	season_off	
2254811814			Shopping_ads	season_off	
2254814355			Shopping_ads	season_off	
2254814364			Shopping_ads	season_off	
2254817709			Shopping_ads	ne_v_nayavnosti	
2254819493			Shopping_ads	ne_v_nayavnosti	
2254820786			Shopping_ads	season_off	
2254825544			Shopping_ads	season_off	
2254827656			Shopping_ads	season_off	
2255039947			Shopping_ads	season_off	
2255044428			Shopping_ads	season_off	
2255048065			Shopping_ads	season_off	
2255053671			Shopping_ads	season_off	
2255055961			Shopping_ads	season_off	
2255056681			Shopping_ads	ne_v_nayavnosti	
2255057955			Shopping_ads	season_off	
2255062004			Shopping_ads	season_off	
2255066041			Shopping_ads	season_off	
2255133466			Shopping_ads	season_off	
2255134244			Shopping_ads	season_off	
2255135288			Shopping_ads	ne_v_nayavnosti	
2255792226					prybutok
2255907155			Shopping_ads	ne_v_nayavnosti	
2255920247			Shopping_ads	season_off	
2255922531			Shopping_ads	season_off	
2255924535			Shopping_ads	season_off	prybutok
2255928934			Shopping_ads	season_off	prybutok
2255931658			Shopping_ads	season_off	
2255941601			Shopping_ads	season_off	
2255946893			Shopping_ads	season_off	
2255949892			Shopping_ads	season_off	
2255954123			Shopping_ads	season_off	
2255955781			Shopping_ads	season_off	
2255959282			Shopping_ads	season_off	stop
2255960953			Shopping_ads	season_off	
2255963762			Shopping_ads	season_off	
2255965939			Shopping_ads	season_off	stop
2255967614			Shopping_ads	season_off	
2256771103			Shopping_ads	season_off	stop
2256777211			Shopping_ads	season_off	
2256778568			Shopping_ads	season_off	
2256780040			Shopping_ads	season_off	
2256782096			Shopping_ads	ne_v_nayavnosti	
2256786643			Shopping_ads	ne_v_nayavnosti	
2256793751			Shopping_ads	season_off	stop
2256795067			Shopping_ads	season_off	
2256806954			Shopping_ads	season_off	stop
2256813059			Shopping_ads	season_off	
2256817907			Shopping_ads	season_off	
2256842363			Shopping_ads	season_off	stop
2256848330			Shopping_ads	season_off	
2256851233			Shopping_ads	season_off	
2256862792			Shopping_ads	season_off	
2257403443			Shopping_ads	ne_v_nayavnosti	stop
2257424155			Shopping_ads	season_off	
2257487495			Shopping_ads	season_off	
2257511511			Shopping_ads	season_off	
2257523445			Shopping_ads	season_off	
2257528941			Shopping_ads	season_off	
2257533860			Shopping_ads	season_off	
2257540070			Shopping_ads	season_off	
2257542431			Shopping_ads	ne_v_nayavnosti	
2257544216			Shopping_ads	season_off	
2257550004			Shopping_ads	season_off	
2257605075			Shopping_ads	season_off	
2257605489			Shopping_ads	season_off	
2257606002			Shopping_ads	season_off	
2257606702			Shopping_ads	season_off	
2257608986			Shopping_ads	season_off	
2257611595			Shopping_ads	ne_v_nayavnosti	
2257645747			Shopping_ads	ne_v_nayavnosti	
2257646946			Shopping_ads	season_off	
2257649681			Shopping_ads	season_off	
2257675858			Shopping_ads	ne_v_nayavnosti	
2257680243			Shopping_ads	season_off	
2257688979			Shopping_ads	season_off	
2257697383			Shopping_ads	season_off	
2257701021			Shopping_ads	season_off	
2259347347			Shopping_ads	season_off	
2259349538			Shopping_ads	season_off	
2259353475			Shopping_ads	season_off	
2259358248			Shopping_ads	season_off	
2259363968			Shopping_ads	season_off	
2259368612			Shopping_ads	season_off	prybutok
2259371692			Shopping_ads	season_off	prybutok
2259373266			Shopping_ads	ne_v_nayavnosti	
2259376446			Shopping_ads	season_off	
2259380810			Shopping_ads	season_off	prybutok
2259381747			Shopping_ads	season_off	
2259383351			Shopping_ads	season_off	
2259383879			Shopping_ads	season_off	
2259384832			Shopping_ads	ne_v_nayavnosti	
2259407631					prybutok
2259410586			Shopping_ads	season_off	
2259412249			Shopping_ads	season_off	
2259417992			Shopping_ads	season_off	
2259419710			Shopping_ads	season_off	prybutok
2259426522			Shopping_ads	season_off	prybutok
2259430442			Shopping_ads	season_off	prybutok
2259433492			Shopping_ads	season_off	
2259437272			Shopping_ads	season_off	
2259440164			Shopping_ads	season_off	prybutok
2259441772			Shopping_ads	season_off	
2259445501			Shopping_ads	season_off	prybutok
2259450457			Shopping_ads	season_off	prybutok
2275331366			Shopping_ads	ne_v_nayavnosti	
2276809810			Shopping_ads	ne_v_nayavnosti	
2289266954					prybutok
2289281531					prybutok
2289394973					prybutok
2291438438					prybutok
2295112955					prybutok
2296409524					prybutok
2298233509			Shopping_ads	ne_v_nayavnosti	
2299437686			Shopping_ads	ne_v_nayavnosti	
2306835829			Shopping_ads	ne_v_nayavnosti	
2308771895				ne_v_nayavnosti	
2315934165			Shopping_ads	season_off	
2315942886			Shopping_ads	season_off	
2315956881			Shopping_ads	season_off	
2315968847			Shopping_ads	ne_v_nayavnosti	
2315974265			Shopping_ads	season_off	
2315978863			Shopping_ads	season_off	
2315981682					prybutok
2315999837			Shopping_ads	season_off	
2316010341			Shopping_ads	ne_v_nayavnosti	
2316013081			Shopping_ads	season_off	
2316021112			Shopping_ads	ne_v_nayavnosti	
2316026521			Shopping_ads	season_off	
2316031321			Shopping_ads	season_off	
2316035034			Shopping_ads	season_off	
2316037422			Shopping_ads	season_off	
2321224373			Shopping_ads	season_off	
2321227874			Shopping_ads	season_off	
2321231401			Shopping_ads	season_off	
2321232440			Shopping_ads	season_off	
2321233901			Shopping_ads	season_off	
2321234568			Shopping_ads	season_off	
2321234945			Shopping_ads	season_off	
2321261768			Shopping_ads	season_off	
2321266970			Shopping_ads	season_off	
2321270229			Shopping_ads	season_off	
2334313370					stop
2346897469			Shopping_ads	season_off	
2349837235			Shopping_ads	season_off	
2350045605			Shopping_ads	ne_v_nayavnosti	
2353756144			Shopping_ads	ne_v_nayavnosti	
2360152463			Shopping_ads	ne_v_nayavnosti	prybutok
2375931449					prybutok
2380493021			Shopping_ads	ne_v_nayavnosti	
2391618217					prybutok
2391695797					prybutok
2391696051					prybutok
2391696914					prybutok
2391697911					prybutok
2392021200			Shopping_ads	ne_v_nayavnosti	
2393537175					prybutok
2393552554					prybutok
2395380515					prybutok
2395387438			Shopping_ads	ne_v_nayavnosti	prybutok
2395423111					prybutok
2395423695					prybutok
2395428411					prybutok
2395468867			Shopping_ads	ne_v_nayavnosti	
2395475584			Shopping_ads	ne_v_nayavnosti	
2395970218			Shopping_ads	ne_v_nayavnosti	
2395977244			Shopping_ads	ne_v_nayavnosti	
2395979052			Shopping_ads	ne_v_nayavnosti	
2396004107					prybutok
2396007251			Shopping_ads	ne_v_nayavnosti	
2396390896			Shopping_ads	ne_v_nayavnosti	
2396590953		ads_zero			
2398514407			Shopping_ads	ne_v_nayavnosti	
2398525137			Shopping_ads	ne_v_nayavnosti	
2399102154			Shopping_ads	ne_v_nayavnosti	
2399103101					prybutok
2399103678					prybutok
2399112176					prybutok
2399113115					prybutok
2399521188					prybutok
2399522788					prybutok
2399527762			Shopping_ads	ne_v_nayavnosti	
2399742613					prybutok
2399751698					prybutok
2399759180					prybutok
2399761327					prybutok
2399763825					prybutok
2400441965					prybutok
2400782014			Shopping_ads	ne_v_nayavnosti	
2400799021					prybutok
2401619260			Shopping_ads	ne_v_nayavnosti	
2403317057			Shopping_ads	ne_v_nayavnosti	
2403672062					prybutok
2403702877					prybutok
2411561700			Shopping_ads	ne_v_nayavnosti	
2412040727					prybutok
2412043826					prybutok
2412807915					prybutok
2412824703					prybutok
2412886066					prybutok
2412900512			Shopping_ads	ne_v_nayavnosti	
2413005063			Shopping_ads	ne_v_nayavnosti	
2413186821					prybutok
2413189617					prybutok
2413195416			Shopping_ads	ne_v_nayavnosti	
2414194119					prybutok
2414196198					prybutok
2414201608					prybutok
2414216823					prybutok
2414223797					prybutok
2414227937					prybutok
2414232845					prybutok
2414234832					prybutok
2414238073					prybutok
2414250294					prybutok
2414257205					prybutok
2414259537					prybutok
2414274647					prybutok
2414282962					prybutok
2414293030					prybutok
2414505508					prybutok
2414517112					prybutok
2414533270					prybutok
2414614719					prybutok
2414639444					prybutok
2414647623					prybutok
2414667626					prybutok
2415847050			Shopping_ads	ne_v_nayavnosti	
2415878234					prybutok
2415890753					prybutok
2415891671					prybutok
2416298948			Shopping_ads	ne_v_nayavnosti	
2417554775					prybutok
2417572711					prybutok
2417577227					prybutok
2418059495			Shopping_ads	ne_v_nayavnosti	
2419365433					prybutok
2420794168					prybutok
2420794760					prybutok
2420796477					prybutok
2420798374					prybutok
2421001866					prybutok
2421688775					prybutok
2421694070					prybutok
2422034337					prybutok
2422035577			Shopping_ads	ne_v_nayavnosti	
2425914094			Shopping_ads	ne_v_nayavnosti	
2426663313			Shopping_ads	ne_v_nayavnosti	
2426667675			Shopping_ads	ne_v_nayavnosti	
2426678263			Shopping_ads	ne_v_nayavnosti	
2426720541					prybutok
2426902739			Shopping_ads	ne_v_nayavnosti	
2426990105					prybutok
2426999151					prybutok
2427098996			Shopping_ads	ne_v_nayavnosti	
2427232787					prybutok
2427304956					prybutok
2427861443					prybutok
2427885505					prybutok
2427900800					prybutok
2427948686					prybutok
2428624132			Shopping_ads	ne_v_nayavnosti	
2428626873			Shopping_ads	ne_v_nayavnosti	
2428629037					prybutok
2429202777					prybutok
2429388051			Shopping_ads	ne_v_nayavnosti	
2430364142					prybutok
2430372687					prybutok
2430436356					prybutok
2430518181					prybutok
2430522591			Shopping_ads	ne_v_nayavnosti	prybutok
2430523207					prybutok
2430525449					prybutok
2430527665					prybutok
2431247924					prybutok
2431251291					prybutok
2431284309					prybutok
2431306594					prybutok
2431309456					prybutok
2431697559			Shopping_ads	ne_v_nayavnosti	
2432704219			Shopping_ads	ne_v_nayavnosti	
2432853004			Shopping_ads	ne_v_nayavnosti	
2432853841			Shopping_ads	ne_v_nayavnosti	
2433494851					prybutok
2433502048					prybutok
2433506506			Shopping_ads	ne_v_nayavnosti	
2433541016			Shopping_ads	ne_v_nayavnosti	
2433551365			Shopping_ads	ne_v_nayavnosti	
2433552673			Shopping_ads	ne_v_nayavnosti	
2433600483			Shopping_ads	ne_v_nayavnosti	
2433955470					prybutok
2433965467					prybutok
2433968753					prybutok
2433971756					prybutok
2434030349			Shopping_ads	ne_v_nayavnosti	prybutok
2434061501					prybutok
2434179548			Shopping_ads	ne_v_nayavnosti	
2434343338					prybutok
2434979616					prybutok
2435049759			Shopping_ads	ne_v_nayavnosti	
2435069000					prybutok
2435072968					prybutok
2435082352			Shopping_ads	ne_v_nayavnosti	
2435163303			Shopping_ads	ne_v_nayavnosti	
2437675710			Shopping_ads	season_off	
2437715810			Shopping_ads	season_off	
2437719689			Shopping_ads	season_off	
2437725838			Shopping_ads	season_off	
2437731374			Shopping_ads	season_off	
2437763277			Shopping_ads	season_off	
2437782288			Shopping_ads	season_off	
2437811780			Shopping_ads	season_off	
2437814635			Shopping_ads	season_off	
2437817073			Shopping_ads	season_off	
2437837241			Shopping_ads	season_off	
2437838244			Shopping_ads	season_off	
2437858469			Shopping_ads	season_off	
2437870134			Shopping_ads	season_off	
2437878287			Shopping_ads	season_off	
2437894334			Shopping_ads	season_off	
2437944439			Shopping_ads	season_off	
2437947819			Shopping_ads	season_off	
2437954126			Shopping_ads	ne_v_nayavnosti	
2437963237			Shopping_ads	season_off	
2437965040			Shopping_ads	season_off	
2437999533			Shopping_ads	season_off	
2438018296			Shopping_ads	season_off	
2438021229			Shopping_ads	season_off	
2438091152			Shopping_ads	season_off	
2438096918			Shopping_ads	season_off	
2438102656			Shopping_ads	ne_v_nayavnosti	
2438106627			Shopping_ads	ne_v_nayavnosti	
2438113439			Shopping_ads	season_off	
2438118783			Shopping_ads	ne_v_nayavnosti	
2438189622			Shopping_ads	season_off	
2438199285			Shopping_ads	season_off	
2438201437			Shopping_ads	season_off	
2438203369			Shopping_ads	ne_v_nayavnosti	
2438212030			Shopping_ads	season_off	
2438215759			Shopping_ads	season_off	
2438626654			Shopping_ads	season_off	
2438630400			Shopping_ads	ne_v_nayavnosti	
2438634673			Shopping_ads	season_off	
2438636707			Shopping_ads	season_off	
2438637918			Shopping_ads	season_off	
2438639879			Shopping_ads	season_off	
2438640753			Shopping_ads	season_off	
2438641494			Shopping_ads	season_off	
2438649881			Shopping_ads	season_off	
2438653707			Shopping_ads	season_off	
2438659567			Shopping_ads	season_off	
2438661212			Shopping_ads	season_off	
2438662521			Shopping_ads	season_off	
2438664372			Shopping_ads	season_off	
2438694722			Shopping_ads	season_off	
2438696365			Shopping_ads	season_off	
2438698938			Shopping_ads	season_off	
2438702424			Shopping_ads	season_off	
2438702702			Shopping_ads	season_off	
2438706542			Shopping_ads	season_off	
2438714747			Shopping_ads	season_off	
2438724358			Shopping_ads	season_off	
2438726424			Shopping_ads	season_off	
2438732202			Shopping_ads	season_off	
2438737555			Shopping_ads	season_off	
2438738476			Shopping_ads	season_off	
2438741253			Shopping_ads	season_off	
2438744328			Shopping_ads	season_off	
2438747638			Shopping_ads	season_off	
2438750641			Shopping_ads	season_off	
2438798214			Shopping_ads	season_off	
2438799586			Shopping_ads	season_off	
2438802429			Shopping_ads	season_off	
2438818607			Shopping_ads	season_off	
2438821232			Shopping_ads	season_off	
2438831235			Shopping_ads	season_off	
2438838187			Shopping_ads	season_off	
2438839437			Shopping_ads	season_off	
2438850998			Shopping_ads	season_off	
2438857229			Shopping_ads	season_off	
2438872216			Shopping_ads	season_off	
2438880972			Shopping_ads	season_off	
2438885310			Shopping_ads	season_off	
2438888030			Shopping_ads	season_off	
2438913452			Shopping_ads	season_off	
2438932521			Shopping_ads	season_off	
2438937096			Shopping_ads	season_off	
2439197371			Shopping_ads	season_off	
2439201730			Shopping_ads	season_off	
2439203329			Shopping_ads	season_off	
2439206846			Shopping_ads	season_off	
2439212093			Shopping_ads	season_off	
2439228176			Shopping_ads	season_off	
2439233244			Shopping_ads	season_off	
2439239805			Shopping_ads	season_off	
2439245988			Shopping_ads	season_off	
2439259380			Shopping_ads	season_off	
2439264143			Shopping_ads	season_off	
2439277513			Shopping_ads	season_off	
2439279828			Shopping_ads	season_off	
2439293872			Shopping_ads	season_off	
2439300334			Shopping_ads	season_off	
2439304979			Shopping_ads	season_off	
2439307774			Shopping_ads	season_off	
2439308954			Shopping_ads	season_off	
2439311934			Shopping_ads	season_off	
2439314384			Shopping_ads	season_off	
2439316081			Shopping_ads	season_off	
2439933988			Shopping_ads	season_off	
2439934985			Shopping_ads	season_off	
2439936025			Shopping_ads	season_off	
2439937268			Shopping_ads	ne_v_nayavnosti	
2439939296			Shopping_ads	season_off	
2439939677			Shopping_ads	season_off	
2439941698			Shopping_ads	season_off	
2439942824			Shopping_ads	season_off	
2439945627			Shopping_ads	season_off	
2439950599			Shopping_ads	season_off	
2439951123			Shopping_ads	season_off	
2439952504			Shopping_ads	season_off	
2439953217			Shopping_ads	season_off	
2439962429			Shopping_ads	season_off	
2439965813			Shopping_ads	season_off	
2439966848			Shopping_ads	season_off	
2439968617			Shopping_ads	season_off	
2439976506			Shopping_ads	season_off	
2439978914			Shopping_ads	season_off	
2439983328			Shopping_ads	season_off	
2439989589			Shopping_ads	season_off	
2439992486			Shopping_ads	season_off	
2439997358			Shopping_ads	season_off	
2440002799			Shopping_ads	season_off	
2440304558			Shopping_ads	season_off	
2440307772			Shopping_ads	season_off	
2440314539			Shopping_ads	season_off	
2440322748			Shopping_ads	season_off	
2440326210			Shopping_ads	season_off	
2440333962			Shopping_ads	season_off	
2440337640			Shopping_ads	season_off	
2440343371			Shopping_ads	season_off	
2440349988			Shopping_ads	season_off	
2441200267			Shopping_ads	season_off	
2441207629			Shopping_ads	season_off	
2441208501			Shopping_ads	season_off	
2441209545			Shopping_ads	season_off	
2441212150			Shopping_ads	season_off	
2441218836			Shopping_ads	season_off	
2441222255			Shopping_ads	season_off	
2441222900			Shopping_ads	season_off	
2441223758			Shopping_ads	season_off	
2441224969			Shopping_ads	season_off	
2441227383			Shopping_ads	season_off	
2441230194			Shopping_ads	season_off	
2441231046			Shopping_ads	season_off	
2441232389			Shopping_ads	season_off	prybutok
2441233567			Shopping_ads	season_off	
2441237761			Shopping_ads	season_off	
2441238357			Shopping_ads	season_off	
2441240509			Shopping_ads	season_off	
2441242205			Shopping_ads	season_off	
2441245849			Shopping_ads	season_off	
2441247516			Shopping_ads	season_off	
2441248537			Shopping_ads	season_off	
2441249274			Shopping_ads	season_off	
2441250771			Shopping_ads	season_off	prybutok
2441264926			Shopping_ads	season_off	
2441266749			Shopping_ads	season_off	
2441269126			Shopping_ads	season_off	prybutok
2441308769			Shopping_ads	season_off	
2441313768			Shopping_ads	season_off	
2441322364			Shopping_ads	season_off	
2441325350			Shopping_ads	season_off	
2441344277			Shopping_ads	season_off	
2441345803			Shopping_ads	season_off	
2441347840			Shopping_ads	season_off	
2441350285			Shopping_ads	season_off	
2441352315			Shopping_ads	season_off	
2441355123			Shopping_ads	ne_v_nayavnosti	prybutok
2441357658			Shopping_ads	season_off	
2441359618			Shopping_ads	season_off	
2441364723			Shopping_ads	season_off	
2441366806			Shopping_ads	season_off	
2441368280			Shopping_ads	season_off	
2441370672			Shopping_ads	season_off	
2441419773			Shopping_ads	season_off	
2441598114			Shopping_ads	season_off	
2441599750			Shopping_ads	season_off	
2441603597			Shopping_ads	season_off	
2441606989			Shopping_ads	season_off	
2441608507			Shopping_ads	season_off	
2441613166			Shopping_ads	season_off	
2441617680			Shopping_ads	season_off	
2441623137			Shopping_ads	season_off	prybutok
2441625959			Shopping_ads	season_off	prybutok
2441629839			Shopping_ads	season_off	
2441631603			Shopping_ads	season_off	prybutok
2441632707			Shopping_ads	season_off	
2441635367			Shopping_ads	season_off	
2441637913			Shopping_ads	season_off	
2441640332			Shopping_ads	season_off	
2441642114			Shopping_ads	season_off	
2441651490			Shopping_ads	season_off	
2441657292			Shopping_ads	season_off	
2441662158			Shopping_ads	season_off	
2441691415			Shopping_ads	season_off	
2441695247			Shopping_ads	season_off	
2441697101			Shopping_ads	season_off	
2441698096			Shopping_ads	season_off	
2441699381			Shopping_ads	season_off	
2441702905			Shopping_ads	season_off	
2441709296			Shopping_ads	season_off	
2441710312			Shopping_ads	season_off	
2441716682			Shopping_ads	season_off	
2441720338			Shopping_ads	season_off	
2441723063			Shopping_ads	season_off	
2441729223			Shopping_ads	season_off	
2441729922			Shopping_ads	season_off	
2441731729			Shopping_ads	season_off	
2441733130			Shopping_ads	season_off	
2441734727			Shopping_ads	ne_v_nayavnosti	
2442117080			Shopping_ads	season_off	
2442128270			Shopping_ads	season_off	prybutok
2442128618			Shopping_ads	season_off	
2442129398			Shopping_ads	season_off	
2442149141			Shopping_ads	season_off	
2442150495			Shopping_ads	season_off	prybutok
2442153704			Shopping_ads	season_off	
2442154266			Shopping_ads	season_off	
2442155171			Shopping_ads	season_off	
2442156474			Shopping_ads	season_off	
2442158106			Shopping_ads	season_off	
2442164849			Shopping_ads	season_off	
2442165706			Shopping_ads	season_off	
2442166163			Shopping_ads	season_off	
2442167156			Shopping_ads	season_off	
2442169263			Shopping_ads	season_off	
2442170506			Shopping_ads	season_off	prybutok
2442171486			Shopping_ads	season_off	prybutok
2442172441			Shopping_ads	season_off	
2442204309			Shopping_ads	season_off	
2442212691			Shopping_ads	season_off	
2442218207			Shopping_ads	season_off	
2442220352			Shopping_ads	season_off	
2442234121			Shopping_ads	season_off	
2442235446			Shopping_ads	season_off	
2442246933			Shopping_ads	season_off	
2442249840			Shopping_ads	season_off	
2442253228			Shopping_ads	season_off	
2442255031			Shopping_ads	ne_v_nayavnosti	
2442260529			Shopping_ads	season_off	
2442291361			Shopping_ads	season_off	
2442291978			Shopping_ads	season_off	
2442293246			Shopping_ads	season_off	
2442294045			Shopping_ads	season_off	
2442295274			Shopping_ads	season_off	
2442299628			Shopping_ads	season_off	
2442300494			Shopping_ads	season_off	
2442304362			Shopping_ads	ne_v_nayavnosti	
2442308982			Shopping_ads	season_off	
2442314309			Shopping_ads	season_off	
2442321808			Shopping_ads	season_off	
2442324861			Shopping_ads	season_off	
2442326192			Shopping_ads	season_off	
2442329816			Shopping_ads	season_off	
2442331914			Shopping_ads	season_off	
2442332878			Shopping_ads	season_off	
2442354731			Shopping_ads	season_off	
2442367289			Shopping_ads	season_off	
2442369163			Shopping_ads	season_off	
2442973008			Shopping_ads	season_off	
2442974438			Shopping_ads	season_off	
2442976210			Shopping_ads	season_off	
2442977831			Shopping_ads	season_off	
2442980426			Shopping_ads	season_off	
2442982995			Shopping_ads	season_off	
2442985396			Shopping_ads	season_off	
2442987736			Shopping_ads	season_off	
2442990285			Shopping_ads	season_off	
2442991769			Shopping_ads	season_off	
2442992886			Shopping_ads	season_off	
2442993858			Shopping_ads	season_off	
2443027290			Shopping_ads	season_off	
2443029920			Shopping_ads	ne_v_nayavnosti	
2443031386			Shopping_ads	season_off	
2443034036			Shopping_ads	season_off	
2443036180			Shopping_ads	season_off	
2443037734			Shopping_ads	season_off	
2443040391			Shopping_ads	season_off	
2443041300			Shopping_ads	season_off	
2443043986			Shopping_ads	season_off	
2443046384			Shopping_ads	season_off	
2443047446			Shopping_ads	season_off	
2443083129			Shopping_ads	season_off	
2443084168			Shopping_ads	season_off	
2443087003			Shopping_ads	season_off	
2443087637			Shopping_ads	season_off	
2443088225			Shopping_ads	season_off	
2443088369			Shopping_ads	season_off	
2443096708			Shopping_ads	ne_v_nayavnosti	
2443097917			Shopping_ads	season_off	
2443098849			Shopping_ads	season_off	
2443100503			Shopping_ads	season_off	
2443102089			Shopping_ads	season_off	
2443103622			Shopping_ads	season_off	
2443105923			Shopping_ads	season_off	
2443106531			Shopping_ads	season_off	
2443108001			Shopping_ads	season_off	
2443110640			Shopping_ads	season_off	
2443112679			Shopping_ads	season_off	
2443113226			Shopping_ads	season_off	
2443113496			Shopping_ads	season_off	
2443123982			Shopping_ads	season_off	
2443125031			Shopping_ads	season_off	
2443125631			Shopping_ads	season_off	
2443128641			Shopping_ads	season_off	
2443129854			Shopping_ads	season_off	
2443130574			Shopping_ads	season_off	
2443132074			Shopping_ads	season_off	
2443132722			Shopping_ads	season_off	
2443133431			Shopping_ads	season_off	
2443134251			Shopping_ads	season_off	
2443136225			Shopping_ads	season_off	
2443137036			Shopping_ads	season_off	
2443141523			Shopping_ads	season_off	
2443142865			Shopping_ads	season_off	
2443143526			Shopping_ads	season_off	
2443146098			Shopping_ads	ne_v_nayavnosti	
2443146504			Shopping_ads	season_off	
2443148705			Shopping_ads	season_off	
2443149035			Shopping_ads	season_off	
2443149516			Shopping_ads	season_off	
2443179366			Shopping_ads	season_off	
2443179970			Shopping_ads	season_off	
2443182756			Shopping_ads	season_off	
2443183120			Shopping_ads	season_off	
2443183426			Shopping_ads	season_off	
2443183831			Shopping_ads	season_off	
2443184143			Shopping_ads	season_off	
2443185523			Shopping_ads	season_off	
2443187164			Shopping_ads	season_off	
2443187853			Shopping_ads	season_off	
2443197321			Shopping_ads	season_off	
2443197921			Shopping_ads	season_off	
2443889340			Shopping_ads	season_off	
2443890626			Shopping_ads	season_off	
2443892550			Shopping_ads	season_off	
2443894172			Shopping_ads	season_off	
2443895527			Shopping_ads	season_off	
2443918358			Shopping_ads	season_off	
2443918664			Shopping_ads	season_off	
2443918867			Shopping_ads	season_off	
2443919474			Shopping_ads	season_off	
2443919819			Shopping_ads	season_off	
2443920809			Shopping_ads	season_off	
2443922906			Shopping_ads	season_off	
2443923698			Shopping_ads	season_off	
2443924695			Shopping_ads	season_off	
2443925555			Shopping_ads	season_off	
2443926995			Shopping_ads	season_off	
2443934873			Shopping_ads	season_off	
2443936486			Shopping_ads	season_off	
2443939102			Shopping_ads	season_off	
2443940390			Shopping_ads	season_off	
2443941014			Shopping_ads	season_off	
2443987283			Shopping_ads	season_off	
2443988351			Shopping_ads	season_off	
2443992738			Shopping_ads	season_off	
2443994389			Shopping_ads	season_off	
2443997725			Shopping_ads	season_off	
2443999269			Shopping_ads	ne_v_nayavnosti	
2444001072			Shopping_ads	season_off	
2444005785			Shopping_ads	season_off	
2444006854			Shopping_ads	season_off	
2444027203			Shopping_ads	season_off	
2444028147			Shopping_ads	season_off	
2444029929			Shopping_ads	season_off	
2444033693			Shopping_ads	season_off	
2444040482			Shopping_ads	season_off	
2444055655			Shopping_ads	ne_v_nayavnosti	
2444062065			Shopping_ads	season_off	
2444065745			Shopping_ads	season_off	
2444106907			Shopping_ads	season_off	
2444122038			Shopping_ads	season_off	
2444651690			Shopping_ads	season_off	
2444679134			Shopping_ads	season_off	
2444695128			Shopping_ads	season_off	
2444790491			Shopping_ads	season_off	
2444797648			Shopping_ads	season_off	
2444799337			Shopping_ads	season_off	
2444804731			Shopping_ads	season_off	
2444883525			Shopping_ads	season_off	
2444885052			Shopping_ads	season_off	
2444886239			Shopping_ads	ne_v_nayavnosti	
2444895712			Shopping_ads	season_off	
2444901652			Shopping_ads	season_off	
2444904149			Shopping_ads	season_off	
2444904617			Shopping_ads	season_off	
2444908319			Shopping_ads	season_off	
2444913668			Shopping_ads	ne_v_nayavnosti	
2444915762			Shopping_ads	ne_v_nayavnosti	
2444918597			Shopping_ads	ne_v_nayavnosti	
2444930353			Shopping_ads	season_off	
2444936166			Shopping_ads	season_off	
2444938342			Shopping_ads	season_off	
2444939914			Shopping_ads	season_off	
2444994989			Shopping_ads	season_off	
2444996942			Shopping_ads	season_off	
2444998185			Shopping_ads	ne_v_nayavnosti	
2444999793			Shopping_ads	season_off	
2445005425			Shopping_ads	season_off	
2445140656			Shopping_ads	season_off	
2445151627			Shopping_ads	season_off	
2445849842			Shopping_ads	season_off	
2445852122			Shopping_ads	season_off	
2445853291			Shopping_ads	season_off	
2445891799			Shopping_ads	season_off	
2445897334			Shopping_ads	season_off	
2445925942			Shopping_ads	season_off	
2445928415			Shopping_ads	season_off	
2445931422			Shopping_ads	season_off	
2445940479			Shopping_ads	season_off	
2446361797			Shopping_ads	season_off	
2446364136			Shopping_ads	ne_v_nayavnosti	
2446367967			Shopping_ads	ne_v_nayavnosti	
2446369396			Shopping_ads	ne_v_nayavnosti	
2446875564			Shopping_ads	season_off	prybutok
2446882476			Shopping_ads	season_off	prybutok
2446882494			Shopping_ads	season_off	
2446887711			Shopping_ads	season_off	
2446893086			Shopping_ads	season_off	
2446904557			Shopping_ads	season_off	
2446906280			Shopping_ads	ne_v_nayavnosti	
2446964214			Shopping_ads	season_off	
2446998224			Shopping_ads	season_off	
2447026677			Shopping_ads	season_off	
2447937760			Shopping_ads	season_off	
2447938015			Shopping_ads	season_off	
2447939213			Shopping_ads	season_off	
2447939610			Shopping_ads	season_off	
2447939923			Shopping_ads	season_off	
2447941246			Shopping_ads	season_off	
2447942391			Shopping_ads	season_off	
2447944611			Shopping_ads	season_off	
2447945585			Shopping_ads	season_off	
2447954022			Shopping_ads	season_off	
2447963407			Shopping_ads	season_off	
2447963663			Shopping_ads	season_off	
2447964756			Shopping_ads	season_off	
2447966235			Shopping_ads	season_off	
2447978304			Shopping_ads	season_off	
2447979154			Shopping_ads	season_off	
2447980096			Shopping_ads	season_off	
2447981038			Shopping_ads	season_off	
2447981647			Shopping_ads	season_off	
2447988230			Shopping_ads	season_off	
2447988764			Shopping_ads	season_off	
2447990844			Shopping_ads	season_off	
2448023194			Shopping_ads	season_off	
2448023402			Shopping_ads	season_off	
2448023721			Shopping_ads	season_off	
2448024572			Shopping_ads	season_off	
2448025692			Shopping_ads	season_off	
2448027765			Shopping_ads	season_off	
2448030114			Shopping_ads	season_off	
2448048050			Shopping_ads	season_off	
2448216224			Shopping_ads	season_off	
2448217136			Shopping_ads	season_off	
2448217546			Shopping_ads	season_off	
2448217777			Shopping_ads	season_off	
2448217897			Shopping_ads	season_off	
2448218746			Shopping_ads	season_off	
2448221558			Shopping_ads	season_off	
2448221774			Shopping_ads	season_off	
2448223384			Shopping_ads	season_off	
2448226841			Shopping_ads	season_off	
2448227530			Shopping_ads	season_off	
2448229545			Shopping_ads	season_off	
2448230274			Shopping_ads	season_off	
2448231435			Shopping_ads	season_off	
2448232147			Shopping_ads	season_off	
2448233507			Shopping_ads	season_off	
2448266279			Shopping_ads	season_off	
2448270091			Shopping_ads	season_off	
2448271692			Shopping_ads	season_off	
2448679561			Shopping_ads	season_off	
2448680737			Shopping_ads	season_off	
2448682863			Shopping_ads	season_off	
2448683432			Shopping_ads	season_off	
2448684482			Shopping_ads	season_off	
2448695372			Shopping_ads	season_off	
2448695908			Shopping_ads	season_off	
2448696271			Shopping_ads	season_off	
2448696609			Shopping_ads	season_off	
2448696931			Shopping_ads	season_off	
2448702746			Shopping_ads	season_off	
2448705283			Shopping_ads	season_off	
2448708924			Shopping_ads	season_off	
2448710565			Shopping_ads	season_off	
2448711154			Shopping_ads	season_off	
2448712446			Shopping_ads	season_off	
2448713193			Shopping_ads	season_off	
2448714403			Shopping_ads	season_off	
2448716786			Shopping_ads	season_off	
2448718817			Shopping_ads	season_off	
2448719564			Shopping_ads	season_off	
2448738560			Shopping_ads	season_off	
2448739825			Shopping_ads	season_off	
2448741061			Shopping_ads	season_off	
2448749008			Shopping_ads	season_off	
2448751667			Shopping_ads	season_off	
2449181785			Shopping_ads	season_off	
2449184353			Shopping_ads	season_off	
2449186270			Shopping_ads	season_off	
2449190943			Shopping_ads	season_off	
2449191959			Shopping_ads	season_off	
2449192906			Shopping_ads	season_off	
2449195124			Shopping_ads	season_off	
2449195749			Shopping_ads	season_off	
2449197983			Shopping_ads	season_off	
2449198088			Shopping_ads	season_off	
2449198138			Shopping_ads	season_off	
2449198210			Shopping_ads	season_off	
2449265931			Shopping_ads	season_off	
2449266032			Shopping_ads	season_off	
2449266678			Shopping_ads	season_off	
2449267549			Shopping_ads	season_off	
2449269938			Shopping_ads	season_off	
2449270874			Shopping_ads	season_off	
2450016894			Shopping_ads	season_off	
2450017682			Shopping_ads	season_off	
2450018571			Shopping_ads	season_off	
2450019288			Shopping_ads	season_off	
2450020695			Shopping_ads	season_off	
2450021631			Shopping_ads	season_off	
2450022912			Shopping_ads	season_off	
2450170677			Shopping_ads	season_off	
2450175036			Shopping_ads	season_off	
2450177267			Shopping_ads	season_off	
2450178843			Shopping_ads	season_off	
2450196275			Shopping_ads	season_off	
2450198660			Shopping_ads	season_off	
2450201035			Shopping_ads	season_off	
2450203349			Shopping_ads	season_off	
2450207334			Shopping_ads	season_off	
2450213201			Shopping_ads	season_off	
2450217020			Shopping_ads	season_off	
2450220771			Shopping_ads	season_off	prybutok
2450306612			Shopping_ads	season_off	prybutok
2450308379			Shopping_ads	season_off	prybutok
2450310221			Shopping_ads	season_off	prybutok
2450313082			Shopping_ads	season_off	
2450314564			Shopping_ads	season_off	
2450317351			Shopping_ads	season_off	
2450320667			Shopping_ads	season_off	
2450322904			Shopping_ads	season_off	prybutok
2450325501			Shopping_ads	season_off	
2450344591			Shopping_ads	season_off	
2450345952			Shopping_ads	season_off	
2450347796			Shopping_ads	season_off	
2450348401			Shopping_ads	season_off	
2450349283			Shopping_ads	season_off	prybutok
2450351255			Shopping_ads	season_off	
2450359708			Shopping_ads	season_off	
2450360854			Shopping_ads	season_off	
2450362098			Shopping_ads	season_off	
2450363257			Shopping_ads	season_off	
2450363691			Shopping_ads	season_off	
2450396769			Shopping_ads	season_off	
2450405051			Shopping_ads	season_off	
2450406379			Shopping_ads	season_off	
2450408434			Shopping_ads	season_off	
2450832619			Shopping_ads	season_off	
2450835088			Shopping_ads	season_off	
2450836138			Shopping_ads	season_off	
2450837686			Shopping_ads	season_off	
2450840716			Shopping_ads	season_off	
2450842439			Shopping_ads	season_off	
2450843669			Shopping_ads	season_off	
2450846523			Shopping_ads	season_off	
2450856209			Shopping_ads	season_off	
2450858315			Shopping_ads	season_off	
2450866490			Shopping_ads	season_off	
2450870117			Shopping_ads	season_off	
2450873113			Shopping_ads	season_off	
2450978671			Shopping_ads	ne_v_nayavnosti	
2450979793			Shopping_ads	season_off	
2450980691			Shopping_ads	season_off	
2450987248			Shopping_ads	season_off	
2450989921			Shopping_ads	season_off	
2450991762			Shopping_ads	season_off	
2450992245			Shopping_ads	season_off	
2451031136			Shopping_ads	season_off	
2451032705			Shopping_ads	season_off	
2451033012			Shopping_ads	season_off	
2451033921			Shopping_ads	season_off	prybutok
2451035498			Shopping_ads	season_off	
2451049823			Shopping_ads	season_off	
2451051648			Shopping_ads	season_off	
2451056497			Shopping_ads	season_off	
2451058816			Shopping_ads	season_off	
2451059124			Shopping_ads	season_off	
2451570235			Shopping_ads	season_off	
2451582845			Shopping_ads	season_off	
2451599833			Shopping_ads	season_off	
2451612471			Shopping_ads	season_off	
2451966664			Shopping_ads	season_off	
2451967211			Shopping_ads	season_off	
2451968175			Shopping_ads	season_off	
2451969644			Shopping_ads	season_off	
2451974972			Shopping_ads	season_off	
2451976435			Shopping_ads	season_off	
2451980504			Shopping_ads	season_off	
2451984614			Shopping_ads	season_off	
2451987171			Shopping_ads	season_off	
2451991505			Shopping_ads	ne_v_nayavnosti	
2451998258			Shopping_ads	season_off	
2452000811			Shopping_ads	season_off	
2452001742			Shopping_ads	season_off	
2452003823			Shopping_ads	season_off	
2452005570			Shopping_ads	season_off	
2452007122			Shopping_ads	season_off	
2452011777			Shopping_ads	season_off	
2452019134			Shopping_ads	season_off	
2452022566			Shopping_ads	season_off	
2452023801			Shopping_ads	season_off	
2452026475			Shopping_ads	season_off	
2452027741			Shopping_ads	season_off	
2452032016			Shopping_ads	season_off	
2452034932			Shopping_ads	season_off	
2452037309			Shopping_ads	season_off	
2452040190			Shopping_ads	season_off	
2452046119			Shopping_ads	ne_v_nayavnosti	
2452047478			Shopping_ads	season_off	prybutok
2452049548			Shopping_ads	season_off	
2452051706			Shopping_ads	season_off	
2452440864			Shopping_ads	season_off	
2452442425			Shopping_ads	season_off	
2452445398			Shopping_ads	season_off	
2452447357			Shopping_ads	season_off	
2452451630			Shopping_ads	season_off	
2452455114			Shopping_ads	season_off	prybutok
2452457577			Shopping_ads	season_off	
2452459824			Shopping_ads	season_off	prybutok
2452460847			Shopping_ads	season_off	prybutok
2452463407			Shopping_ads	season_off	prybutok
2452465947			Shopping_ads	season_off	prybutok
2452468132			Shopping_ads	season_off	prybutok
2452470495			Shopping_ads	season_off	prybutok
2452472874			Shopping_ads	season_off	
2452476153			Shopping_ads	season_off	prybutok
2452477572			Shopping_ads	season_off	prybutok
2452479913			Shopping_ads	season_off	
2452481934			Shopping_ads	season_off	
2452543753			Shopping_ads	season_off	
2452545788			Shopping_ads	season_off	
2452546981			Shopping_ads	season_off	
2452547995			Shopping_ads	season_off	
2452681435			Shopping_ads	season_off	
2452690522			Shopping_ads	season_off	
2452692204			Shopping_ads	season_off	
2452694750			Shopping_ads	season_off	
2452697073			Shopping_ads	season_off	
2452723208			Shopping_ads	season_off	
2452725051			Shopping_ads	season_off	
2452726119			Shopping_ads	ne_v_nayavnosti	
2452731763			Shopping_ads	season_off	
2452735526			Shopping_ads	season_off	
2452749436			Shopping_ads	season_off	
2452752755			Shopping_ads	season_off	
2452755380			Shopping_ads	season_off	
2452758565			Shopping_ads	season_off	
2452763862			Shopping_ads	season_off	
2452782922			Shopping_ads	season_off	
2452787945			Shopping_ads	season_off	
2452790598			Shopping_ads	season_off	
2452795720			Shopping_ads	season_off	
2452800434			Shopping_ads	season_off	
2452967063			Shopping_ads	season_off	
2452968221			Shopping_ads	season_off	
2452970674			Shopping_ads	season_off	
2452972497			Shopping_ads	season_off	
2452973723			Shopping_ads	season_off	
2452981616			Shopping_ads	season_off	
2452983309			Shopping_ads	season_off	
2453639284			Shopping_ads	season_off	
2453653867			Shopping_ads	ne_v_nayavnosti	
2453658248			Shopping_ads	season_off	
2453664186			Shopping_ads	season_off	
2453669418			Shopping_ads	season_off	
2453670121			Shopping_ads	season_off	
2453671566			Shopping_ads	season_off	
2453674053			Shopping_ads	season_off	
2453678475			Shopping_ads	season_off	
2453686297			Shopping_ads	season_off	
2453692026			Shopping_ads	season_off	
2453693885			Shopping_ads	season_off	
2453694703			Shopping_ads	season_off	
2453697748			Shopping_ads	season_off	
2453817392			Shopping_ads	season_off	
2453817909			Shopping_ads	season_off	
2453820778			Shopping_ads	season_off	
2453821242			Shopping_ads	season_off	
2453822688			Shopping_ads	season_off	
2453823887			Shopping_ads	season_off	
2453825179			Shopping_ads	season_off	
2453829177			Shopping_ads	season_off	
2453939662			Shopping_ads	season_off	
2453942656			Shopping_ads	season_off	
2453947953			Shopping_ads	season_off	
2453951025			Shopping_ads	season_off	
2453954982			Shopping_ads	season_off	
2453961766			Shopping_ads	season_off	
2453965694			Shopping_ads	season_off	
2453968326			Shopping_ads	season_off	
2453975558			Shopping_ads	season_off	
2453978470			Shopping_ads	season_off	
2453980991			Shopping_ads	season_off	
2453984131			Shopping_ads	season_off	
2453986595			Shopping_ads	season_off	
2453988020			Shopping_ads	season_off	
2454117545			Shopping_ads	season_off	
2454125238			Shopping_ads	season_off	
2454256824			Shopping_ads	season_off	
2454262121			Shopping_ads	season_off	
2454268521			Shopping_ads	season_off	
2454278561			Shopping_ads	season_off	
2454294377			Shopping_ads	ne_v_nayavnosti	
2454303754			Shopping_ads	season_off	
2454313332			Shopping_ads	season_off	
2454931675			Shopping_ads	season_off	
2454932154			Shopping_ads	season_off	
2454946233			Shopping_ads	ne_v_nayavnosti	
2454950244			Shopping_ads	season_off	
2454955544			Shopping_ads	season_off	
2454957457			Shopping_ads	season_off	
2455009339			Shopping_ads	season_off	
2455011908			Shopping_ads	season_off	
2455012922			Shopping_ads	season_off	
2455014379			Shopping_ads	season_off	
2455015642			Shopping_ads	season_off	
2455017350			Shopping_ads	season_off	
2455018079			Shopping_ads	season_off	
2455019021			Shopping_ads	season_off	
2455076591			Shopping_ads	season_off	
2455195545			Shopping_ads	season_off	
2455204941			Shopping_ads	season_off	
2455206575			Shopping_ads	season_off	
2455229646			Shopping_ads	season_off	
2455234017			Shopping_ads	season_off	
2455237260			Shopping_ads	season_off	
2455558494			Shopping_ads	season_off	
2455561543			Shopping_ads	season_off	
2455561670			Shopping_ads	season_off	
2455561750			Shopping_ads	ne_v_nayavnosti	
2455562432			Shopping_ads	ne_v_nayavnosti	
2455563184			Shopping_ads	ne_v_nayavnosti	
2455564665			Shopping_ads	season_off	
2455565050			Shopping_ads	season_off	
2455565797			Shopping_ads	season_off	
2455565906			Shopping_ads	season_off	
2455566255			Shopping_ads	season_off	
2455568921			Shopping_ads	ne_v_nayavnosti	
2455646522			Shopping_ads	season_off	
2455648154			Shopping_ads	season_off	
2455649780			Shopping_ads	season_off	
2455650915			Shopping_ads	season_off	
2455655357			Shopping_ads	ne_v_nayavnosti	
2455657536			Shopping_ads	ne_v_nayavnosti	
2455757136			Shopping_ads	season_off	
2455758270			Shopping_ads	season_off	
2455764848			Shopping_ads	season_off	
2455765444			Shopping_ads	season_off	
2455766583			Shopping_ads	season_off	
2455817980			Shopping_ads	season_off	
2455818669			Shopping_ads	season_off	
2455819543			Shopping_ads	season_off	
2455821578			Shopping_ads	season_off	
2455823252			Shopping_ads	season_off	
2455825274			Shopping_ads	ne_v_nayavnosti	
2455844669			Shopping_ads	ne_v_nayavnosti	
2455856320			Shopping_ads	season_off	
2455857518			Shopping_ads	season_off	
2455857742			Shopping_ads	season_off	
2456204119			Shopping_ads	season_off	
2456231442			Shopping_ads	season_off	
2456260989			Shopping_ads	season_off	
2456282441			Shopping_ads	season_off	
2456284932			Shopping_ads	season_off	
2456288433			Shopping_ads	season_off	
2456366082			Shopping_ads	season_off	
2456423930			Shopping_ads	ne_v_nayavnosti	
2456425803			Shopping_ads	ne_v_nayavnosti	
2456426700			Shopping_ads	season_off	
2456429884			Shopping_ads	ne_v_nayavnosti	
2456450339			Shopping_ads	ne_v_nayavnosti	
2458507425			Shopping_ads	ne_v_nayavnosti	
2458550253			Shopping_ads	season_off	
2458633704			Shopping_ads	season_off	
2458638256			Shopping_ads	season_off	
2458639598			Shopping_ads	season_off	
2458640974			Shopping_ads	season_off	
2458644345			Shopping_ads	season_off	
2458656950			Shopping_ads	ne_v_nayavnosti	
2458657520			Shopping_ads	ne_v_nayavnosti	
2458658179			Shopping_ads	season_off	
2458660974			Shopping_ads	season_off	
2458664972			Shopping_ads	season_off	
2458713100			Shopping_ads	season_off	
2458714076			Shopping_ads	season_off	
2458714833			Shopping_ads	season_off	
2458733510			Shopping_ads	season_off	
2458770066			Shopping_ads	season_off	
2458772528			Shopping_ads	ne_v_nayavnosti	
2458780536			Shopping_ads	season_off	
2458811450			Shopping_ads	season_off	
2458826044			Shopping_ads	season_off	
2458826702			Shopping_ads	season_off	
2458858079			Shopping_ads	season_off	
2458864673			Shopping_ads	ne_v_nayavnosti	
2458867133			Shopping_ads	ne_v_nayavnosti	
2458875044			Shopping_ads	season_off	
2458893977			Shopping_ads	season_off	
2458894875			Shopping_ads	season_off	
2458896020			Shopping_ads	season_off	
2458897351			Shopping_ads	season_off	
2458898833			Shopping_ads	season_off	
2458900279			Shopping_ads	season_off	
2459492370			Shopping_ads	ne_v_nayavnosti	
2459502460			Shopping_ads	ne_v_nayavnosti	
2459523857			Shopping_ads	season_off	
2459528223			Shopping_ads	season_off	
2459927675			Shopping_ads	ne_v_nayavnosti	
2459933722			Shopping_ads	season_off	
2459935279			Shopping_ads	season_off	
2459939239			Shopping_ads	season_off	
2459939919			Shopping_ads	season_off	
2459943314			Shopping_ads	season_off	
2459952469			Shopping_ads	season_off	
2459954550			Shopping_ads	season_off	
2459957893			Shopping_ads	season_off	
2459966465			Shopping_ads	season_off	
2459972427			Shopping_ads	season_off	
2459978986			Shopping_ads	season_off	
2459985212			Shopping_ads	season_off	
2459987347			Shopping_ads	season_off	
2459993516			Shopping_ads	season_off	
2459995935			Shopping_ads	season_off	
2459999800			Shopping_ads	season_off	
2460002104			Shopping_ads	season_off	
2460004554			Shopping_ads	season_off	
2460005405			Shopping_ads	season_off	
2460012075			Shopping_ads	season_off	
2460018723			Shopping_ads	season_off	
2460022242			Shopping_ads	season_off	
2460025566			Shopping_ads	season_off	
2460036270			Shopping_ads	season_off	
2460036748			Shopping_ads	season_off	
2460036851			Shopping_ads	season_off	
2460040711			Shopping_ads	season_off	
2460041989			Shopping_ads	season_off	
2460043035			Shopping_ads	season_off	
2460044402			Shopping_ads	season_off	
2460045058			Shopping_ads	season_off	
2460048860			Shopping_ads	season_off	
2460050236			Shopping_ads	season_off	
2460051289			Shopping_ads	season_off	
2460053483			Shopping_ads	season_off	
2460995437			Shopping_ads	season_off	
2460996592			Shopping_ads	season_off	
2460997533			Shopping_ads	season_off	
2461008611			Shopping_ads	season_off	
2461016869			Shopping_ads	season_off	
2461017315			Shopping_ads	season_off	
2461030339			Shopping_ads	season_off	
2461032429			Shopping_ads	season_off	
2461033102			Shopping_ads	season_off	
2461033448			Shopping_ads	season_off	
2461034690			Shopping_ads	season_off	
2461050496			Shopping_ads	season_off	
2461056825			Shopping_ads	season_off	
2461059116			Shopping_ads	season_off	
2461061934			Shopping_ads	season_off	
2461066790			Shopping_ads	season_off	
2461067578			Shopping_ads	season_off	
2461069322			Shopping_ads	ne_v_nayavnosti	
2461071379			Shopping_ads	season_off	
2461073236			Shopping_ads	season_off	
2461103004			Shopping_ads	season_off	
2461114240			Shopping_ads	season_off	
2461115633			Shopping_ads	season_off	
2461117200			Shopping_ads	season_off	
2461118482			Shopping_ads	season_off	
2461125454			Shopping_ads	season_off	
2461128864			Shopping_ads	season_off	
2461129658			Shopping_ads	season_off	
2461131843			Shopping_ads	season_off	
2461133813			Shopping_ads	season_off	
2461138139			Shopping_ads	season_off	
2461139997			Shopping_ads	season_off	
2461144342			Shopping_ads	season_off	
2461147449			Shopping_ads	season_off	
2461150527			Shopping_ads	season_off	
2461153596			Shopping_ads	season_off	
2461154736			Shopping_ads	season_off	
2461157874			Shopping_ads	season_off	
2461160701			Shopping_ads	season_off	
2461164068			Shopping_ads	season_off	
2461165848			Shopping_ads	season_off	
2461169402			Shopping_ads	season_off	
2461172922			Shopping_ads	season_off	
2461173422			Shopping_ads	season_off	
2461246614			Shopping_ads	season_off	
2461251011			Shopping_ads	season_off	
2461252530			Shopping_ads	season_off	
2461253424			Shopping_ads	season_off	
2461253839			Shopping_ads	season_off	
2461254491			Shopping_ads	season_off	
2461320601			Shopping_ads	season_off	
2461323535			Shopping_ads	season_off	
2461329468			Shopping_ads	season_off	
2461333084			Shopping_ads	season_off	
2461340012			Shopping_ads	season_off	
2461342280			Shopping_ads	season_off	
2461343892			Shopping_ads	season_off	
2461346950			Shopping_ads	season_off	
2461350440			Shopping_ads	season_off	
2461356540			Shopping_ads	season_off	
2461359888			Shopping_ads	season_off	
2461362411			Shopping_ads	season_off	
2461366803			Shopping_ads	season_off	
2461370274			Shopping_ads	season_off	
2461497075			Shopping_ads	season_off	
2461510043			Shopping_ads	season_off	
2461514998			Shopping_ads	season_off	
2461519320			Shopping_ads	season_off	
2461525072			Shopping_ads	season_off	
2461529745			Shopping_ads	season_off	
2461534279			Shopping_ads	season_off	
2461541922			Shopping_ads	season_off	
2461553964			Shopping_ads	season_off	
2461560448			Shopping_ads	season_off	
2462050460			Shopping_ads	season_off	
2462052251			Shopping_ads	season_off	
2462053488			Shopping_ads	season_off	
2462054436			Shopping_ads	season_off	
2462056092			Shopping_ads	season_off	
2462057637			Shopping_ads	season_off	
2462061225			Shopping_ads	season_off	
2462066121			Shopping_ads	season_off	
2462067876			Shopping_ads	season_off	
2462072590			Shopping_ads	season_off	
2462073671			Shopping_ads	season_off	
2462082727			Shopping_ads	season_off	
2462087577			Shopping_ads	season_off	
2462091256			Shopping_ads	season_off	
2462094337			Shopping_ads	season_off	
2462099755			Shopping_ads	season_off	
2462101914			Shopping_ads	season_off	
2462116739			Shopping_ads	season_off	
2462119105			Shopping_ads	season_off	
2462167335			Shopping_ads	season_off	
2462180102			Shopping_ads	season_off	
2462180301			Shopping_ads	season_off	
2462192296			Shopping_ads	season_off	
2462195900			Shopping_ads	season_off	
2462196740			Shopping_ads	season_off	
2462200421			Shopping_ads	season_off	
2462200680			Shopping_ads	season_off	
2462201776			Shopping_ads	season_off	
2462364909			Shopping_ads	ne_v_nayavnosti	
2462366513			Shopping_ads	ne_v_nayavnosti	
2462368079			Shopping_ads	ne_v_nayavnosti	
2462368360			Shopping_ads	season_off	
2462369403			Shopping_ads	ne_v_nayavnosti	
2462371014			Shopping_ads	season_off	
2462773684			Shopping_ads	season_off	
2462776435			Shopping_ads	season_off	
2462777986			Shopping_ads	season_off	
2462780003			Shopping_ads	season_off	
2462785311			Shopping_ads	season_off	
2462799091			Shopping_ads	season_off	
2462803663			Shopping_ads	season_off	
2462805759			Shopping_ads	season_off	
2462808445			Shopping_ads	season_off	
2462829867			Shopping_ads	season_off	
2462834594			Shopping_ads	season_off	
2462835946			Shopping_ads	season_off	
2462837232			Shopping_ads	season_off	
2462843905			Shopping_ads	season_off	
2462847117			Shopping_ads	season_off	
2462847351			Shopping_ads	season_off	
2462887363			Shopping_ads	season_off	
2462887650			Shopping_ads	season_off	
2462888112			Shopping_ads	season_off	
2462892742			Shopping_ads	season_off	
2462893636			Shopping_ads	season_off	
2462894197			Shopping_ads	season_off	
2462894998			Shopping_ads	season_off	
2462909830			Shopping_ads	season_off	
2462912375			Shopping_ads	season_off	
2462913635			Shopping_ads	season_off	
2462914568			Shopping_ads	ne_v_nayavnosti	
2462915496			Shopping_ads	season_off	
2462917945			Shopping_ads	season_off	
2462921900			Shopping_ads	season_off	
2462923499			Shopping_ads	season_off	
2462926395			Shopping_ads	season_off	
2463026681			Shopping_ads	season_off	
2463030637			Shopping_ads	season_off	
2463032761			Shopping_ads	season_off	
2463035416			Shopping_ads	season_off	
2463037325			Shopping_ads	season_off	
2463040969			Shopping_ads	season_off	
2463046645			Shopping_ads	season_off	
2463050234			Shopping_ads	season_off	
2463051411			Shopping_ads	season_off	
2463054117			Shopping_ads	season_off	
2463055236			Shopping_ads	season_off	
2463110922			Shopping_ads	season_off	
2463114868			Shopping_ads	season_off	
2463120271			Shopping_ads	season_off	
2463122906			Shopping_ads	season_off	
2463124958			Shopping_ads	season_off	
2463127098			Shopping_ads	season_off	
2463130902			Shopping_ads	season_off	
2463133274			Shopping_ads	season_off	
2463135297			Shopping_ads	season_off	
2463138985			Shopping_ads	season_off	
2463142098			Shopping_ads	season_off	
2463152822			Shopping_ads	season_off	
2463157134			Shopping_ads	season_off	
2463166379			Shopping_ads	season_off	
2463168662			Shopping_ads	season_off	
2463173109			Shopping_ads	season_off	
2463178946			Shopping_ads	season_off	
2463196326			Shopping_ads	season_off	
2463197697			Shopping_ads	season_off	
2463202345			Shopping_ads	season_off	
2463206172			Shopping_ads	season_off	
2463213571			Shopping_ads	season_off	
2463214573			Shopping_ads	season_off	
2463216762			Shopping_ads	season_off	
2463218126			Shopping_ads	season_off	
2463218525			Shopping_ads	season_off	
2463220217			Shopping_ads	season_off	
2463220834			Shopping_ads	season_off	
2463223538			Shopping_ads	season_off	
2463224608			Shopping_ads	season_off	
2463225118			Shopping_ads	season_off	
2463226682			Shopping_ads	season_off	
2463227946			Shopping_ads	season_off	
2463228384			Shopping_ads	season_off	
2463228606			Shopping_ads	season_off	
2463228774			Shopping_ads	season_off	
2463229531			Shopping_ads	season_off	
2463231270			Shopping_ads	season_off	
2463232283			Shopping_ads	season_off	
2463233277			Shopping_ads	season_off	
2463233582			Shopping_ads	season_off	
2463234591			Shopping_ads	season_off	
2463236241			Shopping_ads	season_off	
2463236935			Shopping_ads	season_off	
2463238288			Shopping_ads	season_off	
2463241587			Shopping_ads	season_off	
2463592730			Shopping_ads	season_off	
2463594613			Shopping_ads	season_off	
2463596224			Shopping_ads	season_off	
2463596666			Shopping_ads	season_off	
2463597811			Shopping_ads	season_off	
2463599382			Shopping_ads	season_off	
2463601119			Shopping_ads	season_off	
2463603455			Shopping_ads	season_off	
2463607672			Shopping_ads	season_off	
2463610228			Shopping_ads	season_off	
2463611800			Shopping_ads	season_off	
2463612206			Shopping_ads	season_off	
2463612696			Shopping_ads	season_off	
2463613884			Shopping_ads	season_off	
2463614470			Shopping_ads	season_off	
2463614898			Shopping_ads	season_off	
2463615525			Shopping_ads	season_off	
2463630351			Shopping_ads	season_off	
2463632685			Shopping_ads	season_off	
2463633892			Shopping_ads	season_off	
2463636715			Shopping_ads	season_off	
2463646212			Shopping_ads	season_off	
2463646878			Shopping_ads	season_off	
2463649914			Shopping_ads	season_off	
2463650724			Shopping_ads	season_off	
2463652845			Shopping_ads	season_off	
2463653505			Shopping_ads	season_off	
2463655389			Shopping_ads	season_off	
2463656413			Shopping_ads	season_off	
2464750653			Shopping_ads	season_off	
2464757136			Shopping_ads	season_off	
2464762472			Shopping_ads	season_off	prybutok
2464764713			Shopping_ads	season_off	
2464765832			Shopping_ads	season_off	
2464769616			Shopping_ads	season_off	
2464770774			Shopping_ads	season_off	prybutok
2464771266			Shopping_ads	season_off	
2464772167			Shopping_ads	season_off	
2464777763			Shopping_ads	season_off	
2464782968			Shopping_ads	season_off	
2464795046			Shopping_ads	season_off	
2464795414			Shopping_ads	season_off	
2464795563			Shopping_ads	season_off	
2464806171			Shopping_ads	season_off	
2464806372			Shopping_ads	season_off	
2464808184			Shopping_ads	season_off	
2464808309			Shopping_ads	season_off	
2464808519			Shopping_ads	season_off	
2464809535			Shopping_ads	season_off	
2464809795			Shopping_ads	season_off	
2464810092			Shopping_ads	season_off	
2464810489			Shopping_ads	season_off	
2464812041			Shopping_ads	season_off	
2464814737			Shopping_ads	season_off	
2464821737			Shopping_ads	season_off	
2464836380			Shopping_ads	season_off	
2464848482			Shopping_ads	season_off	
2464861827			Shopping_ads	ne_v_nayavnosti	
2464867741			Shopping_ads	ne_v_nayavnosti	
2464870757			Shopping_ads	season_off	
2464871496			Shopping_ads	ne_v_nayavnosti	
2464875070			Shopping_ads	season_off	
2465040622			Shopping_ads	season_off	
2465045605			Shopping_ads	season_off	
2465048344			Shopping_ads	season_off	
2465050767			Shopping_ads	season_off	
2465051848			Shopping_ads	season_off	
2465057725			Shopping_ads	season_off	
2465061907			Shopping_ads	season_off	
2465063068			Shopping_ads	season_off	
2465065443			Shopping_ads	season_off	
2465067134			Shopping_ads	season_off	
2465072348			Shopping_ads	season_off	
2465074187			Shopping_ads	season_off	
2465076305			Shopping_ads	season_off	
2465078741			Shopping_ads	season_off	
2465082491			Shopping_ads	season_off	
2465086314			Shopping_ads	season_off	
2465088428			Shopping_ads	season_off	
2465092086			Shopping_ads	season_off	
2465141841			Shopping_ads	season_off	
2465144156			Shopping_ads	season_off	
2465148686			Shopping_ads	season_off	
2465153093			Shopping_ads	season_off	
2465153706			Shopping_ads	season_off	
2465156336			Shopping_ads	season_off	
2465158086			Shopping_ads	season_off	
2465160252			Shopping_ads	season_off	
2465171076			Shopping_ads	season_off	
2465172848			Shopping_ads	season_off	
2465173978			Shopping_ads	season_off	
2465177638			Shopping_ads	season_off	
2465181358			Shopping_ads	season_off	
2465186525			Shopping_ads	season_off	
2465190246			Shopping_ads	season_off	
2465194644			Shopping_ads	season_off	
2465200262			Shopping_ads	season_off	
2465202053			Shopping_ads	season_off	
2465204985			Shopping_ads	season_off	
2465208339			Shopping_ads	season_off	
2465209960			Shopping_ads	season_off	
2465213202			Shopping_ads	season_off	
2465214215			Shopping_ads	season_off	
2465215260			Shopping_ads	season_off	
2465577696			Shopping_ads	season_off	
2465578614			Shopping_ads	season_off	
2465578944			Shopping_ads	season_off	
2465579268			Shopping_ads	season_off	
2465580278			Shopping_ads	season_off	
2465581661			Shopping_ads	season_off	
2465584391			Shopping_ads	season_off	
2465585292			Shopping_ads	season_off	
2465587115			Shopping_ads	season_off	
2465589144			Shopping_ads	season_off	
2465590308			Shopping_ads	season_off	
2465592126			Shopping_ads	season_off	
2465593129			Shopping_ads	season_off	
2465595092			Shopping_ads	season_off	
2465595732			Shopping_ads	season_off	
2465599044			Shopping_ads	season_off	
2465600266			Shopping_ads	season_off	
2465604146			Shopping_ads	season_off	
2465649475			Shopping_ads	season_off	
2465650649			Shopping_ads	season_off	
2465651753			Shopping_ads	season_off	
2465656785			Shopping_ads	season_off	
2465658617			Shopping_ads	season_off	
2465663991			Shopping_ads	season_off	
2465664843			Shopping_ads	season_off	
2465669325			Shopping_ads	season_off	
2465671465			Shopping_ads	season_off	
2465674116			Shopping_ads	season_off	
2465676368			Shopping_ads	season_off	
2465679874			Shopping_ads	season_off	
2465681878			Shopping_ads	season_off	
2465683227			Shopping_ads	season_off	
2465693532			Shopping_ads	season_off	
2465701990			Shopping_ads	season_off	
2465738941			Shopping_ads	season_off	
2465742421			Shopping_ads	season_off	
2465744685			Shopping_ads	season_off	
2465745586			Shopping_ads	season_off	
2465746604			Shopping_ads	season_off	
2465747997			Shopping_ads	season_off	
2465750588			Shopping_ads	season_off	
2465752242			Shopping_ads	season_off	
2465763097			Shopping_ads	season_off	
2465766788			Shopping_ads	season_off	
2465770051			Shopping_ads	season_off	
2465771902			Shopping_ads	season_off	
2465774689			Shopping_ads	season_off	
2466015857			Shopping_ads	season_off	
2466017476			Shopping_ads	season_off	
2466020295			Shopping_ads	season_off	
2466022985			Shopping_ads	season_off	
2466025334			Shopping_ads	season_off	
2466027219			Shopping_ads	season_off	
2466028977			Shopping_ads	season_off	
2466032473			Shopping_ads	season_off	
2466033927			Shopping_ads	season_off	
2466036879			Shopping_ads	season_off	
2466118708			Shopping_ads	season_off	
2466181428			Shopping_ads	season_off	
2466190842			Shopping_ads	season_off	
2466192065			Shopping_ads	season_off	
2466197201			Shopping_ads	season_off	
2466197858			Shopping_ads	season_off	
2466199884			Shopping_ads	season_off	
2466201245			Shopping_ads	season_off	
2466202254			Shopping_ads	season_off	
2466668257			Shopping_ads	season_off	
2466668819			Shopping_ads	season_off	
2466670778			Shopping_ads	season_off	
2466673606			Shopping_ads	season_off	
2466675294			Shopping_ads	season_off	
2466678305			Shopping_ads	season_off	
2466678652			Shopping_ads	season_off	
2466681167			Shopping_ads	season_off	
2466682366			Shopping_ads	season_off	
2466685262			Shopping_ads	season_off	
2466686264			Shopping_ads	season_off	
2466688378			Shopping_ads	season_off	
2466697844			Shopping_ads	season_off	
2466698472			Shopping_ads	season_off	
2466701454			Shopping_ads	season_off	
2466702360			Shopping_ads	season_off	
2466707688			Shopping_ads	season_off	
2466709552			Shopping_ads	season_off	
2466711507			Shopping_ads	season_off	
2466712163			Shopping_ads	season_off	
2466720221			Shopping_ads	season_off	
2466790402			Shopping_ads	season_off	
2466791787			Shopping_ads	season_off	
2466793070			Shopping_ads	season_off	
2466794118			Shopping_ads	season_off	
2466795496			Shopping_ads	season_off	
2466796218			Shopping_ads	season_off	
2466798991			Shopping_ads	season_off	
2466801528			Shopping_ads	season_off	
2466803056			Shopping_ads	season_off	
2467061425			Shopping_ads	season_off	
2467062684			Shopping_ads	season_off	
2467063315			Shopping_ads	season_off	
2467068403			Shopping_ads	season_off	
2467068962			Shopping_ads	season_off	
2467570868			Shopping_ads	season_off	
2467572757			Shopping_ads	season_off	
2467574163			Shopping_ads	season_off	
2467577018			Shopping_ads	season_off	
2467585673			Shopping_ads	season_off	
2467586478			Shopping_ads	season_off	
2467588394			Shopping_ads	season_off	
2467591893			Shopping_ads	season_off	
2467593857			Shopping_ads	season_off	
2467594904			Shopping_ads	season_off	
2467603598			Shopping_ads	season_off	
2467689634			Shopping_ads	season_off	
2467690252			Shopping_ads	season_off	
2467690859			Shopping_ads	season_off	
2467690989			Shopping_ads	season_off	
2467695992			Shopping_ads	season_off	
2467708930			Shopping_ads	season_off	
2467710334			Shopping_ads	season_off	
2467711162			Shopping_ads	season_off	
2467711799			Shopping_ads	season_off	
2467712369			Shopping_ads	season_off	
2467712578			Shopping_ads	season_off	
2467713002			Shopping_ads	season_off	
2467713934			Shopping_ads	season_off	
2467714422			Shopping_ads	season_off	
2467716167			Shopping_ads	ne_v_nayavnosti	
2467716391			Shopping_ads	season_off	
2467718552			Shopping_ads	season_off	
2467719784			Shopping_ads	season_off	
2467720602			Shopping_ads	ne_v_nayavnosti	
2467721911			Shopping_ads	season_off	
2467722436			Shopping_ads	season_off	
2467971322			Shopping_ads	season_off	
2467973130			Shopping_ads	season_off	
2467974689			Shopping_ads	season_off	
2467976226			Shopping_ads	season_off	
2467979822			Shopping_ads	season_off	
2467982263			Shopping_ads	season_off	
2467984459			Shopping_ads	season_off	
2467991441			Shopping_ads	season_off	
2468003678			Shopping_ads	season_off	
2468009009			Shopping_ads	season_off	
2468011075			Shopping_ads	season_off	
2468012189			Shopping_ads	season_off	
2468013727			Shopping_ads	season_off	
2468015183			Shopping_ads	season_off	
2468015973			Shopping_ads	season_off	
2468188965			Shopping_ads	season_off	
2468190695			Shopping_ads	season_off	
2468201023			Shopping_ads	season_off	
2468203001			Shopping_ads	season_off	
2468207863			Shopping_ads	season_off	
2468211597			Shopping_ads	season_off	
2468218914			Shopping_ads	season_off	
2468220811			Shopping_ads	season_off	
2468231093			Shopping_ads	season_off	
2468235434			Shopping_ads	season_off	
2468246259			Shopping_ads	season_off	
2468250571			Shopping_ads	season_off	
2468252832			Shopping_ads	season_off	
2468258801			Shopping_ads	season_off	
2468260272			Shopping_ads	season_off	
2468260994			Shopping_ads	season_off	
2468303592			Shopping_ads	season_off	prybutok
2468305343			Shopping_ads	season_off	prybutok
2468310755			Shopping_ads	season_off	
2468314544			Shopping_ads	season_off	
2468318946			Shopping_ads	season_off	
2468323595			Shopping_ads	season_off	
2468328260			Shopping_ads	season_off	
2468331078			Shopping_ads	season_off	
2468334860			Shopping_ads	season_off	
2468413203			Shopping_ads	season_off	
2468415111			Shopping_ads	season_off	
2468423153			Shopping_ads	ne_v_nayavnosti	
2468429436			Shopping_ads	season_off	
2468429868			Shopping_ads	season_off	
2468430753			Shopping_ads	ne_v_nayavnosti	
2468449575			Shopping_ads	season_off	
2468464793			Shopping_ads	season_off	
2468466493			Shopping_ads	season_off	
2468468033			Shopping_ads	season_off	
2468493245			Shopping_ads	ne_v_nayavnosti	
2468495938			Shopping_ads	season_off	
2468498680			Shopping_ads	season_off	
2468504034			Shopping_ads	season_off	
2468890874			Shopping_ads	season_off	
2468893865			Shopping_ads	season_off	
2468906004			Shopping_ads	season_off	
2468929237			Shopping_ads	season_off	
2468930508			Shopping_ads	season_off	
2468963770			Shopping_ads	ne_v_nayavnosti	
2468973034			Shopping_ads	ne_v_nayavnosti	
2468977673			Shopping_ads	season_off	
2468983636			Shopping_ads	season_off	
2469000342			Shopping_ads	season_off	
2469250335			Shopping_ads	ne_v_nayavnosti	
2469422950			Shopping_ads	season_off	
2469425857			Shopping_ads	season_off	
2469427652			Shopping_ads	season_off	
2469436835			Shopping_ads	ne_v_nayavnosti	
2469891177			Shopping_ads	season_off	
2469897613			Shopping_ads	season_off	
2469907000			Shopping_ads	season_off	
2469937309			Shopping_ads	season_off	
2469941420			Shopping_ads	season_off	
2469943427			Shopping_ads	season_off	
2469947916			Shopping_ads	season_off	
2469949126			Shopping_ads	ne_v_nayavnosti	
2469951216			Shopping_ads	season_off	
2469956845			Shopping_ads	season_off	
2469959334			Shopping_ads	season_off	
2469961717			Shopping_ads	season_off	
2469966141			Shopping_ads	season_off	
2469969042			Shopping_ads	season_off	
2469982652			Shopping_ads	season_off	
2469995484			Shopping_ads	season_off	
2470008285			Shopping_ads	season_off	
2470013311			Shopping_ads	season_off	
2470062303			Shopping_ads	season_off	
2470190779			Shopping_ads	season_off	
2470199193			Shopping_ads	ne_v_nayavnosti	
2470340902			Shopping_ads	season_off	
2470382024			Shopping_ads	ne_v_nayavnosti	
2470477008			Shopping_ads	season_off	
2470478739			Shopping_ads	season_off	
2470482541			Shopping_ads	ne_v_nayavnosti	
2470485185			Shopping_ads	season_off	
2470500666			Shopping_ads	season_off	
2470511008			Shopping_ads	season_off	
2470514143			Shopping_ads	season_off	
2470527449			Shopping_ads	season_off	
2470576268			Shopping_ads	season_off	
2470612970			Shopping_ads	season_off	
2470618642			Shopping_ads	season_off	
2470621435			Shopping_ads	season_off	
2471252528			Shopping_ads	season_off	
2471255334			Shopping_ads	season_off	
2471256516			Shopping_ads	ne_v_nayavnosti	
2471259176			Shopping_ads	ne_v_nayavnosti	
2471260680			Shopping_ads	ne_v_nayavnosti	
2471262654			Shopping_ads	season_off	
2471266771			Shopping_ads	ne_v_nayavnosti	
2471267908			Shopping_ads	ne_v_nayavnosti	
2471270354			Shopping_ads	season_off	
2471271803			Shopping_ads	season_off	
2471272997			Shopping_ads	season_off	
2471277875			Shopping_ads	season_off	
2471280845			Shopping_ads	season_off	
2471284853			Shopping_ads	season_off	
2471287112			Shopping_ads	season_off	
2471318510			Shopping_ads	season_off	
2471320344			Shopping_ads	season_off	
2471322214			Shopping_ads	season_off	
2471328535			Shopping_ads	ne_v_nayavnosti	
2471331216			Shopping_ads	season_off	
2471331898			Shopping_ads	season_off	
2471333085			Shopping_ads	season_off	
2471335093			Shopping_ads	season_off	
2471335376			Shopping_ads	season_off	
2471336412			Shopping_ads	season_off	
2471359700			Shopping_ads	season_off	
2471361365			Shopping_ads	season_off	
2471363423			Shopping_ads	season_off	
2471365028			Shopping_ads	season_off	
2471372988			Shopping_ads	season_off	
2471412241			Shopping_ads	season_off	
2471415693			Shopping_ads	season_off	
2471418584			Shopping_ads	ne_v_nayavnosti	
2471455423			Shopping_ads	ne_v_nayavnosti	
2471475033			Shopping_ads	ne_v_nayavnosti	
2471477028			Shopping_ads	season_off	
2471478637			Shopping_ads	season_off	
2471481298			Shopping_ads	season_off	
2471488005			Shopping_ads	season_off	
2471492594			Shopping_ads	season_off	
2471495497			Shopping_ads	season_off	
2471500498			Shopping_ads	season_off	
2471503730			Shopping_ads	season_off	prybutok
2471508732			Shopping_ads	season_off	
2471520390			Shopping_ads	season_off	
2471528460			Shopping_ads	season_off	prybutok
2471530538			Shopping_ads	season_off	prybutok
2471539372			Shopping_ads	season_off	prybutok
2471542294			Shopping_ads	season_off	prybutok
2471543285			Shopping_ads	season_off	
2471544198			Shopping_ads	season_off	
2471548628			Shopping_ads	season_off	
2472471164			Shopping_ads	ne_v_nayavnosti	
2472638502			Shopping_ads	ne_v_nayavnosti	
2473168710			Shopping_ads	season_off	
2473171573			Shopping_ads	season_off	
2473178087			Shopping_ads	season_off	
2473897187					prybutok
2474498359			Shopping_ads	ne_v_nayavnosti	
2474544334					prybutok
2474545702			Shopping_ads	ne_v_nayavnosti	prybutok
2474634655					prybutok
2474685873			Shopping_ads	ne_v_nayavnosti	
2474727845					prybutok
2474729608					prybutok
2474736047			Shopping_ads	ne_v_nayavnosti	
2474793890					prybutok
2475097456					prybutok
2475100464					prybutok
2475104261					prybutok
2475108458					prybutok
2476027062			Shopping_ads	ne_v_nayavnosti	
2477230505			Shopping_ads	ne_v_nayavnosti	
2477263942					prybutok
2479280136					prybutok
2479289034					prybutok
2479331167					prybutok
2480279881			Shopping_ads	ne_v_nayavnosti	
2480407035			Shopping_ads	ne_v_nayavnosti	
2481328898					prybutok
2481865028					prybutok
2481886029			Shopping_ads	ne_v_nayavnosti	
2483258963			Shopping_ads	season_off	
2483678052			Shopping_ads	ne_v_nayavnosti	
2483684196				ne_v_nayavnosti	stop
2484497550					prybutok
2484995418			Shopping_ads	ne_v_nayavnosti	
2485948252					prybutok
2485981527			Shopping_ads	ne_v_nayavnosti	
2488394287			Shopping_ads	season_off	
2489143773			Shopping_ads	season_off	
2489156733			Shopping_ads	season_off	
2489158251			Shopping_ads	season_off	
2489163463			Shopping_ads	season_off	
2489195705			Shopping_ads	season_off	
2489203255			Shopping_ads	season_off	
2489208795			Shopping_ads	season_off	
2489213731			Shopping_ads	season_off	
2489273373			Shopping_ads	season_off	
2489275011			Shopping_ads	season_off	
2489284758			Shopping_ads	season_off	
2489289889			Shopping_ads	season_off	
2489292763			Shopping_ads	season_off	
2489300774			Shopping_ads	season_off	
2489303421			Shopping_ads	season_off	
2489307738			Shopping_ads	season_off	
2489309492			Shopping_ads	season_off	
2489313775			Shopping_ads	season_off	
2489316817			Shopping_ads	season_off	
2489501470			Shopping_ads	season_off	
2489505050			Shopping_ads	season_off	
2489512755			Shopping_ads	season_off	
2489520766			Shopping_ads	season_off	
2489521940			Shopping_ads	season_off	
2489522952			Shopping_ads	season_off	
2489527294			Shopping_ads	season_off	
2489528537			Shopping_ads	season_off	
2489529991			Shopping_ads	season_off	
2489541254			Shopping_ads	season_off	
2489542353			Shopping_ads	season_off	
2489543117			Shopping_ads	season_off	
2489545408			Shopping_ads	season_off	
2489545889			Shopping_ads	season_off	
2489546663			Shopping_ads	season_off	
2490072029			Shopping_ads	season_off	
2490073576			Shopping_ads	season_off	
2490074761			Shopping_ads	season_off	
2490146295			Shopping_ads	season_off	
2490147886			Shopping_ads	season_off	
2490150688			Shopping_ads	season_off	
2490154866			Shopping_ads	season_off	
2490157305			Shopping_ads	season_off	
2490160089			Shopping_ads	season_off	
2490580842			Shopping_ads	season_off	
2490581373			Shopping_ads	season_off	
2490583961			Shopping_ads	season_off	
2490586507			Shopping_ads	season_off	
2490590227			Shopping_ads	season_off	
2490597705			Shopping_ads	season_off	
2490600362			Shopping_ads	season_off	
2490603024			Shopping_ads	season_off	
2490606633			Shopping_ads	season_off	
2490987461			Shopping_ads	season_off	
2490990807			Shopping_ads	season_off	
2490993373			Shopping_ads	season_off	
2490994504			Shopping_ads	season_off	
2490998586			Shopping_ads	season_off	
2491001410			Shopping_ads	season_off	
2491004814			Shopping_ads	season_off	
2491005741			Shopping_ads	season_off	
2491009313			Shopping_ads	season_off	
2491010856			Shopping_ads	season_off	
2491013095			Shopping_ads	season_off	
2491017569			Shopping_ads	season_off	
2491044400			Shopping_ads	season_off	
2491048854			Shopping_ads	season_off	
2491051777			Shopping_ads	season_off	
2491053561			Shopping_ads	season_off	
2491054736			Shopping_ads	season_off	
2491055312			Shopping_ads	season_off	
2491056563			Shopping_ads	ne_v_nayavnosti	
2491096352			Shopping_ads	season_off	
2491097687			Shopping_ads	season_off	
2491103862			Shopping_ads	season_off	
2491104455			Shopping_ads	season_off	
2491104666			Shopping_ads	season_off	
2491154625			Shopping_ads	season_off	
2491158255			Shopping_ads	season_off	
2491161359			Shopping_ads	season_off	
2491191480			Shopping_ads	season_off	
2491221163			Shopping_ads	season_off	
2491224991			Shopping_ads	season_off	
2491229465			Shopping_ads	season_off	
2491231343			Shopping_ads	season_off	
2491235391			Shopping_ads	season_off	
2491275712			Shopping_ads	season_off	
2491306791			Shopping_ads	season_off	
2491308161			Shopping_ads	season_off	
2491415537			Shopping_ads	season_off	
2491418109			Shopping_ads	season_off	
2491422611			Shopping_ads	season_off	
2491439537			Shopping_ads	season_off	
2491442010			Shopping_ads	season_off	
2491443050			Shopping_ads	season_off	
2491444109			Shopping_ads	season_off	
2491446288			Shopping_ads	season_off	
2491447302			Shopping_ads	season_off	
2491449558			Shopping_ads	season_off	
2491451047			Shopping_ads	season_off	
2491457187			Shopping_ads	season_off	
2491459036			Shopping_ads	season_off	
2491465519			Shopping_ads	season_off	
2491469105			Shopping_ads	season_off	
2491470744			Shopping_ads	season_off	
2491508072			Shopping_ads	season_off	
2491510673			Shopping_ads	season_off	
2491514148			Shopping_ads	season_off	
2491530145			Shopping_ads	season_off	
2491552823			Shopping_ads	season_off	
2491555276			Shopping_ads	season_off	
2491556181			Shopping_ads	season_off	
2492399041			Shopping_ads	ne_v_nayavnosti	
2492419929			Shopping_ads	ne_v_nayavnosti	
2492907944			Shopping_ads	season_off	
2492912014			Shopping_ads	season_off	
2492914301			Shopping_ads	season_off	
2492915849			Shopping_ads	season_off	
2492916860			Shopping_ads	season_off	
2492921528			Shopping_ads	season_off	
2492923882			Shopping_ads	season_off	
2493540051			Shopping_ads	season_off	
2493541623			Shopping_ads	season_off	
2493548116			Shopping_ads	season_off	
2493552322			Shopping_ads	season_off	
2493565316			Shopping_ads	season_off	
2493569844			Shopping_ads	season_off	
2493573485			Shopping_ads	season_off	
2493577588			Shopping_ads	season_off	
2493580977			Shopping_ads	season_off	
2493590564			Shopping_ads	season_off	
2493592634			Shopping_ads	season_off	
2493595480			Shopping_ads	season_off	
2493598153			Shopping_ads	season_off	
2493606229			Shopping_ads	season_off	
2493607517			Shopping_ads	season_off	
2493614836			Shopping_ads	season_off	
2493616768			Shopping_ads	season_off	
2493619011			Shopping_ads	season_off	
2493627637			Shopping_ads	season_off	
2493631238			Shopping_ads	season_off	
2493636614			Shopping_ads	season_off	
2493638316			Shopping_ads	season_off	
2493699165			Shopping_ads	season_off	
2493712049			Shopping_ads	season_off	
2493718722			Shopping_ads	season_off	
2493720792			Shopping_ads	season_off	
2493722064			Shopping_ads	season_off	
2493722804			Shopping_ads	season_off	
2493748948			Shopping_ads	ne_v_nayavnosti	
2493751846			Shopping_ads	season_off	
2493752456			Shopping_ads	season_off	
2493752718			Shopping_ads	season_off	
2493753379			Shopping_ads	season_off	
2495211373			Shopping_ads	season_off	
2495213191			Shopping_ads	season_off	
2495214030			Shopping_ads	season_off	
2495216765			Shopping_ads	season_off	
2495226740			Shopping_ads	season_off	
2495230808			Shopping_ads	season_off	
2495254429			Shopping_ads	season_off	
2495256851			Shopping_ads	season_off	
2495258433			Shopping_ads	season_off	
2495260417			Shopping_ads	season_off	
2495261282			Shopping_ads	season_off	
2495262638			Shopping_ads	season_off	
2496177576			Shopping_ads	season_off	
2496180924			Shopping_ads	season_off	
2496182367			Shopping_ads	season_off	
2496188680			Shopping_ads	season_off	
2496190983			Shopping_ads	season_off	
2496194426			Shopping_ads	season_off	
2496195990			Shopping_ads	season_off	
2496196510			Shopping_ads	season_off	
2496205959			Shopping_ads	season_off	
2496207242			Shopping_ads	season_off	
2496207893			Shopping_ads	season_off	
2496210696			Shopping_ads	season_off	
2496212254			Shopping_ads	season_off	
2496214051			Shopping_ads	season_off	
2496217580			Shopping_ads	season_off	
2496220125			Shopping_ads	season_off	
2496222553			Shopping_ads	season_off	
2496222907			Shopping_ads	season_off	
2496235980			Shopping_ads	season_off	
2496237754			Shopping_ads	season_off	
2496273801			Shopping_ads	season_off	
2496274527			Shopping_ads	season_off	
2496280649			Shopping_ads	season_off	
2496282066			Shopping_ads	season_off	
2496284334			Shopping_ads	season_off	
2496286550			Shopping_ads	season_off	
2496287627			Shopping_ads	season_off	
2496288981			Shopping_ads	season_off	
2496436790			Shopping_ads	season_off	
2496439393			Shopping_ads	season_off	
2496440569			Shopping_ads	season_off	
2496444944			Shopping_ads	season_off	
2496446657			Shopping_ads	season_off	
2496448180			Shopping_ads	season_off	
2496449570			Shopping_ads	season_off	
2496450815			Shopping_ads	season_off	
2497065601			Shopping_ads	season_off	
2497068887			Shopping_ads	season_off	
2497072297			Shopping_ads	season_off	
2497079144			Shopping_ads	season_off	
2497081457			Shopping_ads	season_off	
2497091349			Shopping_ads	season_off	
2497095305			Shopping_ads	season_off	
2497099035			Shopping_ads	season_off	
2497152379			Shopping_ads	season_off	
2497378462			Shopping_ads	season_off	
2497391058			Shopping_ads	season_off	
2497392414			Shopping_ads	season_off	
2497395551			Shopping_ads	season_off	
2497516513			Shopping_ads	season_off	
2497517657			Shopping_ads	season_off	
2497518462			Shopping_ads	ne_v_nayavnosti	
2497519503			Shopping_ads	season_off	
2497520164			Shopping_ads	season_off	
2497524481			Shopping_ads	ne_v_nayavnosti	
2497526922			Shopping_ads	season_off	
2497527737			Shopping_ads	season_off	
2497529870			Shopping_ads	season_off	
2497531074			Shopping_ads	season_off	
2497558916			Shopping_ads	season_off	
2497561422			Shopping_ads	season_off	
2497568481			Shopping_ads	season_off	
2497571243			Shopping_ads	season_off	
2497578101			Shopping_ads	season_off	
2497584787			Shopping_ads	season_off	
2497586995			Shopping_ads	season_off	
2497589128			Shopping_ads	season_off	
2497589804			Shopping_ads	season_off	
2498156391			Shopping_ads	season_off	
2498157291			Shopping_ads	season_off	
2498158257			Shopping_ads	season_off	
2498164004			Shopping_ads	season_off	
2498164382			Shopping_ads	season_off	
2498171843			Shopping_ads	season_off	
2498173587			Shopping_ads	season_off	
2498186499			Shopping_ads	season_off	
2498189139			Shopping_ads	season_off	
2498191205			Shopping_ads	season_off	
2498192888			Shopping_ads	ne_v_nayavnosti	
2498200687			Shopping_ads	season_off	
2498313014			Shopping_ads	season_off	
2498314285			Shopping_ads	season_off	
2498326072			Shopping_ads	season_off	
2498327516			Shopping_ads	season_off	
2498329143			Shopping_ads	season_off	
2498329625			Shopping_ads	ne_v_nayavnosti	
2498336846			Shopping_ads	ne_v_nayavnosti	
2498348540			Shopping_ads	season_off	
2498351340			Shopping_ads	season_off	
2498353243			Shopping_ads	season_off	
2498354663			Shopping_ads	season_off	
2498360991			Shopping_ads	season_off	
2498363938			Shopping_ads	season_off	
2498408364			Shopping_ads	season_off	
2498410704			Shopping_ads	season_off	
2498412374			Shopping_ads	season_off	
2498424208			Shopping_ads	season_off	
2498425848			Shopping_ads	season_off	
2498426395			Shopping_ads	season_off	
2498460802			Shopping_ads	season_off	
2498463991			Shopping_ads	season_off	
2498519701			Shopping_ads	season_off	
2498522707			Shopping_ads	season_off	
2498525639			Shopping_ads	season_off	
2498527569			Shopping_ads	season_off	
2498533510			Shopping_ads	season_off	
2498538101			Shopping_ads	season_off	
2498541836			Shopping_ads	season_off	
2499927280			Shopping_ads	season_off	
2499929409			Shopping_ads	season_off	
2499930148			Shopping_ads	season_off	
2499930894			Shopping_ads	season_off	
2499931516			Shopping_ads	season_off	
2499931915			Shopping_ads	season_off	
2499977054			Shopping_ads	season_off	
2499978369			Shopping_ads	season_off	
2499978898			Shopping_ads	season_off	
2499981663			Shopping_ads	season_off	
2499983300			Shopping_ads	season_off	
2499984410			Shopping_ads	season_off	
2499985892			Shopping_ads	season_off	
2499987985			Shopping_ads	season_off	
2499988737			Shopping_ads	season_off	
2499989329			Shopping_ads	season_off	
2499990204			Shopping_ads	season_off	
2499991121			Shopping_ads	season_off	
2499991662			Shopping_ads	season_off	
2504798502			Shopping_ads	ne_v_nayavnosti	
2509702819			Shopping_ads	season_off	
2511654018			Shopping_ads	ne_v_nayavnosti	
2511798202					prybutok
2537800811					prybutok
2545028814			Shopping_ads	season_off	
2545040435			Shopping_ads	season_off	
2545188053			Shopping_ads	season_off	
2545193244			Shopping_ads	season_off	
2545197578			Shopping_ads	season_off	
2545298035			Shopping_ads	season_off	
2545308361			Shopping_ads	ne_v_nayavnosti	
2545402993			Shopping_ads	season_off	
2545477780			Shopping_ads	season_off	
2545494625			Shopping_ads	season_off	
2547413287			Shopping_ads	season_off	
2547434278			Shopping_ads	season_off	
2547441856			Shopping_ads	season_off	
2547443751			Shopping_ads	season_off	
2547450557			Shopping_ads	ne_v_nayavnosti	
2547460900			Shopping_ads	season_off	
2548488215			Shopping_ads	season_off	
2548491875			Shopping_ads	season_off	
2548493396			Shopping_ads	ne_v_nayavnosti	
2548495206			Shopping_ads	season_off	
2549672323			Shopping_ads	ne_v_nayavnosti	
2549678409			Shopping_ads	season_off	
2549818572			Shopping_ads	season_off	
2551037777			Shopping_ads	season_off	
2551047736			Shopping_ads	season_off	
2551049280			Shopping_ads	season_off	
2551049702			Shopping_ads	season_off	
2552380110			Shopping_ads	season_off	
2552387445			Shopping_ads	season_off	
2552390153			Shopping_ads	season_off	
2552390973			Shopping_ads	season_off	
2552402390			Shopping_ads	season_off	
2552409815			Shopping_ads	season_off	
2554224012			Shopping_ads	season_off	
2554236196			Shopping_ads	season_off	prybutok
2555199714			Shopping_ads	season_off	
2555355404			Shopping_ads	season_off	
2555367931		ads_zero	Shopping_ads	season_off	
2555382411			Shopping_ads	season_off	
2555385534			Shopping_ads	season_off	
2555387825			Shopping_ads	season_off	prybutok
2555392525			Shopping_ads	season_off	
2555401168			Shopping_ads	season_off	
2555405759			Shopping_ads	season_off	prybutok
2555417209			Shopping_ads	season_off	
2555421201			Shopping_ads	season_off	
2555444970			Shopping_ads	season_off	
2555454461			Shopping_ads	season_off	prybutok
2555455537			Shopping_ads	season_off	
2555456122			Shopping_ads	season_off	
2555460275			Shopping_ads	season_off	
2555463993			Shopping_ads	season_off	
2555464219			Shopping_ads	season_off	
2555466709			Shopping_ads	season_off	prybutok
2555470289			Shopping_ads	season_off	
2555473143			Shopping_ads	season_off	
2555507408			Shopping_ads	season_off	prybutok
2555510375			Shopping_ads	season_off	
2555511581			Shopping_ads	season_off	prybutok
2555512627			Shopping_ads	season_off	
2555554452			Shopping_ads	season_off	
2555559887			Shopping_ads	season_off	
2555562327			Shopping_ads	season_off	
2555564434			Shopping_ads	season_off	
2555567668			Shopping_ads	season_off	prybutok
2555569619			Shopping_ads	season_off	
2555573516			Shopping_ads	season_off	
2555577680			Shopping_ads	season_off	
2555578010			Shopping_ads	season_off	
2555950752			Shopping_ads	season_off	
2555952494			Shopping_ads	season_off	
2555952787			Shopping_ads	season_off	
2555953850			Shopping_ads	season_off	prybutok
2555957592			Shopping_ads	ne_v_nayavnosti	prybutok
2555969506			Shopping_ads	season_off	prybutok
2555984141			Shopping_ads	season_off	stop
2556727033			Shopping_ads	season_off	stop
2556727970			Shopping_ads	season_off	
2556728442			Shopping_ads	season_off	
2556732363			Shopping_ads	season_off	stop
2556735527			Shopping_ads	season_off	
2556737986			Shopping_ads	season_off	stop
2556742579			Shopping_ads	season_off	
2556743472			Shopping_ads	ne_v_nayavnosti	stop
2556827312			Shopping_ads	ne_v_nayavnosti	
2560671214					prybutok
2567561055			Shopping_ads	ne_v_nayavnosti	
2571896029			Shopping_ads	ne_v_nayavnosti	prybutok
2572441711			Shopping_ads	season_off	
2572447503			Shopping_ads	season_off	
2572455332			Shopping_ads	ne_v_nayavnosti	
2572725418			Shopping_ads	ne_v_nayavnosti	
2572735532			Shopping_ads	season_off	
2572739817			Shopping_ads	season_off	
2572748808			Shopping_ads	season_off	
2572761742			Shopping_ads	season_off	
2572763350			Shopping_ads	season_off	
2572765739			Shopping_ads	season_off	
2572777181			Shopping_ads	season_off	
2572808665			Shopping_ads	season_off	
2572819635			Shopping_ads	season_off	
2572825401			Shopping_ads	season_off	prybutok
2572835586			Shopping_ads	season_off	
2572840149			Shopping_ads	ne_v_nayavnosti	
2572843604			Shopping_ads	ne_v_nayavnosti	
2572857665			Shopping_ads	season_off	
2573111819			Shopping_ads	season_off	
2573114704			Shopping_ads	season_off	
2573118895			Shopping_ads	season_off	
2573126608			Shopping_ads	season_off	
2573127128			Shopping_ads	season_off	
2573127661			Shopping_ads	season_off	prybutok
2573744093			Shopping_ads	season_off	prybutok
2573844741			Shopping_ads	season_off	
2573847537			Shopping_ads	season_off	
2573874528			Shopping_ads	season_off	
2573877541			Shopping_ads	season_off	
2573880167			Shopping_ads	season_off	
2573883713			Shopping_ads	season_off	
2573886672			Shopping_ads	season_off	
2573888474			Shopping_ads	season_off	
2573895669			Shopping_ads	season_off	
2573900820			Shopping_ads	season_off	
2573931580			Shopping_ads	season_off	
2574011935			Shopping_ads	season_off	
2574017397				ne_v_nayavnosti	stop
2574024381			Shopping_ads	season_off	
2574025748			Shopping_ads	season_off	
2574039181			Shopping_ads	season_off	
2574067152		ads_zero			
2574074365			Shopping_ads	season_off	
2574086647			Shopping_ads	season_off	
2574098904			Shopping_ads	season_off	prybutok
2574119512			Shopping_ads	season_off	
2574126184			Shopping_ads	season_off	
2574128520			Shopping_ads	ne_v_nayavnosti	
2574130032			Shopping_ads	season_off	
2574130342			Shopping_ads	season_off	
2574131433			Shopping_ads	season_off	
2574870469			Shopping_ads	season_off	
2575151234			Shopping_ads	ne_v_nayavnosti	
2575997604		ads_zero			
2576000647		ads_zero			
2576265859					prybutok
2576289712			Shopping_ads	season_off	
2576366802			Shopping_ads	season_off	
2576514329			Shopping_ads	season_off	
2576520430			Shopping_ads	season_off	
2576528180			Shopping_ads	season_off	
2576533026			Shopping_ads	season_off	
2576533889			Shopping_ads	season_off	
2576536564			Shopping_ads	season_off	
2576540684			Shopping_ads	season_off	
2576597256			Shopping_ads	season_off	
2576604982			Shopping_ads	season_off	
2576606952			Shopping_ads	season_off	
2576611907			Shopping_ads	season_off	
2576616887			Shopping_ads	season_off	
2576645492			Shopping_ads	season_off	
2577169942			Shopping_ads	season_off	
2577178239			Shopping_ads	season_off	
2577184958			Shopping_ads	season_off	
2577195282			Shopping_ads	ne_v_nayavnosti	
2577282984			Shopping_ads	season_off	
2577285448			Shopping_ads	season_off	
2577286072			Shopping_ads	season_off	prybutok
2577287266			Shopping_ads	season_off	
2577287521			Shopping_ads	season_off	prybutok
2577289556			Shopping_ads	season_off	prybutok
2577292366			Shopping_ads	season_off	
2577293242			Shopping_ads	season_off	
2577335265			Shopping_ads	season_off	
2577339011			Shopping_ads	season_off	prybutok
2577340440			Shopping_ads	season_off	
2577343273			Shopping_ads	season_off	
2577374213			Shopping_ads	season_off	
2577378840			Shopping_ads	season_off	prybutok
2577380168			Shopping_ads	season_off	
2577380773			Shopping_ads	season_off	prybutok
2577385546			Shopping_ads	season_off	
2577386298			Shopping_ads	season_off	
2577407951			Shopping_ads	season_off	prybutok
2577411943			Shopping_ads	season_off	
2577414929			Shopping_ads	season_off	prybutok
2577419173			Shopping_ads	season_off	
2577419433			Shopping_ads	season_off	
2578065907			Shopping_ads	season_off	
2578075105			Shopping_ads	season_off	
2578077124			Shopping_ads	season_off	
2578080240			Shopping_ads	season_off	
2578081578			Shopping_ads	season_off	
2578084019			Shopping_ads	season_off	
2578172434			Shopping_ads	season_off	prybutok
2578177928			Shopping_ads	season_off	
2578183171			Shopping_ads	ne_v_nayavnosti	prybutok
2578204569			Shopping_ads	season_off	
2578210281			Shopping_ads	season_off	
2578409096			Shopping_ads	season_off	
2578420055			Shopping_ads	season_off	
2578441518			Shopping_ads	season_off	
2578451799			Shopping_ads	season_off	
2579241731			Shopping_ads	season_off	
2579245835			Shopping_ads	season_off	
2579253054			Shopping_ads	season_off	
2579257504			Shopping_ads	season_off	
2579258916			Shopping_ads	season_off	
2579277291			Shopping_ads	season_off	
2579279072			Shopping_ads	season_off	
2579395630			Shopping_ads	ne_v_nayavnosti	
2579407414			Shopping_ads	season_off	
2579421718			Shopping_ads	season_off	
2579429003			Shopping_ads	ne_v_nayavnosti	
2579438651			Shopping_ads	season_off	
2579440035			Shopping_ads	season_off	
2579445800			Shopping_ads	season_off	
2579449446			Shopping_ads	season_off	
2579451282			Shopping_ads	season_off	
2579497025			Shopping_ads	season_off	
2579504366			Shopping_ads	season_off	
2579505308			Shopping_ads	season_off	
2579506093			Shopping_ads	season_off	
2579506769			Shopping_ads	season_off	
2579647264			Shopping_ads	season_off	
2579653353			Shopping_ads	season_off	
2579654676			Shopping_ads	season_off	
2579656326			Shopping_ads	season_off	
2580476021			Shopping_ads	season_off	
2580493489			Shopping_ads	season_off	
2580532267			Shopping_ads	season_off	
2580535625			Shopping_ads	season_off	
2580539485			Shopping_ads	season_off	prybutok
2580542488			Shopping_ads	season_off	
2580545625			Shopping_ads	season_off	prybutok
2580548723			Shopping_ads	season_off	
2580549702			Shopping_ads	season_off	
2580553326			Shopping_ads	season_off	
2581352306			Shopping_ads	season_off	
2581353113			Shopping_ads	season_off	
2581354766			Shopping_ads	ne_v_nayavnosti	
2581371064			Shopping_ads	ne_v_nayavnosti	
2581377938			Shopping_ads	season_off	
2581387076			Shopping_ads	season_off	
2581394403			Shopping_ads	season_off	
2581397385			Shopping_ads	season_off	
2581724211			Shopping_ads	season_off	
2581733621			Shopping_ads	season_off	
2581737385			Shopping_ads	season_off	
2581753163			Shopping_ads	season_off	
2581760941			Shopping_ads	season_off	
2583086745			Shopping_ads	season_off	
2583143574			Shopping_ads	season_off	
2583164897			Shopping_ads	season_off	
2583182838			Shopping_ads	season_off	prybutok
2583244624			Shopping_ads	season_off	
2584447901			Shopping_ads	season_off	
2584450726			Shopping_ads	season_off	
2584453623			Shopping_ads	season_off	
2584459815			Shopping_ads	season_off	
2584464574			Shopping_ads	season_off	
2584469091			Shopping_ads	season_off	
2584476036			Shopping_ads	season_off	stop
2584485997			Shopping_ads	ne_v_nayavnosti	
2584491723					prybutok
2584635018					prybutok
2584638976			Shopping_ads	season_off	prybutok
2587135911			Shopping_ads	ne_v_nayavnosti	
2587137604			Shopping_ads	ne_v_nayavnosti	
2587145070					prybutok
2587146492			Shopping_ads	ne_v_nayavnosti	
2587153888			Shopping_ads	ne_v_nayavnosti	
2587168982			Shopping_ads	ne_v_nayavnosti	
2587409234					prybutok
2587409331		ads_zero			
2587424089			Shopping_ads	season_off	
2587429415			Shopping_ads	season_off	
2594890769					prybutok
2594898456			Shopping_ads	ne_v_nayavnosti	
2594901966			Shopping_ads	ne_v_nayavnosti	
2595205864					prybutok
2595209385					prybutok
2595218306					prybutok
2595709055			Shopping_ads	ne_v_nayavnosti	
2595877068			Shopping_ads	ne_v_nayavnosti	
2595919425					prybutok
2596044118			Shopping_ads	season_off	
2596050442			Shopping_ads	season_off	
2596054565			Shopping_ads	season_off	
2596059108			Shopping_ads	ne_v_nayavnosti	
2598019427			Shopping_ads	ne_v_nayavnosti	
2598079651					prybutok
2598113928			Shopping_ads	season_off	
2598120755			Shopping_ads	season_off	
2598123545			Shopping_ads	season_off	
2598191374			Shopping_ads	ne_v_nayavnosti	
2600679779					prybutok
2600686186					prybutok
2600692178					prybutok
2600745275					prybutok
2601146916			Shopping_ads	ne_v_nayavnosti	
2602680790			Shopping_ads	ne_v_nayavnosti	
2602682846			Shopping_ads	ne_v_nayavnosti	
2602792051			Shopping_ads	ne_v_nayavnosti	
2602850408			Shopping_ads	ne_v_nayavnosti	
2603879373					prybutok
2603951181			Shopping_ads	ne_v_nayavnosti	
2603960008			Shopping_ads	ne_v_nayavnosti	
2604185019			Shopping_ads	ne_v_nayavnosti	
2604188531			Shopping_ads	ne_v_nayavnosti	
2605233500			Shopping_ads	ne_v_nayavnosti	
2605465097					prybutok
2605492163			Shopping_ads	ne_v_nayavnosti	
2605598806					prybutok
2605611336					prybutok
2605630301					prybutok
2605643426					prybutok
2608929276					prybutok
2608965440			Shopping_ads	ne_v_nayavnosti	
2609070403					prybutok
2609077318			Shopping_ads	ne_v_nayavnosti	
2609082896					prybutok
2611809512					prybutok
2611818978					prybutok
2611959026			Shopping_ads	ne_v_nayavnosti	
2611962893					prybutok
2611964791			Shopping_ads	ne_v_nayavnosti	
2612003639					prybutok
2612027134					prybutok
2612317126					prybutok
2613882900					prybutok
2618260601					prybutok
2618264432					prybutok
2618265716					prybutok
2618268200					prybutok
2618270507					prybutok
2618422333			Shopping_ads	ne_v_nayavnosti	
2620204979			Shopping_ads	ne_v_nayavnosti	
2620208870			Shopping_ads	ne_v_nayavnosti	
2625599295					prybutok
2625605500					prybutok
2625607314					prybutok
2626369374			Shopping_ads	ne_v_nayavnosti	
2628480450			Shopping_ads	ne_v_nayavnosti	
2629132315			Shopping_ads	ne_v_nayavnosti	
2633460057			Shopping_ads	ne_v_nayavnosti	
2633470211			Shopping_ads	ne_v_nayavnosti	
2633557861			Shopping_ads	ne_v_nayavnosti	
2633571905			Shopping_ads	ne_v_nayavnosti	
2633776856			Shopping_ads	ne_v_nayavnosti	
2633779912			Shopping_ads	ne_v_nayavnosti	
2637002471					prybutok
2637003826					prybutok
2637004346			Shopping_ads	ne_v_nayavnosti	
2639787694			Shopping_ads	ne_v_nayavnosti	
2639805924			Shopping_ads	ne_v_nayavnosti	
2640271868					prybutok
2643706502					prybutok
2643713999					prybutok
2643727608					prybutok
2643736074					prybutok
2643738602			Shopping_ads	ne_v_nayavnosti	
2643743176					prybutok
2643749826					prybutok
2643777552					prybutok
2643780712					prybutok
2644934898					stop
2644941624					prybutok
2644942116					prybutok
2644942445					prybutok
2644944550					prybutok
2644946417			Shopping_ads	ne_v_nayavnosti	
2646962260					prybutok
2647097337					prybutok
2647111502			Shopping_ads	ne_v_nayavnosti	
2647112017			Shopping_ads	ne_v_nayavnosti	
2647112564			Shopping_ads	ne_v_nayavnosti	
2647185060					prybutok
2647189806					prybutok
2647466669					prybutok
2647468436					prybutok
2652035639					prybutok
2652037959					prybutok
2652039493					prybutok
2652042003					prybutok
2652051422					prybutok
2652052678					prybutok
2652053773					prybutok
2652516584					prybutok
2652519860					prybutok
2652521722					prybutok
2655201009					prybutok
2655202798					prybutok
2674084229					prybutok
2674097947					prybutok
2675815383			Shopping_ads	ne_v_nayavnosti	
2680041384					stop
2689445109					prybutok
2689458808					prybutok
2712675464					prybutok
2726161385			Shopping_ads	ne_v_nayavnosti	
2726166354			Shopping_ads	ne_v_nayavnosti	
2765663657			Shopping_ads	ne_v_nayavnosti	
2765679423			Shopping_ads	ne_v_nayavnosti	
2770767850			Shopping_ads	ne_v_nayavnosti	prybutok
2790943556					prybutok
2806596936					prybutok
2806598397			Shopping_ads	ne_v_nayavnosti	
2817235013					prybutok
2817242725			Shopping_ads	ne_v_nayavnosti	
2817292963					prybutok
2817790041			Shopping_ads	ne_v_nayavnosti	
2898953870			Shopping_ads	ne_v_nayavnosti	
2898954545			Shopping_ads	ne_v_nayavnosti	
2898960360			Shopping_ads	ne_v_nayavnosti	
2898975455			Shopping_ads	season_off	
2898975772			Shopping_ads	season_off	
2898976537			Shopping_ads	season_off	
2899628182			Shopping_ads	ne_v_nayavnosti	
2899628446			Shopping_ads	ne_v_nayavnosti	
2902163325					prybutok
2907555515					prybutok
2907561382					prybutok
2907589637			Shopping_ads	ne_v_nayavnosti	
2909290733			Shopping_ads	ne_v_nayavnosti	
2912009548					prybutok
2912021106					prybutok
2919487042			Shopping_ads	ne_v_nayavnosti	
2919569524			Shopping_ads	ne_v_nayavnosti	
2922145118			Shopping_ads	season_off	
2922146298			Shopping_ads	season_off	
2922150706			Shopping_ads	season_off	prybutok
2922166091			Shopping_ads	season_off	
2922167292			Shopping_ads	season_off	
2922168845			Shopping_ads	season_off	
2922170730			Shopping_ads	season_off	
2922172325			Shopping_ads	season_off	
2922174036			Shopping_ads	season_off	
2922176325			Shopping_ads	season_off	
2925218731			Shopping_ads	ne_v_nayavnosti	
2925221186					prybutok
2925224707		ads_zero			
2925225918			Shopping_ads	ne_v_nayavnosti	
2925437922			Shopping_ads	ne_v_nayavnosti	
2929588164			Shopping_ads	season_off	
2929597197			Shopping_ads	season_off	
2929599785			Shopping_ads	season_off	
2929603261			Shopping_ads	season_off	
2929632721			Shopping_ads	season_off	prybutok
2929642349			Shopping_ads	ne_v_nayavnosti	
2930589385					prybutok
2930668189					stop
2930672318					stop
2934006232			Shopping_ads	ne_v_nayavnosti	
2934007370			Shopping_ads	ne_v_nayavnosti	
2934007531			Shopping_ads	ne_v_nayavnosti	
2934039552			Shopping_ads	ne_v_nayavnosti	
2934576252					prybutok
2934597305			Shopping_ads	season_off	
2934598784			Shopping_ads	season_off	
2934608496					prybutok
2934609110					prybutok
2934717331			Shopping_ads	season_off	
2934721202			Shopping_ads	season_off	
2934723344			Shopping_ads	season_off	
2934740150			Shopping_ads	season_off	
2934743357			Shopping_ads	season_off	
2934744640			Shopping_ads	season_off	
2934745981			Shopping_ads	ne_v_nayavnosti	
2934760732			Shopping_ads	ne_v_nayavnosti	
2934803364			Shopping_ads	ne_v_nayavnosti	
2934807332			Shopping_ads	ne_v_nayavnosti	
2934818047			Shopping_ads	ne_v_nayavnosti	
2936058257			Shopping_ads	ne_v_nayavnosti	
2936062862				ne_v_nayavnosti	
2936132541					prybutok
2936143188				ne_v_nayavnosti	
2938040479			Shopping_ads	ne_v_nayavnosti	
2938192606			Shopping_ads	ne_v_nayavnosti	
2957574549			Shopping_ads	ne_v_nayavnosti	
2957575561					prybutok
2957584052			Shopping_ads	ne_v_nayavnosti	
2957587237			Shopping_ads	season_off	
2957649367			Shopping_ads	season_off	
2957657165			Shopping_ads	ne_v_nayavnosti	
2957664253			Shopping_ads	season_off	
2957665313			Shopping_ads	season_off	
2957671449			Shopping_ads	season_off	
2957673547			Shopping_ads	season_off	
2957721160			Shopping_ads	season_off	
2957746135			Shopping_ads	season_off	
2957844631			Shopping_ads	ne_v_nayavnosti	
2957844845			Shopping_ads	ne_v_nayavnosti	
2957845212			Shopping_ads	ne_v_nayavnosti	
2960381345			Shopping_ads	ne_v_nayavnosti	
2960501820			Shopping_ads	ne_v_nayavnosti	
2960507725			Shopping_ads	ne_v_nayavnosti	
2960727161			Shopping_ads	ne_v_nayavnosti	
2960739750		ads_zero			
2960768784			Shopping_ads	ne_v_nayavnosti	
2960779144			Shopping_ads	ne_v_nayavnosti	
2962873004			Shopping_ads	ne_v_nayavnosti	
2964216915					prybutok
2964891189					prybutok
2970956514			Shopping_ads	ne_v_nayavnosti	
2970979023			Shopping_ads	ne_v_nayavnosti	
2973042235			Shopping_ads	ne_v_nayavnosti	
2973445860			Shopping_ads	season_off	
2973812428			Shopping_ads	ne_v_nayavnosti	
2974735394			Shopping_ads	ne_v_nayavnosti	
2977673877			Shopping_ads	ne_v_nayavnosti	
2977701523					prybutok
2980689853					prybutok
2980825798					prybutok
2983982316			Shopping_ads	ne_v_nayavnosti	
2985055137					prybutok
2985069957					prybutok
2985159392			Shopping_ads	season_off	
2985174489			Shopping_ads	ne_v_nayavnosti	
2986506322			Shopping_ads	ne_v_nayavnosti	
2986530625			Shopping_ads	ne_v_nayavnosti	
2986566249			Shopping_ads	season_off	
2986570034			Shopping_ads	season_off	
2986574195			Shopping_ads	season_off	
2986617414			Shopping_ads	ne_v_nayavnosti	
2986620616			Shopping_ads	season_off	
2986624789			Shopping_ads	season_off	
2986670381			Shopping_ads	ne_v_nayavnosti	
2986678144					prybutok
2986756680					prybutok
2994743484			Shopping_ads	ne_v_nayavnosti	
2994751129			Shopping_ads	ne_v_nayavnosti	
2995272660			Shopping_ads	ne_v_nayavnosti	
2996557536			Shopping_ads	ne_v_nayavnosti	
3012752673			Shopping_ads	season_off	
3028742716					prybutok
3031093202					prybutok
3031749372					prybutok
3031753713					prybutok
3031757878					prybutok
3031759655					prybutok
3031765163			Shopping_ads	ne_v_nayavnosti	
3032319943			Shopping_ads	ne_v_nayavnosti	
3033058850					prybutok
3033075104					prybutok
3034615956			Shopping_ads	season_off	prybutok
3042603265			Shopping_ads	ne_v_nayavnosti	
3043415057				ne_v_nayavnosti	
3043436397					prybutok
3044234595				ne_v_nayavnosti	stop
3048972765					prybutok
3048989618					prybutok
3048989632					prybutok
3053881115					prybutok
3053890963					prybutok
3055050899					prybutok
3063414274			Shopping_ads	season_off	
3088042668					prybutok
3091190768		ads_zero			prybutok
3091472317			Shopping_ads	ne_v_nayavnosti	
3091473697					stop
3091474854					prybutok
3091475813					prybutok
3092471139					prybutok
3125474986		ads_zero			
3131969010					prybutok
3131969018					prybutok
3131969040					prybutok
3131969079					prybutok
3131969097					prybutok
3131969103					prybutok
3131969113					prybutok
3131969117					prybutok
3131969155					prybutok
3131969157					prybutok
3131969178					stop
3131969184					prybutok
3131969202					cina
3131969214					prybutok
3131969221					prybutok
3131969222					prybutok
3131969245					prybutok
3131969307					stop
3131969340					prybutok
3131969348			Shopping_ads	ne_v_nayavnosti	stop
3131969383					prybutok
3131969401					stop
3131969411					prybutok
3131969428					prybutok
3131969429					prybutok
3131969438					prybutok
3131969442					prybutok
3131969445					prybutok
3131969474					prybutok
3131969496					prybutok
3131969529			Shopping_ads	ne_v_nayavnosti	
3131969592					prybutok
3131969606					prybutok
3131969609					prybutok
3131969610					prybutok
3131969616					prybutok
3131969618					prybutok
3131969620					prybutok
3131969621					prybutok
3131969630					prybutok
3131969640					prybutok
3131969641					prybutok
3131969652					stop
3131969689					prybutok
3131969690					prybutok
3131969701					stop
3143091217					prybutok
3157842590					prybutok
3157844136					prybutok
3157844462					prybutok
3168590633					prybutok
3168590634					prybutok
3168590635					prybutok
838872682			Shopping_ads	season_off	
894832576			Shopping_ads	season_off	
894842420			Shopping_ads	season_off	
894879669			Shopping_ads	season_off	
908055054			Shopping_ads	season_off	
908061995			Shopping_ads	season_off	
908235926			Shopping_ads	season_off	
908245678			Shopping_ads	season_off	prybutok
908251793			Shopping_ads	season_off	
908253579			Shopping_ads	season_off	
908851567			Shopping_ads	season_off	
908861739			Shopping_ads	ne_v_nayavnosti	
917855754			Shopping_ads	season_off	prybutok
917862356			Shopping_ads	season_off	
917994240					prybutok
958426139			Shopping_ads	season_off	
958457648			Shopping_ads	season_off	
959195062			Shopping_ads	season_off	
970773300			Shopping_ads	season_off	
970821452			Shopping_ads	ne_v_nayavnosti	prybutok
970835000			Shopping_ads	season_off	
975128497			Shopping_ads	season_off	
